category,make,model,model_year,gear,fuel_type,engine_cc,mileage_km,price
car,Suzuki,Alto,2015,Manual,Petrol,800,65000,1995000
pickup,Mahindra,Bolero,2007,Manual,Diesel,2500,45000,2050000
car,Suzuki,Maruti,2006,Manual,Petrol,800,89000,1090000
van,Mazda,Bongo,2001,Manual,Diesel,2000,285000,2390000
van,Nissan,Vanette,2003,Manual,Diesel,2200,285000,2300000
suv,Honda,Vezel Z Orange,2014,Automatic,Hybrid,1500,98950,4975000
car,Suzuki,Alto,2010,Manual,Petrol,800,63900,1675000
car,Nissan,Sunny,2000,Automatic,Petrol,1500,173000,2150000
pickup,Tata,207,2011,Manual,Diesel,3000,90000,1025000
van,Toyota,KR42,2005,Automatic,Diesel,2000,250000,3200000
car,Nissan,Cefiro,2001,Automatic,Petrol,2000,150000,1850000
suv,Honda,Vezel RS,2018,Automatic,Hybrid,1500,38900,8490000
car,Nissan,Tiida,2008,Automatic,Petrol,1500,101210,3200000
car,Suzuki,Maruti,2002,Manual,Petrol,800,74000,1075000
car,Suzuki,Celerio,2016,Automatic,Petrol,1000,51000,2450000
car,Toyota,Vitz,2008,Automatic,Petrol,1000,56000,3600000
car,Nissan,FB15 Ex Saloon,2001,Automatic,Petrol,1500,145000,2375000
car,Suzuki,Alto,2011,Manual,Petrol,800,99850,1720000
van,Nissan,Caravan,2007,Automatic,Diesel,3000,180000,2300000
car,Toyota,Axio WXB,2016,Automatic,Hybrid,1500,65000,6300000
van,Toyota,Noah,2001,Automatic,Diesel,1800,105000,4000000
car,Suzuki,Alto,2007,Manual,Petrol,800,68000,1530000
car,Suzuki,Maruti,2005,Manual,Petrol,800,40832,1075000
suv,Hyundai,Tuscon,2011,Automatic,Diesel,2000,140000,5300000
van,Toyota,KDH High Roof,2017,Automatic,Diesel,3000,71000,9475000
car,Suzuki,Wagon R,2015,Automatic,Hybrid,650,43353,2475000
car,Suzuki,Wagon R FZ,2017,Automatic,Hybrid,650,85000,3325000
pickup,Toyota,Hilux,2010,Manual,Diesel,3000,111000,4650000
car,Suzuki,Wagon R FX,2017,Automatic,Petrol,650,17203,3575000
van,Suzuki,Spacia,2017,Automatic,Hybrid,650,56000,3800000
car,Chery,QQ,2007,Manual,Petrol,800,102000,1050000
car,Toyota,Vitz,2015,Automatic,Petrol,1000,38000,4461000
suv,Kia,Sorento,2012,Automatic,Diesel,2200,129000,7850000
car,Suzuki,Alto,2015,Manual,Petrol,800,79800,2050000
van,Toyota,Noah,2003,Automatic,Diesel,2000,200000,3875000
car,Honda,Fit,2014,Automatic,Hybrid,1500,62000,3525000
car,Honda,Grace,2017,Automatic,Hybrid,1500,35000,5375000
car,Toyota,Tank,2017,Automatic,Petrol,1000,7000,5250000
car,Toyota,Axio,2015,Automatic,Hybrid,1500,85000,4950000
van,Nissan,Vanette,2009,Automatic,Diesel,1700,270000,3100000
van,Nissan,Clipper,2016,Automatic,Petrol,650,8500,2950000
pickup,Mahindra,Bolero,2011,Manual,Diesel,2500,252116,2700000
car,Suzuki,Alto Sport,2010,Manual,Petrol,800,162000,1575000
car,Suzuki,Wagon R FX,2017,Automatic,Petrol,650,48300,3275000
car,Tata,Indigo,2005,Manual,Petrol,1400,193000,1040000
car,Micro,Panda,2016,Manual,Petrol,1000,33000,1695000
van,Nissan,Caravan,2016,Manual,Diesel,2700,121100,6390000
car,Toyota,Prius 3rd Generation,2010,Automatic,Hybrid,1800,150000,3450000
car,Suzuki,Alto,2002,Manual,Petrol,650,71000,1300000
car,Suzuki,Alto,2015,Manual,Petrol,800,18654,2150000
car,Honda,Fit,2014,Automatic,Petrol,1300,27506,2500000
car,Suzuki,Swift,2007,Manual,Petrol,1300,150000,1975000
pickup,Mahindra,Bolero,2016,Manual,Diesel,1300,10450,2375000
car,Nissan,Sunny N17,2007,Manual,Petrol,1300,90100,2550000
car,Nissan,Sunny,2003,Automatic,Petrol,1500,260000,2250000
car,Nissan,Sunny,2001,Automatic,Petrol,1500,140000,1500000
car,Toyota,Passo,2011,Automatic,Petrol,1000,54008,2985000
car,Suzuki,Wagon R Stingray,2018,Automatic,Petrol,650,16800,3785000
suv,Honda,Vezel,2014,Automatic,Petrol,1500,97000,4350000
car,Suzuki,Alto,2015,Manual,Petrol,800,68000,2025000
pickup,Toyota,Hilux,2007,Manual,Diesel,2500,125000,6025000
car,Honda,Civic FD4,2012,Automatic,Hybrid,1500,47500,4875000
car,Honda,Fit GP5,2014,Automatic,Hybrid,1500,72000,3975000
van,Suzuki,Every,2015,Automatic,Petrol,650,42000,2400000
car,Kia,Rio,2001,Automatic,Petrol,1500,133886,1395000
car,Toyota,Axio,2014,Automatic,Petrol,1500,57000,5500000
van,Daihatsu,Hijet,2007,Automatic,Petrol,650,140000,2125000
car,Toyota,Vitz,2019,Automatic,Petrol,1000,3220,5975000
suv,Honda,Vezel,2016,Automatic,Hybrid,1500,30000,5590000
car,Toyota,Corolla 141,2008,Automatic,Petrol,1600,144500,3675000
car,Toyota,Premio,2012,Automatic,Petrol,1500,37303,6500000
suv,Hyundai,Santa Fe,2006,Automatic,Petrol,2500,110000,2385000
car,Toyota,Vitz,2005,Automatic,Petrol,1000,70000,3150000
van,Toyota,Noah KR42,2002,Manual,Diesel,2800,239000,3850000
car,Toyota,Tank,2017,Automatic,Petrol,1000,18990,5695000
van,Nissan,Caravan,2007,Automatic,Diesel,3000,211000,4250000
car,Honda,Grace EX,2015,Automatic,Hybrid,1500,78000,4895000
van,Suzuki,Every,2007,Automatic,Petrol,650,123450,2435000
suv,Toyota,RAV4,2003,Automatic,Petrol,2000,156000,3150000
car,Honda,Fit GP1,2012,Automatic,Petrol,1300,86000,3385000
van,Toyota,KDH 201,2010,Automatic,Diesel,3000,108210,7650000
car,Suzuki,Alto 800 LXI,2011,Manual,Petrol,800,125000,1690000
suv,Nissan,X-Trail,2004,Manual,Diesel,2200,120060,3750000
car,Mahindra,KUV 100,2019,Manual,Petrol,1200,73,3250000
pickup,Toyota,Hilux Vigo,2008,Automatic,Diesel,3000,130000,5725000
car,Micro,MX 7,2015,Manual,Petrol,1500,59000,1995000
suv,Honda,Vezel Z Orange,2014,Automatic,Hybrid,1500,81000,4925000
car,Suzuki,Wagon R FZ,2018,Automatic,Petrol,650,41000,3300000
car,Suzuki,Wagon R,2018,Automatic,Petrol,650,30000,3400000
car,Honda,Fit GP1,2013,Automatic,Hybrid,1300,78000,3295000
car,Nissan,Tiida,2007,Automatic,Petrol,1500,102000,2875000
van,Daihatsu,Hijet,2007,Manual,Petrol,650,130000,1695000
car,Suzuki,Alto,2017,Manual,Petrol,800,37000,2050000
suv,Honda,Vezel RS,2016,Automatic,Petrol,1500,40000,6690000
car,Toyota,Allion 260,2008,Automatic,Petrol,1500,159000,4980000
car,Suzuki,Alto,2007,Manual,Petrol,800,147000,1400000
car,Suzuki,Wagon R FX,2016,Automatic,Hybrid,650,42000,2425000
van,Toyota,KDH Dark Prime,2017,Automatic,Diesel,3000,26980,11880000
car,Toyota,Vitz,2000,Automatic,Petrol,1000,115000,2300000
car,Suzuki,Alto 800,2015,Manual,Petrol,800,49500,1890000
pickup,Mahindra,Bolero,2017,Manual,Diesel,2500,4300,1975000
van,Toyota,Hiace KDH 201 GL,2010,Automatic,Diesel,2800,200000,5800000
pickup,Toyota,Hilux Vigo,2010,Manual,Diesel,2800,112000,4550000
car,Nissan,N16,2001,Automatic,Petrol,1600,140000,2275000
van,Toyota,KDH 223,2015,Automatic,Diesel,3000,72000,8550000
car,Tata,Indica,2004,Manual,Petrol,1400,150000,1050000
car,Suzuki,Alto,2015,Manual,Petrol,800,70000,1775000
van,Suzuki,Every DA17,2017,Automatic,Petrol,650,79000,3390000
car,Toyota,Prius 3rd Genaration,2010,Automatic,Hybrid,1800,129000,3675000
car,Toyota,Axio Fielder,2015,Automatic,Petrol,1500,60568,4375000
car,Nissan,March,2007,Automatic,Petrol,1300,80000,2490000
van,Daihatsu,Hijet,2000,Manual,Petrol,650,180050,1595000
car,Hyundai,Accent,2001,Manual,Petrol,1500,125000,1265000
suv,Suzuki,Grand Vitara,2000,Manual,Petrol,2000,180000,2425000
car,Nissan,EX Saloon,2004,Automatic,Petrol,1500,190000,2175000
car,Toyota,Prius,2012,Automatic,Petrol,1800,129000,4150000
car,Suzuki,Maruti,2011,Manual,Petrol,800,31000,1360000
suv,Kia,Sorento,2011,Automatic,Petrol,2400,113000,6300000
car,Suzuki,Wagon R Stingray,2017,Automatic,Petrol,650,19500,3095000
car,Toyota,Corolla 121,2004,Automatic,Petrol,1500,154000,3725000
van,Suzuki,Every,2007,Automatic,Petrol,650,99000,2350000
van,Daihatsu,Hijet,2015,Automatic,Petrol,650,150377,2675000
car,Toyota,Vitz,2017,Automatic,Petrol,1000,28000,4700000
car,Hyundai,Trajet,2000,Automatic,Petrol,2000,170000,1700000
car,Toyota,Prius,2018,Automatic,Petrol,1800,145100,8500000
van,Mitsubishi,Mini Cab,2014,Automatic,Petrol,650,63000,2600000
car,Toyota,Prius 3rd Generation,2012,Automatic,Hybrid,1800,194000,4200000
car,Suzuki,Wagon R Stingray,2018,Automatic,Petrol,650,28000,3775000
car,Suzuki,Alto K10,2016,Manual,Petrol,1000,66400,2270000
car,Nissan,Leaf,2014,Automatic,Electric,70,45000,1875000
van,Suzuki,Spacia,2016,Automatic,Hybrid,650,56000,3650000
car,Toyota,Prius W,2009,Automatic,Hybrid,1800,153000,3265000
car,Suzuki,Alto,2015,Manual,Petrol,800,58000,1850000
car,Suzuki,Alto 800 LXI,2011,Manual,Petrol,800,180000,1580000
car,Suzuki,Wagon R FZ,2015,Automatic,Hybrid,650,85000,2975000
car,Suzuki,Wagon R FX,2016,Automatic,Hybrid,650,39000,2650000
car,Hyundai,Sonata,2007,Automatic,Petrol,2000,94156,2195000
car,Suzuki,Wagon R Stingray,2018,Automatic,Hybrid,650,47000,3590000
car,Toyota,Prius S Touring,2011,Automatic,Hybrid,1800,84500,3900000
car,Suzuki,Estilo,2011,Manual,Petrol,1000,84000,1925000
car,Suzuki,Alto,2007,Manual,Petrol,800,120000,1360000
car,Tata,Nano,2015,Manual,Petrol,650,35000,1250000
car,Toyota,Premio,2017,Automatic,Petrol,1500,57000,8790000
car,Chery,QQ,2007,Manual,Petrol,800,56000,960000
van,Suzuki,Every,2016,Automatic,Petrol,650,92000,2900000
car,Toyota,Allion,2013,Automatic,Petrol,1500,102000,5100000
suv,Honda,Vezel,2015,Automatic,Petrol,1500,85000,5290000
car,Suzuki,Alto,2015,Manual,Petrol,800,100000,1785000
car,Suzuki,Maruti,2006,Manual,Petrol,800,99000,1175000
car,Toyota,Prius,2008,Automatic,Hybrid,1800,90000,3010000
car,Toyota,Vitz,2016,Automatic,Petrol,1000,44000,4750000
car,Honda,Fit Shuttle,2014,Automatic,Hybrid,1300,118000,4300000
car,Suzuki,Swift,2008,Automatic,Petrol,1300,139800,2625000
car,Suzuki,Maruti,2011,Manual,Petrol,800,46000,1250000
car,Toyota,Vitz F,2017,Automatic,Petrol,1000,38425,4895000
car,Toyota,Premio,2018,Automatic,Petrol,1500,9000,8835000
car,Suzuki,Maruti 800,2008,Manual,Petrol,800,96000,1150000
car,Suzuki,Alto K10,2012,Manual,Petrol,1000,60700,1640000
car,Toyota,Axio WXB,2019,Automatic,Petrol,1500,25000,6400000
car,Tata,Nano,2011,Manual,Petrol,650,80000,895000
car,Suzuki,Alto,2015,Manual,Petrol,800,42500,1825000
car,Toyota,Vitz Edition 3,2019,Automatic,Petrol,1000,1611,5675000
car,Suzuki,Wagon R FX,2018,Automatic,Petrol,650,39000,3325000
car,Honda,Fit Aria,2003,Automatic,Petrol,1300,85000,2790000
car,Suzuki,Wagon R FZ,2017,Automatic,Hybrid,650,42000,3475000
car,Honda,N Box,2016,Automatic,Petrol,650,39000,3765000
car,Tata,Indica V2,2015,Manual,Petrol,1300,31000,1665000
car,Honda,Grace EX,2015,Automatic,Hybrid,1500,20000,5400000
suv,Honda,Vezel Z Orange,2014,Automatic,Petrol,1500,53500,5275000
car,Suzuki,Maruti Zen,2006,Manual,Petrol,1000,140000,1240000
car,Toyota,Vitz,2016,Automatic,Petrol,1000,33000,4600000
van,Suzuki,Every,2016,Automatic,Petrol,650,24500,3750000
car,Nissan,March K11,2001,Automatic,Petrol,1000,145000,1850000
car,Toyota,Passo,2008,Automatic,Petrol,1000,93000,2175000
car,Tata,Nano,2012,Manual,Petrol,650,84824,840000
suv,Mitsubishi,Montero,2000,Automatic,Petrol,3500,134007,6500000
van,Nissan,Vanette,2003,Manual,Diesel,2200,257000,2830000
car,Suzuki,Maruti Zen,2005,Manual,Petrol,1000,123741,1375000
car,Toyota,Passo,2015,Automatic,Petrol,1000,62000,3675000
car,Toyota,Vitz,2003,Automatic,Petrol,1000,180000,2550000
van,Toyota,KDH TRH GL,2012,Automatic,Petrol,2000,105000,6550000
car,Suzuki,Swift,2004,Automatic,Petrol,1300,108000,2450000
car,Suzuki,Maruti,2005,Manual,Petrol,800,58600,1075000
car,Mitsubishi,Lancer,2008,Automatic,Petrol,1500,116000,3650000
car,Suzuki,Alto 800 LXI,2015,Manual,Petrol,800,55000,1875000
car,Toyota,Axio G Grade,2016,Automatic,Hybrid,1500,75000,5890000
car,Suzuki,Wagon R Stingray,2018,Automatic,Petrol,650,19800,3650000
car,Suzuki,Wagon R FZ,2017,Automatic,Hybrid,650,55000,2800000
car,Suzuki,Wagon R FX,2017,Automatic,Petrol,650,13000,2765000
car,Toyota,Prius,2016,Automatic,Hybrid,1800,46000,8800000
car,Suzuki,Maruti 800,2011,Manual,Petrol,800,60000,1295000
car,Toyota,Passo,2010,Automatic,Petrol,1000,101150,3275000
car,Suzuki,Maruti 800,2004,Manual,Petrol,800,85000,985000
car,Hyundai,Accent,2001,Manual,Petrol,1500,80000,1190000
car,Tata,Indigo,2004,Manual,Petrol,1400,135000,1050000
van,Micro,MPV,2013,Manual,Petrol,1000,49500,1050000
car,Suzuki,Wagon R,2017,Automatic,Petrol,650,53000,2675000
van,Hyundai,H100,2000,Manual,Diesel,2600,255000,1890000
van,Toyota,Townace KR42,2002,Automatic,Petrol,1800,305000,3165000
car,Toyota,Vitz,2009,Automatic,Petrol,1000,99000,2890000
pickup,Mahindra,Bolero,2018,Manual,Diesel,2500,24123,2395000
car,Toyota,Passo,2007,Automatic,Petrol,1000,135000,2450000
van,Nissan,Super GL,2000,Automatic,Petrol,3000,198000,4700000
car,Suzuki,Alto,2010,Manual,Petrol,800,97000,1625000
car,Suzuki,Alto,2015,Manual,Petrol,800,25000,1950000
car,Toyota,Prius,2013,Automatic,Petrol,1800,130000,4300000
car,Suzuki,Ignis,2016,Automatic,Petrol,1300,43000,4350000
car,Suzuki,Wagon R Stingray,2015,Automatic,Hybrid,650,60000,2925000
car,Suzuki,Alto Japan,2017,Automatic,Petrol,650,60000,2650000
car,Micro,Panda,2014,Manual,Petrol,1000,55000,1425000
suv,Mitsubishi,Outlander,2013,Automatic,Petrol,2000,76000,7900000
car,Nissan,N16,2000,Automatic,Petrol,2900,125000,2300000
van,Toyota,Noah,2014,Automatic,Hybrid,1800,36000,7299500
car,Micro,Geely MX7,2012,Manual,Petrol,1500,120000,1600000
suv,Nissan,X-Trail,2016,Automatic,Hybrid,2000,38000,7100000
van,Suzuki,Every,2002,Manual,Petrol,1300,132000,1600000
van,Suzuki,Spacia,2016,Automatic,Petrol,650,96000,1175000
car,Suzuki,Alto K10,2015,Manual,Petrol,1000,55000,2100000
car,Honda,Grace,2015,Automatic,Hybrid,1500,87000,4765000
car,Suzuki,Wagon R Stingray,2014,Automatic,Hybrid,650,51000,2900000
car,Nissan,N16,2003,Automatic,Petrol,1400,161000,2300000
car,Toyota,Soluna,2000,Manual,Petrol,1500,125000,1650000
car,Toyota,Prius,2012,Automatic,Hybrid,1800,166000,4200000
car,Suzuki,800,2006,Manual,Petrol,800,81000,1085000
van,Toyota,Noah,2003,Automatic,Diesel,2100,275000,4300000
car,Suzuki,Swift,2005,Automatic,Petrol,1300,109000,2450000
car,Honda,Fit Shuttle,2014,Automatic,Hybrid,1300,105000,4450000
car,Suzuki,Maruti 800,2005,Manual,Petrol,800,65800,1050000
car,Hyundai,Accent,2004,Manual,Petrol,1300,165000,1375000
car,Toyota,Tank,2017,Automatic,Petrol,1000,27000,4975000
car,Micro,Panda,2018,Manual,Petrol,1000,22000,1850000
car,Hyundai,Eon,2015,Manual,Petrol,800,42000,2000000
car,Toyota,Premio G Superior,2018,Automatic,Petrol,1500,14500,10550000
car,Tata,Nano,2012,Manual,Petrol,650,88064,850000
suv,Honda,Vezel Z Grade,2014,Automatic,Hybrid,1500,82724,4775000
car,Mazda,Axela,2008,Automatic,Petrol,1500,140000,3350000
car,Toyota,Allion 260,2010,Automatic,Petrol,1500,125000,5500000
car,Perodua,Kelisa,2006,Automatic,Petrol,1000,90026,1760000
car,Tata,Nano Twist,2017,Automatic,Petrol,650,33000,1550000
car,Suzuki,Maruti,2005,Manual,Petrol,800,68600,850000
car,Toyota,Axio,2015,Automatic,Hybrid,1500,56000,4650000
van,Nissan,Vanette,2011,Automatic,Petrol,1600,180000,3950000
car,Toyota,Prius,2011,Automatic,Petrol,1800,59000,3800000
car,Mazda,BJ5P,2000,Automatic,Petrol,1500,142000,1850000
car,Suzuki,Wagon R FX,2017,Automatic,Petrol,650,33000,3150000
car,Suzuki,Alto,2004,Manual,Petrol,650,139000,1500000
car,Toyota,Vitz,2016,Automatic,Petrol,1000,27860,3975000
suv,Honda,CRV,2006,Automatic,Petrol,2000,130500,4590000
car,Suzuki,Alto,2015,Manual,Petrol,800,32000,2000000
car,Suzuki,Alto Japan,2003,Automatic,Petrol,650,87000,1860000
car,Suzuki,Wagon R FZ,2018,Automatic,Hybrid,650,15000,3175000
car,Nissan,Sunny Super Saloon,2004,Manual,Petrol,1600,148000,2225000
car,Suzuki,Wagon R,2018,Automatic,Petrol,650,30000,3120000
car,Nissan,March,2001,Automatic,Petrol,1000,160300,1900000
car,Honda,Fit GP1,2013,Automatic,Petrol,1300,99000,3025000
car,Suzuki,Wagon R FZ,2014,Automatic,Petrol,650,18000,3465000
car,Toyota,Vitz,2018,Automatic,Petrol,1000,16500,4925000
van,Toyota,Dolphin,2000,Automatic,Diesel,2000,330000,3950000
car,Suzuki,Wagon R,2017,Automatic,Petrol,650,43800,2875000
car,Honda,Fit Shuttle,2014,Automatic,Hybrid,1300,91000,3475000
car,Suzuki,Swift Beetle,2009,Automatic,Petrol,1500,90000,3400000
suv,Honda,Vezel RS Sensing,2016,Automatic,Hybrid,1500,58000,6990000
van,Suzuki,Spacia,2015,Automatic,Hybrid,650,40000,3610000
car,Suzuki,Hustler,2015,Automatic,Petrol,650,71600,3150000
car,Toyota,Vitz,2018,Automatic,Petrol,1000,19000,5550000
car,Suzuki,Wagon R Stingray,2014,Automatic,Petrol,650,52777,2925000
car,Toyota,Axio,2014,Automatic,Petrol,1500,80000,4750000
car,Toyota,Allion,2013,Automatic,Petrol,1500,71000,6650000
car,Suzuki,Alto 800 LXI,2015,Manual,Petrol,800,59000,1970000
car,Toyota,Vitz,2010,Automatic,Petrol,1000,80000,3450000
car,Honda,Insight,2009,Automatic,Hybrid,1300,145000,2925000
pickup,Toyota,Hilux,2018,Automatic,Diesel,2800,11880,16200000
pickup,Nissan,Navara,2012,Manual,Diesel,2500,130000,3450000
car,Toyota,Premio,2007,Automatic,Petrol,1500,121000,5550000
car,Suzuki,Alto,2015,Manual,Petrol,800,67000,1775000
van,Suzuki,Spacia,2016,Automatic,Hybrid,650,50187,3250000
car,Toyota,Prius,2007,Automatic,Hybrid,1800,147000,2675000
car,Toyota,Vitz,2016,Automatic,Petrol,1000,40950,4475000
suv,Honda,Vezel,2017,Automatic,Hybrid,1500,49500,7118900
car,Suzuki,Swift Center Antenna,2004,Automatic,Petrol,1300,130000,2190000
car,Suzuki,Alto,2015,Manual,Petrol,800,46000,2045000
car,Suzuki,Alto,2017,Manual,Petrol,800,40000,2400000
van,Toyota,KDH 200 Super GL,2006,Automatic,Diesel,2500,125060,7300000
van,Toyota,KDH 201 Super GL,2011,Automatic,Diesel,3000,75690,7950000
car,Toyota,Axio G Grade,2014,Automatic,Petrol,1500,79589,4500000
car,Suzuki,Alto,2013,Manual,Petrol,800,90000,1745000
car,Toyota,Axio,2008,Automatic,Petrol,1500,111000,3850000
car,Nissan,March K11,2000,Automatic,Petrol,1000,161000,1795000
car,Suzuki,Alto,2015,Manual,Petrol,800,47000,1775000
car,Toyota,Vitz,2015,Automatic,Petrol,1000,40000,4425000
car,Toyota,Vitz,2016,Automatic,Petrol,1000,56000,4650000
car,Toyota,Prius,2008,Automatic,Hybrid,1800,110000,2950000
car,Suzuki,Alto,2016,Automatic,Petrol,650,67000,2890000
car,Honda,Fit GP5,2015,Automatic,Hybrid,1500,52000,4575000
car,Suzuki,Wagon R,2014,Automatic,Petrol,650,46000,2550000
van,Nissan,Clipper NV100,2016,Automatic,Petrol,650,21000,2775000
car,Honda,Fit GP1,2013,Automatic,Hybrid,1300,82000,3650000
car,Honda,Fit GP1,2013,Automatic,Hybrid,1300,57000,3550000
car,Toyota,Axio,2015,Automatic,Petrol,1500,41000,5300000
car,Mazda,BJ5P,2000,Manual,Petrol,1500,112000,1885000
car,Toyota,Aqua,2013,Automatic,Hybrid,1500,82500,3100000
car,Mazda,6,2014,Automatic,Petrol,2000,76000,6475000
car,Toyota,Premio,2011,Automatic,Petrol,1500,154000,6150000
car,Suzuki,Maruti,2006,Manual,Petrol,800,84000,1300000
car,Honda,Fit Aria,2011,Automatic,Petrol,1500,14000,3480000
car,Toyota,Premio,2007,Automatic,Petrol,1500,159000,5200000
car,Suzuki,Wagon R,2018,Automatic,Petrol,650,45000,3000000
car,Suzuki,Wagon R FZ,2017,Automatic,Hybrid,650,44000,3500000
van,Nissan,Clipper,2014,Automatic,Petrol,650,60000,3500000
van,Suzuki,Every,2014,Automatic,Petrol,650,32000,2475000
car,Suzuki,Alto,2015,Manual,Petrol,800,43500,1960000
car,Toyota,Corolla 121,2002,Manual,Petrol,1500,154000,2585000
car,Micro,Trend,2010,Automatic,Petrol,1000,43000,1395000
car,Toyota,Corolla Axio,2015,Automatic,Hybrid,1500,85000,4700000
car,Suzuki,Alto,2017,Manual,Petrol,800,98000,2300000
car,Nissan,Leaf G Grade,2015,Automatic,Electric,70,55000,2690000
car,Suzuki,A-Star,2011,Manual,Petrol,1000,105000,2000000
van,Suzuki,Omni,2005,Manual,Petrol,800,89600,1065000
suv,Zotye,Nomad,2008,Manual,Petrol,1300,37000,2400000
suv,Mitsubishi,Montero Sport,2012,Automatic,Diesel,2500,132000,7550000
car,Toyota,Premio,2007,Automatic,Petrol,1500,125000,4690000
car,Toyota,Corolla 110,2000,Automatic,Petrol,1300,135000,2175000
car,Honda,Fit GP1,2012,Automatic,Hybrid,1300,78000,3690000
car,Honda,Fit GP1,2011,Automatic,Hybrid,1300,78000,3025000
car,Suzuki,Estilo,2010,Manual,Petrol,1000,45000,1750000
car,Suzuki,Wagon R Stingray,2016,Automatic,Hybrid,650,80400,3025000
car,Toyota,Aqua,2014,Automatic,Petrol,1500,70000,3950000
car,Micro,MX 7 Geely,2014,Manual,Petrol,1500,95000,1950000
car,Mazda,Familia,2001,Automatic,Petrol,1300,147000,1825000
car,Suzuki,Maruti,2004,Manual,Petrol,800,103300,950000
suv,Honda,Vezel,2016,Automatic,Hybrid,1500,65000,6475000
car,Toyota,Vitz KSP90,2007,Automatic,Petrol,1000,93000,3085000
car,Tata,Indigo,2005,Manual,Petrol,1400,135000,1200000
car,Toyota,Vios,2003,Manual,Petrol,1500,160000,2650000
suv,Mitsubishi,Outlander,2015,Automatic,Hybrid,2000,77000,9800000
car,Nissan,Leaf,2012,Automatic,Electric,80,33500,1500000
car,Suzuki,Wagon R Stingray,2015,Automatic,Petrol,650,45300,2795000
car,Suzuki,Alto,2015,Manual,Petrol,800,42000,1955000
car,Honda,Fit GP1,2012,Automatic,Hybrid,1300,65000,3385000
car,Suzuki,Alto,2015,Manual,Petrol,800,47000,1935000
van,Toyota,KDH Dark Prime,2015,Automatic,Diesel,3000,62000,8475000
car,Tata,Indica,2015,Manual,Petrol,1200,111111,1575000
van,Toyota,Dolphin,2000,Manual,Diesel,2800,300000,4750000
car,Suzuki,Alto,2003,Automatic,Petrol,650,150000,1875000
car,Suzuki,Maruti 800,2010,Manual,Petrol,800,60000,1275000
car,Nissan,Bluebird,2000,Automatic,Petrol,1500,250000,2500000
car,Suzuki,Alto,2015,Manual,Petrol,800,78000,1740000
suv,Micro,Rexton,2008,Automatic,Diesel,2700,110000,4100000
car,Honda,Fit GP5,2014,Automatic,Hybrid,1500,98900,4250000
car,Suzuki,Swift,2003,Manual,Petrol,1300,103600,2175000
car,Honda,Fit Shuttle,2012,Automatic,Hybrid,1300,137000,3485000
car,Toyota,Allion 240,2003,Automatic,Petrol,1500,198000,3900000
van,Toyota,KDH 200,2006,Automatic,Diesel,3800,120000,6395000
car,Suzuki,Wagon R FZ,2015,Automatic,Petrol,650,90000,2875000
car,Nissan,Sunny Super Saloon,2001,Automatic,Petrol,1500,110000,2400000
car,Toyota,Prius,2016,Automatic,Petrol,1800,59966,6500000
suv,Mitsubishi,Outlander,2014,Automatic,Hybrid,2000,71000,7350000
car,Suzuki,Wagon R FZ,2016,Automatic,Petrol,650,47000,2990000
suv,Kia,Sportage,2000,Manual,Diesel,2000,257000,2575000
car,Kia,Spectra,2004,Manual,Petrol,1600,126500,1100000
car,Toyota,Avanza,2014,Automatic,Petrol,1500,61000,5250000
pickup,Toyota,Hilux Vigo,2010,Manual,Diesel,2500,195000,4550000
car,Suzuki,Wagon R Stingray,2018,Automatic,Petrol,650,48000,3700000
car,Toyota,Premio,2007,Automatic,Petrol,1500,172000,4950000
car,Toyota,Prius,2010,Automatic,Hybrid,1800,86789,3860000
van,Toyota,KDH 201 Super GL,2017,Automatic,Diesel,3000,33000,11700000
van,Toyota,Noah KR42,2000,Manual,Diesel,1800,170000,3500000
car,Toyota,Axio,2018,Automatic,Petrol,1500,38000,7700000
car,Daihatsu,Move,2019,Automatic,Petrol,650,2400,4295000
car,Toyota,Premio,2019,Automatic,Petrol,1500,12000,10200000
suv,Honda,CRV,2018,Automatic,Petrol,1500,6300,14000000
car,Nissan,Cefiro,2000,Automatic,Petrol,2000,91000,1890000
car,Renault,KWID,2016,Manual,Petrol,800,69000,1795000
car,Toyota,Passo,2017,Automatic,Petrol,1000,32000,4275000
car,Kia,Spectra,2016,Automatic,Petrol,1600,70000,3550000
car,Toyota,Prius,2010,Automatic,Hybrid,1800,124000,2850000
car,Suzuki,Maruti 800,2006,Manual,Petrol,800,77000,1030000
car,Honda,Fit GP5,2014,Automatic,Hybrid,1500,101000,4100000
car,Suzuki,Alto 800 LXI,2015,Manual,Petrol,800,64000,1850000
van,Toyota,KDH TRH GL,2018,Automatic,Petrol,2000,85500,8650000
car,Nissan,March K11,2000,Manual,Petrol,1000,210500,1850000
car,Toyota,Allion,2002,Automatic,Petrol,1800,146000,3325000
car,Chevrolet,Cruze,2003,Automatic,Petrol,1300,150000,2120000
car,Honda,N Box,2015,Automatic,Petrol,650,72000,3400000
van,Suzuki,Every,2016,Automatic,Petrol,650,32000,3100000
car,Suzuki,Wagon R FZ,2014,Automatic,Hybrid,650,25381,2700000
car,Toyota,Vios,2003,Automatic,Petrol,1500,99000,2500000
car,Hyundai,Eon,2015,Manual,Petrol,800,38100,2230000
car,Toyota,Vitz,2007,Automatic,Petrol,1000,87000,3150000
car,Suzuki,Wagon R,2017,Automatic,Petrol,650,27000,2895000
car,Honda,Fit GP1,2012,Automatic,Hybrid,1300,60000,3425000
car,Tata,Nano Twist,2017,Automatic,Petrol,650,7000,1395000
car,Hyundai,Accent,2001,Manual,Petrol,1300,160000,1350000
van,Toyota,KR42,2002,Automatic,Petrol,2000,75000,3800000
car,Tata,Indigo,2009,Manual,Petrol,1300,68000,1470000
car,Toyota,Axio G Grade,2007,Manual,Petrol,1500,146000,3800000
car,Honda,Freed,2013,Automatic,Hybrid,1500,112000,4075000
car,Toyota,Aqua,2013,Automatic,Hybrid,1500,98000,3375000
car,Suzuki,Wagon R,2017,Automatic,Petrol,650,29450,3550000
car,Suzuki,Maruti,2011,Manual,Petrol,800,55630,1275000
car,Renault,KWID,2016,Manual,Petrol,800,58000,1750000
van,Suzuki,Every,2012,Automatic,Petrol,650,57000,3225000
car,Suzuki,Swift,2004,Automatic,Petrol,1300,144900,2510000
car,Kia,Rio,2001,Manual,Petrol,1400,172800,1400000
car,Nissan,March K12,2007,Automatic,Petrol,1300,104000,2490000
car,Mitsubishi,Ek Wagon,2019,Automatic,Petrol,650,520,3950000
car,Honda,Civic,2018,Automatic,Petrol,1000,19000,8000000
car,Toyota,Premio,2017,Automatic,Petrol,1500,56000,9385000
car,Daihatsu,Mira,2003,Automatic,Petrol,650,135940,1475000
pickup,Mitsubishi,L200 Sportero,2014,Manual,Diesel,2400,138467,6600000
car,Suzuki,Wagon R Stingray,2018,Automatic,Petrol,650,10000,3425000
car,Toyota,Vitz,2017,Automatic,Petrol,1000,40000,4800000
car,Toyota,Aqua G Grade,2013,Automatic,Hybrid,1500,74600,3375000
car,Suzuki,Swift,2008,Automatic,Petrol,1300,58700,3000000
car,Tata,Nano,2016,Automatic,Petrol,650,55000,1350000
car,Suzuki,Alto,2011,Manual,Petrol,800,48000,1590000
car,Chery,QQ,2011,Manual,Petrol,800,62000,1025000
car,Toyota,Allion 240,2007,Automatic,Petrol,1500,143000,4675000
car,Suzuki,Swift,2005,Automatic,Petrol,1300,135000,2475000
car,Toyota,Allion,2013,Automatic,Petrol,1500,120000,6400000
car,Honda,Fit Shuttle,2013,Automatic,Hybrid,1300,143000,4500000
car,Suzuki,Swift,2009,Automatic,Petrol,1200,52000,3500000
van,Suzuki,Every,2016,Automatic,Petrol,650,80000,3475000
car,Suzuki,Celerio VXI,2015,Automatic,Petrol,1000,15850,2775000
car,Renault,KWID,2016,Manual,Petrol,800,44000,1755000
car,Toyota,Premio,2019,Automatic,Petrol,1500,6580,11000000
car,Suzuki,Wagon R FZ,2018,Automatic,Hybrid,650,23000,3485000
car,Micro,Panda,2016,Manual,Petrol,1000,18956,1725000
car,Suzuki,Wagon R FZ,2015,Automatic,Hybrid,650,48783,2530000
van,Suzuki,Every,2016,Automatic,Petrol,650,24057,3176000
car,Toyota,Aqua,2013,Automatic,Hybrid,1500,72000,3800000
car,Nissan,FB14,2001,Automatic,Petrol,1500,199000,1850000
car,Suzuki,Maruti,2006,Manual,Petrol,800,90000,1090000
car,Honda,N WGN,2018,Automatic,Petrol,650,21000,3650000
car,Nissan,N16 Super Saloon,2000,Automatic,Petrol,1600,128000,2225000
car,Chevrolet,Cruze,2004,Automatic,Petrol,1300,112000,1875000
car,Suzuki,Alto,2012,Manual,Petrol,800,70000,1510000
van,Nissan,Clipper,2015,Manual,Petrol,650,80500,2575000
car,Suzuki,Maruti Sport,2012,Manual,Petrol,800,43495,1275000
car,Suzuki,Celerio,2015,Automatic,Petrol,1000,56400,2695000
car,Toyota,Axio,2014,Automatic,Hybrid,1500,81000,4750000
car,Suzuki,Wagon R,2014,Automatic,Hybrid,650,41000,2450000
car,Suzuki,Wagon R,2017,Automatic,Petrol,650,14000,2950000
car,Toyota,Prius,2015,Automatic,Hybrid,1800,78650,4690000
van,Nissan,Vanette,2003,Manual,Diesel,1200,178500,2650000
car,Mitsubishi,Lancer CS3,2001,Manual,Petrol,1600,196000,2400000
car,Nissan,FB15,2000,Automatic,Petrol,1500,166000,2425000
car,Mazda,Familia,2002,Manual,Petrol,1500,110000,1925000
car,Suzuki,Alto Japan,2001,Manual,Petrol,800,71000,1720000
car,Suzuki,Wagon R FZ,2017,Automatic,Hybrid,650,45000,3150000
suv,Mitsubishi,Montero V6,2002,Manual,Petrol,3490,128000,5300000
van,Toyota,KDH,2006,Automatic,Diesel,3000,192000,5750000
car,Perodua,Viva Elite,2011,Automatic,Petrol,800,59000,2395000
van,Suzuki,Spacia,2015,Automatic,Hybrid,650,52000,3100000
van,Toyota,KDH,2010,Manual,Diesel,2500,150000,7000000
car,Suzuki,Wagon R Stingray,2018,Automatic,Petrol,650,13900,3850000
pickup,Tata,Xenon,2015,Manual,Diesel,3000,93000,1550000
car,Toyota,Vitz,2007,Automatic,Petrol,1000,62500,3080000
van,Toyota,KDH,2007,Automatic,Diesel,2500,204000,6395000
suv,Kia,Sportage,2013,Automatic,Diesel,2000,105000,6400000
van,Suzuki,Every,2018,Automatic,Petrol,1000,24200,3250000
car,Toyota,Prius,2012,Automatic,Hybrid,1800,86200,4580000
car,Toyota,Vitz,2019,Automatic,Petrol,1000,4000,5800000
van,Suzuki,Every,2015,Automatic,Petrol,650,78000,2725000
car,Suzuki,Wagon R FZ,2016,Automatic,Hybrid,650,19000,2925000
car,Suzuki,Alto,2015,Manual,Petrol,1000,37000,1820000
suv,Honda,Vezel,2014,Automatic,Hybrid,1500,98560,5390000
car,Toyota,Prius,2014,Automatic,Petrol,1800,96526,5350000
car,Toyota,Prius,2008,Automatic,Hybrid,1500,142500,3275000
car,Suzuki,Wagon R Stingray,2015,Automatic,Hybrid,650,23000,3000000
car,Suzuki,Wagon R,2017,Automatic,Hybrid,650,47500,3650000
car,Suzuki,Maruti 800,2006,Manual,Petrol,800,34000,1150000
car,Honda,Fit Aria,2003,Automatic,Petrol,1300,180000,2330000
van,Toyota,KDH,2005,Automatic,Petrol,2700,222127,5895000
car,Perodua,Axia,2016,Automatic,Petrol,1000,36000,3200000
car,Perodua,Viva Elite,2011,Automatic,Petrol,1000,74000,2100000
van,Mitsubishi,Mini Cab,2002,Automatic,Petrol,650,109000,1725000
car,Mahindra,KUV 100 NXT,2019,Manual,Petrol,1200,150,3250000
car,Nissan,FB15 Super Saloon,2000,Automatic,Petrol,1500,165000,2275000
car,Suzuki,Hustler,2016,Automatic,Hybrid,650,70000,2975000
car,Honda,Fit GP1,2013,Automatic,Hybrid,1300,120000,3290000
car,Suzuki,Swift,2005,Automatic,Petrol,1300,95820,2275000
car,Suzuki,Alto 800 LXI,2015,Manual,Petrol,800,83000,1975000
car,Nissan,Cefiro,2003,Automatic,Petrol,2000,92550,1890000
car,Toyota,Vitz,2007,Automatic,Petrol,1000,105000,2680000
car,Toyota,Aqua,2012,Automatic,Hybrid,1500,76000,3100000
pickup,Tata,Xenon,2015,Manual,Diesel,3000,103000,1720000
car,Toyota,Prius,2010,Automatic,Petrol,1800,208795,3690000
car,Daihatsu,Mira,2017,Automatic,Petrol,650,41000,3490000
van,Toyota,KDH,2015,Automatic,Diesel,2500,81000,8800000
car,Toyota,Axio G Grade,2015,Automatic,Hybrid,1500,78000,4800000
car,Honda,Civic ES8,2003,Automatic,Petrol,1500,195300,1000000
car,Suzuki,Maruti Sport,2012,Manual,Petrol,800,71000,1175000
car,Honda,Fit GP5,2014,Automatic,Petrol,1500,82000,3975000
car,Toyota,Allion 240,2002,Automatic,Petrol,1800,211255,3350000
car,Tata,Indica,2005,Manual,Petrol,1400,74662,950000
car,Toyota,Aqua G Sport,2015,Automatic,Petrol,1500,73000,4145000
car,Suzuki,Alto,2015,Manual,Petrol,800,24783,1810000
car,Honda,Fit GP1,2013,Automatic,Petrol,1300,77000,3550000
car,Micro,Panda,2018,Manual,Petrol,1000,6000,1845000
car,Nissan,March K11,2001,Automatic,Petrol,1000,158000,1785000
car,Suzuki,Wagon R,2018,Automatic,Hybrid,650,41000,3340000
car,Nissan,Cefiro,2000,Automatic,Petrol,2000,150000,2500000
car,Toyota,Axio G Grade,2015,Automatic,Hybrid,1500,70000,5500000
car,Hyundai,Elantra,2000,Automatic,Petrol,1600,163000,1395000
car,Suzuki,Maruti,2011,Manual,Petrol,650,65000,1235000
car,Honda,Fit GP5,2013,Automatic,Hybrid,1500,167000,4200000
car,Toyota,Prius,2014,Automatic,Hybrid,1800,100000,5000000
car,Suzuki,Swift,2007,Manual,Petrol,1300,152000,1950000
van,Toyota,KR42,2002,Automatic,Diesel,1800,200000,3250000
car,Toyota,Prius,2014,Automatic,Hybrid,1800,127000,4890000
car,Suzuki,Wagon R Stingray,2015,Automatic,Hybrid,650,45000,2660000
car,Toyota,Vitz,2015,Automatic,Petrol,1000,41000,4350000
car,Toyota,Vios,2006,Manual,Petrol,1500,152000,2550000
car,Suzuki,Wagon R,2011,Manual,Petrol,650,120000,1925000
van,Nissan,Caravan,2002,Automatic,Diesel,3000,137500,3400000
car,Suzuki,Swift,2007,Automatic,Petrol,1300,97000,2450000
car,Nissan,Tiida,2008,Automatic,Petrol,1500,84400,3300000
pickup,Mahindra,Bolero,2018,Manual,Diesel,2500,5500,2475000
car,Suzuki,Wagon R,2017,Automatic,Petrol,650,34000,3440000
car,Toyota,Premio,2002,Automatic,Petrol,1500,160000,1925000
car,Suzuki,Maruti,2011,Manual,Petrol,800,76613,1295000
car,Nissan,Cefiro,2001,Automatic,Petrol,2000,140500,2650000
car,Suzuki,Alto,2015,Manual,Petrol,800,48900,1978000
car,Nissan,Leaf Azeo,2012,Automatic,Electric,70,61000,1300000
car,Nissan,Bluebird,2004,Manual,Petrol,1500,185829,2100000
car,Tata,Nano,2012,Manual,Petrol,650,126000,850000
car,Nissan,Sunny,2008,Manual,Petrol,1300,154983,2500000
car,Nissan,FB15,2000,Automatic,Petrol,1500,110000,2350000
van,Toyota,KDH 200 Super GL,2007,Automatic,Diesel,2500,123486,6375000
car,Renault,KWID,2016,Manual,Petrol,800,33000,1675000
suv,Honda,Vezel RS Sensing,2016,Automatic,Hybrid,1500,110000,6700000
car,Toyota,Corolla 141,2008,Automatic,Petrol,1600,163200,3350000
van,Daihatsu,Hijet,2003,Manual,Petrol,650,170490,1350000
van,Nissan,Vanette,2003,Manual,Diesel,2200,202000,3500000
car,Mahindra,KUV 100 NXT,2020,Manual,Petrol,1200,85,3395000
car,Suzuki,Zen Estilo,2011,Manual,Petrol,1000,75000,1940000
car,Toyota,Aqua,2015,Automatic,Hybrid,1300,61000,4150000
car,Toyota,Vios,2006,Automatic,Petrol,1500,125000,2650000
car,Toyota,Premio,2019,Automatic,Petrol,1500,589,11150000
car,Suzuki,Swift RS,2017,Automatic,Petrol,1300,25000,5400000
car,Tata,Nano,2016,Manual,Petrol,650,37500,1475000
car,Toyota,Axio WXB,2017,Automatic,Hybrid,1500,3020,8150000
car,Suzuki,Celerio,2016,Automatic,Petrol,1000,73000,2800000
car,Suzuki,Alto,2015,Manual,Petrol,800,98000,1775000
van,Suzuki,Every DA64,2013,Automatic,Petrol,650,26000,2850000
car,Toyota,Premio,2008,Automatic,Petrol,1800,127865,5150000
car,Toyota,Axio,2013,Automatic,Hybrid,1500,105000,4125000
car,Nissan,Leaf,2013,Automatic,Electric,70,62000,1100000
car,Suzuki,Alto,2006,Manual,Petrol,800,78500,1310000
car,Toyota,Axio,2015,Automatic,Hybrid,1500,42000,4500000
van,Toyota,Noah KR42,2006,Automatic,Diesel,2200,30000,3800000
car,Kia,Picanto,2016,Automatic,Petrol,1000,71000,3250000
car,Suzuki,Alto 800,2016,Manual,Petrol,800,58000,1985000
car,Suzuki,Estilo,2011,Manual,Petrol,1000,149000,1950000
car,Toyota,Prius,2014,Automatic,Hybrid,1800,89000,4975000
car,Micro,Panda,2015,Manual,Petrol,1000,17539,1650000
car,Hyundai,Eon,2014,Manual,Petrol,800,32000,2020000
van,Nissan,E25,2004,Automatic,Diesel,3200,141000,4500000
car,Honda,Fit GP1,2012,Automatic,Hybrid,1300,130000,2985000
pickup,Tata,Xenon,2014,Manual,Diesel,3000,116000,1300000
van,Suzuki,Spacia Custom Z,2018,Automatic,Petrol,650,12500,3125000
car,Toyota,Allion 260,2007,Automatic,Petrol,1500,174000,4800000
car,Toyota,Prius,2009,Automatic,Hybrid,1800,92000,3975000
car,Suzuki,Alto,2015,Manual,Petrol,800,53000,1745000
car,Micro,Trend,2012,Manual,Petrol,1100,48400,1090000
car,Suzuki,Alto,2015,Manual,Petrol,800,52000,2000000
car,Nissan,Cefiro,2000,Automatic,Petrol,2000,91000,1870000
van,Toyota,Hiace,2015,Automatic,Diesel,3000,7500,9800000
suv,Honda,Vezel Z Grade,2015,Automatic,Petrol,1500,60000,5250000
van,Toyota,Dolphin,2006,Automatic,Diesel,3000,265000,6350000
suv,Kia,Sportage,2000,Manual,Diesel,2000,200100,2400000
car,Suzuki,Alto,2015,Manual,Petrol,800,89000,1975000
car,Honda,City,2003,Automatic,Petrol,1500,100000,2050000
car,Suzuki,Celerio VXI,2016,Automatic,Petrol,1000,55000,2370000
car,Toyota,Vios,2003,Automatic,Petrol,1500,112000,2525000
car,Suzuki,Estilo,2012,Manual,Petrol,1000,37070,1740000
car,Suzuki,Celerio VXI,2014,Automatic,Petrol,1000,80000,2590000
van,Toyota,KDH,2011,Automatic,Diesel,3000,134000,6950000
car,Toyota,Aqua,2012,Automatic,Petrol,1500,166300,3390000
car,Honda,Insight,2011,Automatic,Hybrid,1300,117000,3675000
pickup,Mahindra,Bolero,2012,Manual,Diesel,2500,55728,1260000
car,Toyota,Allion,2010,Automatic,Petrol,1500,45000,4850000
car,Toyota,Premio,2007,Automatic,Petrol,1500,135000,5175000
car,Suzuki,Wagon R FZ,2017,Automatic,Hybrid,650,15500,3475000
suv,Honda,Vezel,2018,Automatic,Hybrid,1500,23201,7575000
car,Toyota,Axio,2009,Automatic,Petrol,1500,152632,4150000
van,Mitsubishi,Mini Cab,2018,Manual,Petrol,650,22000,3150000
car,Toyota,Prius,2016,Automatic,Petrol,1800,76000,4100000
car,Honda,Fit GP5,2013,Automatic,Hybrid,1500,92000,3800000
car,Toyota,Tank,2018,Automatic,Petrol,1000,15000,5650000
pickup,Toyota,Hilux,2010,Manual,Diesel,2500,150000,5700000
car,Tata,Indica V2,2015,Manual,Petrol,1200,40000,1750000
car,Nissan,N16,2001,Automatic,Petrol,1500,152000,2150000
car,Toyota,Premio G Superior,2018,Automatic,Petrol,1500,9000,10500000
car,Suzuki,Wagon R,2008,Manual,Petrol,650,100000,1600000
car,Suzuki,A-Star,2010,Manual,Petrol,1000,71000,2100000
pickup,Toyota,Hilux,2020,Automatic,Diesel,2800,850,16500000
car,Suzuki,Wagon R,2016,Automatic,Hybrid,650,22000,3150000
car,Toyota,Aqua,2013,Automatic,Petrol,1300,87000,3650000
car,Suzuki,Alto 800,2012,Automatic,Petrol,800,52000,1550000
car,Hyundai,Eon,2016,Manual,Petrol,800,61750,2225000
car,Toyota,Premio,2016,Automatic,Petrol,1500,63000,8225000
car,Toyota,Axio WXB,2017,Automatic,Petrol,1500,37000,6390000
pickup,Mahindra,Bolero,2015,Manual,Diesel,2500,87620,1575000
car,Toyota,Premio G Superior,2012,Automatic,Petrol,1500,12500,6325000
car,Honda,Fit Shuttle,2013,Automatic,Petrol,1300,107000,3900000
car,Toyota,Passo,2004,Automatic,Petrol,1000,115000,2350000
car,Suzuki,Estilo,2011,Manual,Petrol,1000,64000,1975000
car,Chery,QQ,2006,Manual,Petrol,800,85000,650000
car,Honda,Grace,2016,Automatic,Petrol,1500,63000,5200000
car,Toyota,Corolla 121,2005,Manual,Petrol,1300,160000,3050000
car,Toyota,Premio,2013,Automatic,Petrol,1500,93000,6200000
car,Kia,Carens,2001,Automatic,Petrol,1800,156000,1600000
car,Suzuki,Alto 800 LXI,2014,Manual,Petrol,800,51000,1700000
car,Toyota,Axio WXB,2017,Automatic,Hybrid,1500,62000,6750000
suv,Mitsubishi,Montero,2013,Automatic,Diesel,3000,87613,13450000
car,Honda,Grace,2016,Automatic,Petrol,1500,65000,5100000
car,Tata,Nano,2013,Manual,Petrol,650,226000,850000
car,Suzuki,Maruti 800,2008,Manual,Petrol,800,72258,1175000
car,Tata,Nano,2015,Manual,Petrol,650,30000,1050000
van,Toyota,KDH 223,2015,Automatic,Diesel,3000,140000,8500000
car,Honda,N Box,2016,Automatic,Petrol,650,44000,3800000
van,Toyota,Dolphin,2002,Manual,Diesel,2000,300000,5600000
car,Toyota,Axio,2015,Automatic,Petrol,1500,90000,5750000
car,Nissan,March,2002,Automatic,Petrol,1000,114000,1850000
car,Toyota,Belta,2008,Automatic,Petrol,1300,116000,3650000
car,Toyota,Allion,2016,Automatic,Petrol,1500,27000,7900000
van,Suzuki,Every,2016,Automatic,Petrol,650,22000,3190000
car,Toyota,Premio,2011,Automatic,Petrol,1500,56000,5975000
car,Toyota,Axio,2014,Automatic,Hybrid,1500,62000,4600000
car,Suzuki,Alto K10,2012,Manual,Petrol,1000,111000,1650000
car,Suzuki,Alto,2007,Manual,Petrol,800,80000,1475000
car,Toyota,Premio,2011,Automatic,Petrol,1500,80300,5975000
car,Toyota,Aqua,2012,Automatic,Hybrid,1500,100000,3200000
car,Nissan,Sunny,2003,Automatic,Petrol,1500,100000,1900000
car,Toyota,Corolla 141,2008,Automatic,Petrol,1600,110000,3700000
car,Toyota,Prius,2010,Automatic,Petrol,1800,70000,3950000
car,Nissan,Cefiro,2007,Automatic,Petrol,2000,128000,3790000
van,Nissan,Vanette,2001,Manual,Diesel,2200,250000,2250000
car,Nissan,March K11,2001,Automatic,Petrol,1000,135000,1625000
car,Toyota,Axio,2014,Automatic,Hybrid,1500,41000,4390000
car,Suzuki,Alto,2015,Manual,Petrol,800,60000,2050000
car,Toyota,Axio G Grade,2016,Automatic,Hybrid,1500,61000,5850000
car,Suzuki,Wagon R FX,2018,Automatic,Hybrid,650,27659,3250000
car,Suzuki,Wagon R Stingray,2017,Automatic,Hybrid,650,52000,3650000
suv,Daihatsu,Terios,2008,Automatic,Petrol,1500,122000,4600000
car,Suzuki,Wagon R Stingray,2018,Automatic,Petrol,650,24365,3650000
car,Toyota,Prius,2012,Automatic,Petrol,1800,91000,3975000
car,Toyota,Yaris,2007,Manual,Petrol,1300,170000,3250000
car,Toyota,Axio,2013,Automatic,Hybrid,1300,74120,4350000
car,Chevrolet,Cruze,2002,Automatic,Petrol,1300,161000,1925000
car,Nissan,Sunny N16,2000,Automatic,Petrol,1500,150000,2300000
van,Toyota,Dolphin,2001,Manual,Diesel,2800,265200,4450000
car,Suzuki,Alto 800 LXI,2006,Manual,Petrol,800,160000,1410000
van,Toyota,Noah KR42,2000,Manual,Diesel,1800,370000,3475000
car,Toyota,Allion 240,2005,Automatic,Petrol,1500,124000,4225000
car,Toyota,Axio WXB,2016,Automatic,Hybrid,1500,47569,6400000
car,Honda,Freed,2014,Automatic,Petrol,1500,82500,4390000
van,Mazda,Bongo,2003,Manual,Diesel,2200,100000,4000000
car,Mitsubishi,Lancer CS1,2005,Manual,Petrol,1300,170000,2400000
car,Toyota,Vitz,2007,Automatic,Petrol,1000,105000,2520000
car,Suzuki,Maruti,2006,Manual,Petrol,800,97000,1090000
car,Mazda,3,2008,Manual,Petrol,1500,125000,2550000
van,Toyota,KR42,2006,Automatic,Petrol,1800,105000,3850000
car,Suzuki,Maruti,2005,Manual,Petrol,800,82000,945000
car,Suzuki,Wagon R Stingray,2018,Automatic,Petrol,650,48000,3575000
car,Toyota,Corolla 121,2005,Manual,Petrol,1300,160000,2675000
car,Suzuki,Celerio ZXI,2018,Automatic,Petrol,1000,27700,3643000
suv,Mitsubishi,Montero V6,2007,Automatic,Petrol,3200,105000,8590000
car,Nissan,March,2003,Automatic,Petrol,1300,110000,2150000
van,Suzuki,Maruti,2005,Manual,Petrol,650,82650,1035000
car,Honda,Fit,2011,Automatic,Petrol,1300,82000,2925000
car,Mitsubishi,Galant,2002,Manual,Petrol,2000,144000,2200000
car,Toyota,Vitz,2017,Automatic,Petrol,1000,45000,4630000
van,Mazda,Brawny,2007,Automatic,Diesel,2200,160400,3150000
car,Suzuki,Zen,2006,Manual,Petrol,1000,75000,1475000
car,Suzuki,Maruti,2007,Manual,Petrol,800,93650,1025000
van,Nissan,NV200,2015,Automatic,Petrol,1600,110000,4450000
car,Honda,Civic FD3,2009,Automatic,Hybrid,1300,132567,3690000
car,Toyota,Aqua,2012,Automatic,Petrol,1500,62500,3200000
car,Toyota,Prius,2007,Automatic,Petrol,1800,118000,3350000
car,Nissan,Wingroad,2001,Automatic,Petrol,1500,135000,1625000
car,Suzuki,Wagon R,2015,Automatic,Petrol,650,41000,2980000
car,Toyota,Vitz,2016,Automatic,Petrol,1000,21300,4250000
van,Toyota,Dolphin,2003,Manual,Diesel,3000,274000,4925000
car,Suzuki,Liana,2003,Automatic,Petrol,1500,200000,1850000
car,Toyota,Axio,2016,Automatic,Petrol,1500,36000,5750000
suv,Daihatsu,Terios,2008,Automatic,Petrol,1500,98800,3980000
car,Suzuki,Wagon R FZ,2018,Automatic,Hybrid,650,54000,3375000
car,Nissan,Sunny N17,2008,Manual,Petrol,1300,148000,2525000
car,Toyota,Axio WXB,2017,Automatic,Hybrid,1500,76000,6400000
car,Toyota,Prius 2nd Generation,2007,Automatic,Petrol,1500,91000,3100000
van,Suzuki,Omni,2005,Manual,Petrol,800,62700,1150000
car,Suzuki,Maruti,2003,Manual,Petrol,800,93000,845000
car,Suzuki,Alto,2015,Manual,Petrol,800,53000,1830000
suv,Honda,Vezel,2014,Automatic,Petrol,1500,85000,5000000
car,Suzuki,Alto,2010,Manual,Petrol,800,67000,1530000
car,Honda,Fit Shuttle,2013,Automatic,Hybrid,1300,39000,4675000
car,Toyota,Axio,2014,Automatic,Petrol,1500,178000,3875000
car,Suzuki,Swift,2010,Automatic,Petrol,1300,96000,2850000
suv,Toyota,CHR GT TURBO,2018,Automatic,Petrol,1200,19500,8425000
suv,Mitsubishi,Montero,2003,Automatic,Petrol,3500,136000,5950000
car,Suzuki,Alto,2017,Automatic,Petrol,650,49000,2885000
van,Mazda,Bongo,2005,Automatic,Diesel,2200,145708,3400000
car,Suzuki,Maruti,2004,Manual,Petrol,800,184472,980000
car,Nissan,FB15 Ex Saloon,2000,Automatic,Petrol,1500,90000,2390000
car,Suzuki,Wagon R FZ,2014,Automatic,Petrol,650,50600,2790000
car,Renault,KWID RXT,2020,Automatic,Petrol,800,140,3570000
car,Honda,Insight,2009,Automatic,Petrol,1300,110927,3350000
car,Toyota,Belta,2007,Automatic,Petrol,1300,120000,3620000
car,Nissan,EX Saloon,2001,Automatic,Petrol,1500,130000,2400000
van,Nissan,Vanette,2006,Manual,Diesel,1200,140000,3560000
car,Suzuki,Maruti,2005,Manual,Petrol,800,12000,1050000
car,Toyota,Pixis,2013,Manual,Petrol,650,23450,2585000
car,Toyota,Vitz,2018,Automatic,Petrol,1000,43200,5390000
pickup,Mahindra,Bolero Maxi Truck,2016,Manual,Diesel,2500,61000,2250000
car,Toyota,Aqua,2012,Automatic,Petrol,1300,109000,3700000
car,Toyota,Premio,2015,Automatic,Petrol,2500,67000,8100000
car,Toyota,Corolla 121,2000,Automatic,Petrol,1500,179000,2950000
van,Hyundai,H100,2000,Manual,Diesel,1000,200000,2350000
car,Nissan,Leaf,2015,Automatic,Electric,70,48000,2350000
car,Toyota,Axio Fielder,2013,Automatic,Petrol,1500,135200,3975000
car,Suzuki,Swift,2004,Automatic,Petrol,1300,106000,2500000
car,Nissan,March K11,2001,Automatic,Petrol,1000,180000,1250000
car,Nissan,Primera,2002,Automatic,Petrol,2000,96000,2275000
pickup,Mahindra,Bolero,2011,Manual,Diesel,2000,47000,1080000
car,Mazda,6,2015,Automatic,Petrol,2500,78000,7300000
van,Toyota,KDH High Roof,2015,Automatic,Diesel,3000,120000,9100000
van,Suzuki,Every,2015,Automatic,Petrol,650,60000,2800000
car,Renault,KWID,2016,Manual,Petrol,800,47600,1850000
pickup,Mahindra,Bolero,2019,Manual,Diesel,2500,8000,2550000
van,Toyota,KDH,2007,Manual,Diesel,3000,230000,5500000
car,Suzuki,Wagon R FX,2014,Automatic,Petrol,650,73000,1635000
car,Suzuki,Alto,2015,Manual,Petrol,800,35200,2050000
car,Suzuki,Zen,2003,Automatic,Petrol,1000,92000,1225000
suv,Honda,Vezel RS,2017,Automatic,Hybrid,1500,33000,7500000
car,Suzuki,Alto,2006,Manual,Petrol,800,100000,1390000
car,Honda,Fit GP1,2013,Automatic,Hybrid,1300,90000,3550000
car,Suzuki,Wagon R FZ,2016,Automatic,Hybrid,650,19100,2990000
suv,Zotye,Nomad,2011,Manual,Petrol,1300,60000,1750000
pickup,Toyota,Hilux Vigo,2009,Manual,Diesel,3000,128000,4000000
van,Nissan,Clipper,2014,Automatic,Petrol,650,22000,2675000
car,Toyota,Vitz,2017,Automatic,Petrol,1000,29900,4850000
car,Suzuki,Zen Estilo,2012,Manual,Petrol,1000,59000,2375000
car,Suzuki,Wagon R Stingray,2015,Automatic,Petrol,650,52000,3025000
suv,Honda,CRV,2018,Automatic,Petrol,1500,45000,12450000
car,Suzuki,Alto,2015,Manual,Petrol,800,63000,1965000
car,Honda,N WGN,2016,Automatic,Petrol,650,66000,3550000
car,Suzuki,Maruti,2005,Manual,Petrol,800,65283,1075000
car,Micro,Trend,2012,Manual,Petrol,1100,85000,1225000
car,Suzuki,Maruti,2011,Manual,Petrol,800,76636,1285000
car,Toyota,Belta,2007,Automatic,Petrol,1300,168000,3650000
car,Suzuki,Alto,2018,Automatic,Hybrid,650,2500,2825000
van,Toyota,Hiace KDH 201 GL,2013,Automatic,Diesel,3000,111286,8500000
car,Nissan,FB15,2001,Automatic,Petrol,1500,131000,2150000
car,Daihatsu,Move,2017,Automatic,Petrol,650,19000,3150000
car,Tata,Indigo,2015,Manual,Petrol,1200,160000,1810000
car,Suzuki,Zen,2008,Manual,Petrol,1000,88000,1475000
pickup,Mahindra,Bolero,2014,Manual,Diesel,2500,49000,1595000
car,Nissan,FB15 Super Saloon,2000,Automatic,Petrol,1500,132872,2395000
car,Toyota,Aqua,2014,Automatic,Hybrid,1500,96000,3625000
car,Honda,Insight,2013,Automatic,Hybrid,1300,95000,1250000
pickup,Tata,Xenon,2015,Manual,Diesel,3000,48000,1600000
car,Honda,Fit GP1,2013,Automatic,Petrol,1300,127000,3375000
van,Micro,MPV Junior 3,2011,Manual,Petrol,1000,100020,1295000
car,Toyota,Vios,2003,Automatic,Petrol,1500,158000,2650000
car,Nissan,Super Saloon,2003,Manual,Petrol,1500,125000,2050000
van,Nissan,NV200,2010,Automatic,Petrol,1500,90000,4000000
car,Toyota,Premio G Superior,2013,Automatic,Petrol,1500,60000,6650000
suv,Mitsubishi,Outlander,2014,Automatic,Hybrid,2000,165000,7200000
car,Honda,Fit Shuttle,2013,Automatic,Petrol,1300,140000,3550000
car,Suzuki,Wagon R,2017,Automatic,Hybrid,650,31000,2875000
car,Toyota,Aqua,2016,Automatic,Hybrid,1500,32500,3950000
car,Toyota,Passo,2009,Automatic,Petrol,1000,110000,2890000
car,Honda,N Box,2017,Automatic,Petrol,650,28000,3250000
van,Toyota,KDH Super GL,2006,Automatic,Diesel,3000,219000,7500000
van,Toyota,KDH Dark Prime,2015,Automatic,Diesel,3000,99000,9790000
car,Toyota,Vitz,2018,Automatic,Petrol,1000,25000,4150000
car,Toyota,Prius,2008,Automatic,Hybrid,1800,147000,2975000
pickup,Tata,Xenon,2016,Manual,Diesel,2500,34000,1950000
car,Toyota,Vitz,2015,Automatic,Petrol,1000,58000,3999999
van,Mazda,Bongo,2002,Manual,Diesel,2200,120000,2800000
van,Toyota,Noah,2000,Automatic,Petrol,1500,185000,3250000
car,Suzuki,Alto 800,2015,Manual,Petrol,800,140000,1750000
car,Honda,Fit,2012,Automatic,Hybrid,1500,81000,2990000
pickup,Nissan,Navara Aventura,2008,Manual,Diesel,2500,150000,3880000
car,Kia,Rio,2000,Automatic,Petrol,1500,130000,1475000
car,Toyota,Axio G Grade,2007,Automatic,Petrol,1500,112000,4080000
car,Suzuki,Wagon R,2017,Automatic,Petrol,650,30200,3450000
pickup,Mitsubishi,L200 Sportero,2007,Manual,Diesel,2500,213000,5690000
car,Suzuki,Alto,2011,Manual,Petrol,800,57000,1790000
car,Suzuki,Alto Japan,2018,Automatic,Petrol,650,24500,2600000
pickup,Mahindra,Bolero,2018,Manual,Diesel,1500,7582,2385000
car,Toyota,Prius S Touring,2013,Automatic,Hybrid,1800,80000,4750000
car,Toyota,Vitz,2016,Automatic,Petrol,1000,42000,4625000
car,Nissan,Dayz,2016,Automatic,Petrol,650,40000,2600000
suv,Toyota,CHR GT TURBO,2018,Automatic,Petrol,1200,35000,8150000
van,Toyota,KR42,2000,Automatic,Diesel,1800,145000,3450000
car,Suzuki,Zen,2004,Manual,Petrol,1000,200000,1135000
van,Suzuki,Spacia Custom Z,2017,Automatic,Petrol,650,45000,3700000
van,Nissan,Vanette,2002,Manual,Diesel,2700,265000,3050000
car,Suzuki,Alto K10,2016,Manual,Petrol,1000,31000,2345000
car,Suzuki,Wagon R Stingray,2018,Automatic,Petrol,650,19800,3150000
car,Honda,Vezel,2014,Automatic,Hybrid,1500,69000,4780000
car,Toyota,Passo,2010,Automatic,Petrol,1000,59000,2900000
pickup,Mahindra,Bolero,2017,Manual,Diesel,1500,32898,2350000
car,Honda,Grace EX,2015,Automatic,Hybrid,1500,64000,4990000
car,Suzuki,Wagon R,2016,Automatic,Petrol,650,46000,2895000
car,Mazda,BJ5P,2006,Automatic,Petrol,1500,148500,2290000
pickup,Mahindra,Bolero,2011,Manual,Diesel,2500,80046,1460000
car,Nissan,March,2000,Manual,Petrol,1000,112000,1475000
car,Toyota,Axio Fielder,2015,Automatic,Petrol,1500,73000,5500000
car,Suzuki,Alto,2015,Manual,Petrol,800,48000,1944400
car,Renault,KWID,2016,Manual,Petrol,800,67900,1800000
van,Mitsubishi,Mini Cab,2000,Manual,Petrol,650,180000,1850000
car,Toyota,Premio G Superior,2017,Automatic,Petrol,1500,41000,7450000
car,Nissan,N17,2006,Automatic,Petrol,1300,150000,2750000
car,Toyota,Corolla 121,2002,Automatic,Diesel,1600,105240,3225000
car,Honda,Fit GP5,2014,Automatic,Hybrid,1500,80800,3950000
car,Toyota,Aqua,2013,Automatic,Petrol,1500,69266,3895000
car,Suzuki,Alto,2015,Manual,Petrol,800,36456,1865000
car,Toyota,Corolla 121,2002,Automatic,Petrol,1500,148000,3295000
car,Honda,Fit GP1,2012,Automatic,Hybrid,1300,66000,3450000
car,Toyota,Prius,2010,Automatic,Hybrid,1800,88000,3700000
pickup,Toyota,Hilux Rocco,2012,Manual,Diesel,2500,90000,4150000
car,Nissan,Sunny,2002,Automatic,Petrol,1500,90000,2500000
car,Hyundai,Elantra,2009,Automatic,Petrol,1500,92000,2250000
suv,Nissan,X-Trail,2015,Automatic,Hybrid,2000,70000,5790000
van,Suzuki,Every,2018,Automatic,Petrol,650,15123,2895000
car,Toyota,Premio G Superior,2016,Automatic,Petrol,1500,81000,7650000
car,Suzuki,Alto,2007,Manual,Petrol,800,112413,1595000
suv,Nissan,X-Trail,2004,Manual,Diesel,2200,120000,3750000
van,Suzuki,Omni,2006,Manual,Petrol,800,125200,925000
car,Toyota,Vitz,2008,Automatic,Petrol,1000,114000,3300000
car,Suzuki,Maruti,2006,Manual,Petrol,800,79950,1065000
van,Nissan,Vanette,2001,Automatic,Diesel,2300,124578,3195000
car,Hyundai,Accent,2001,Automatic,Petrol,1500,120000,1290000
pickup,Toyota,Hilux,2009,Automatic,Diesel,2500,150000,5500000
car,Suzuki,Ignis,2002,Automatic,Petrol,1300,170000,2250000
car,Suzuki,Alto,2011,Manual,Petrol,800,85000,1775000
car,Nissan,Sunny Super Saloon,2011,Manual,Petrol,1600,140000,3200000
car,Nissan,Bluebird,2005,Automatic,Petrol,1500,87000,3780000
van,Suzuki,Every,2014,Automatic,Petrol,650,100000,2150000
car,Toyota,Prius,2014,Automatic,Hybrid,1800,65793,4563000
car,Toyota,Vios,2003,Automatic,Petrol,1500,162000,2490000
van,Suzuki,Every,2014,Automatic,Petrol,650,25550,2950000
car,Nissan,March,2008,Automatic,Petrol,1000,125000,2050000
car,Suzuki,Alto,2005,Manual,Petrol,800,170000,1375000
car,Suzuki,Wagon R Stingray,2015,Automatic,Petrol,650,56000,2650200
pickup,Mitsubishi,L200,2009,Manual,Diesel,2400,130000,2790000
van,Nissan,Clipper NV100,2012,Automatic,Petrol,650,78000,2390000
car,Nissan,March K12,2003,Automatic,Petrol,1000,102000,1980000
car,Suzuki,Swift,2004,Automatic,Petrol,1300,120000,2175000
car,Hyundai,Elantra,2011,Automatic,Petrol,1600,189000,3250000
pickup,Tata,Xenon,2014,Manual,Diesel,3000,38000,1775000
car,Nissan,FB15,2002,Automatic,Petrol,1500,140200,2250000
van,Nissan,Caravan,2005,Manual,Diesel,3000,104050,4500000
car,Suzuki,Alto,2016,Manual,Petrol,800,34000,2075000
car,Toyota,Starlet,2012,Automatic,Petrol,1300,66085,2685000
car,Toyota,Premio,2014,Automatic,Petrol,1500,62000,7400000
van,Suzuki,Every,2012,Automatic,Petrol,650,92000,2610000
van,Toyota,KDH,2014,Automatic,Diesel,2500,71000,6890000
car,Suzuki,Wagon R Stingray,2018,Automatic,Petrol,650,16500,3695000
car,Renault,KWID,2016,Manual,Petrol,800,69200,1790000
pickup,Mahindra,Bolero Maxi Truck,2015,Manual,Diesel,2500,45540,1675000
car,Kia,Picanto,2012,Automatic,Petrol,1000,56500,2750000
car,Toyota,Axio,2008,Automatic,Petrol,1500,88000,4090000
car,Suzuki,Wagon R,2017,Automatic,Petrol,650,90000,3050000
suv,Honda,Vezel,2016,Automatic,Hybrid,1500,45000,5500000
car,Suzuki,Wagon R Stingray,2018,Automatic,Petrol,650,23000,3300000
car,Suzuki,Alto,2007,Manual,Petrol,800,70200,1575000
car,Honda,Fit Shuttle,2013,Automatic,Petrol,1300,79500,3750000
pickup,Tata,Xenon,2017,Manual,Diesel,3000,49000,1725000
van,Suzuki,Every DA64,2014,Automatic,Petrol,650,61000,2280000
car,Toyota,Axio,2015,Automatic,Petrol,1500,89000,5125000
car,Micro,Panda,2017,Manual,Petrol,1000,24370,1950000
car,Honda,Fit GP5,2014,Automatic,Petrol,1500,135000,3425000
van,Mitsubishi,Mini Cab,2013,Automatic,Petrol,650,45000,2490000
car,Toyota,Allion 260,2013,Automatic,Petrol,1500,89000,6400000
car,Honda,City,2002,Automatic,Petrol,1500,210000,1850000
van,Hyundai,H100,2000,Manual,Diesel,2500,333600,1985000
pickup,Nissan,Navara,2006,Manual,Diesel,2500,140000,3685000
car,Toyota,Premio G Superior,2013,Automatic,Petrol,1500,70000,6850000
car,Hyundai,Eon,2015,Manual,Petrol,800,63830,1875000
pickup,Tata,Xenon,2016,Manual,Diesel,3000,19000,1985000
van,Toyota,KDH 200 Super GL,2006,Automatic,Diesel,2500,200000,6400000
car,Toyota,Corolla 121,2003,Manual,Petrol,1300,150000,2800000
car,Suzuki,Alto,2015,Manual,Petrol,800,73200,2020000
car,Micro,MX 7,2011,Manual,Petrol,1500,79000,1550000
car,Suzuki,Celerio ZXI,2019,Automatic,Petrol,1000,4600,3200000
car,Suzuki,Alto,2011,Manual,Petrol,800,80000,1425000
car,Suzuki,Alto Japan,2007,Automatic,Petrol,650,110000,2245000
car,Toyota,Premio F EX G Superior,2012,Automatic,Petrol,1500,89000,6400000
car,Tata,Indigo,2008,Manual,Diesel,1400,120000,1475000
pickup,Mahindra,Bolero Maxi Truck,2016,Manual,Diesel,2500,105000,1745000
car,Tata,Nano,2015,Manual,Petrol,650,172000,1075000
car,Nissan,March K11,2000,Automatic,Petrol,1000,136000,1600000
suv,Mitsubishi,Montero Sport,2012,Automatic,Diesel,2500,74000,8900000
van,Suzuki,Every,2014,Automatic,Petrol,650,105550,3150000
car,Suzuki,Alto Japan,2017,Automatic,Petrol,650,56480,2850000
car,Toyota,Allion,2010,Automatic,Petrol,1500,112000,5385000
car,Perodua,Kelisa,2002,Automatic,Petrol,1000,56000,1695000
car,Honda,Fit GP5,2014,Automatic,Hybrid,1500,95700,3450000
van,Suzuki,Every DA64,2013,Automatic,Petrol,650,50000,2975000
van,Toyota,Dolphin 172 Super GL,2003,Automatic,Diesel,2000,185000,6300000
car,Toyota,Premio G Superior,2018,Automatic,Petrol,1500,11800,10650000
car,Toyota,Vitz,2016,Automatic,Petrol,1000,45000,4390000
van,Suzuki,Every,2017,Automatic,Petrol,650,26000,3100000
car,Micro,Panda Cross,2012,Manual,Petrol,1300,35300,1625000
car,Suzuki,Wagon R,2016,Automatic,Petrol,650,57000,2600000
car,Toyota,Aqua,2012,Automatic,Petrol,1500,88000,2935000
van,Suzuki,Every,2001,Manual,Petrol,650,120000,1400000
car,Toyota,Corolla 121,2001,Automatic,Diesel,2200,179850,3350000
car,Suzuki,Wagon R Stingray,2015,Automatic,Petrol,650,51000,2990000
car,Hyundai,Eon,2016,Manual,Petrol,800,55000,2180000
car,Chery,QQ,2011,Manual,Petrol,800,28500,1425000
car,Tata,Indica,2005,Manual,Petrol,1500,90000,1080000
car,Suzuki,Wagon R Stingray,2014,Automatic,Hybrid,650,71500,2890000
car,Suzuki,Swift,2005,Automatic,Petrol,1300,128500,2490000
van,Suzuki,Every,2010,Automatic,Petrol,650,111905,2550000
car,Toyota,Vitz,2017,Automatic,Petrol,1000,15000,5175000
car,Suzuki,Wagon R Stingray,2017,Automatic,Hybrid,650,17500,3650000
car,Suzuki,Wagon R Stingray,2018,Automatic,Petrol,650,47000,3540000
car,Suzuki,Alto K10,2011,Manual,Petrol,1000,59673,1865000
car,Toyota,Vitz,2011,Automatic,Petrol,1000,130000,4100000
car,Toyota,Prius,2007,Automatic,Petrol,1800,11800,2790000
van,Suzuki,Every,2012,Automatic,Petrol,650,49500,2800000
car,Suzuki,Maruti Zen,2006,Manual,Petrol,1000,124000,1440000
car,Suzuki,Alto K10,2015,Manual,Petrol,1000,45210,2325000
suv,Mitsubishi,Montero,2011,Automatic,Diesel,2500,63670,8750000
suv,Honda,Vezel,2016,Automatic,Hybrid,1500,66000,5850000
car,Nissan,March AK12,2002,Automatic,Petrol,1300,122000,1700000
car,Suzuki,Maruti,2005,Manual,Petrol,800,48134,1095000
suv,Toyota,Raize,2020,Automatic,Petrol,1000,874,6900000
car,Suzuki,Alto,2011,Manual,Petrol,800,110000,1490000
van,Toyota,Hiace,2009,Manual,Diesel,2300,18000,3800000
car,Honda,Civic,2004,Automatic,Petrol,1500,137000,2700000
car,Suzuki,Maruti,2011,Manual,Petrol,800,45000,1190000
car,Toyota,Allion,2009,Automatic,Petrol,1500,93000,4900000
car,Toyota,Prius,2009,Automatic,Petrol,1500,113000,4075000
car,Perodua,Viva Elite,2010,Automatic,Petrol,1000,81000,2250000
car,Honda,Fit GP5,2015,Automatic,Hybrid,1500,112000,3650000
car,Tata,Nano,2012,Manual,Petrol,650,115000,785000
car,Suzuki,Maruti,2006,Manual,Petrol,800,86000,975000
car,Suzuki,Maruti,2006,Manual,Petrol,800,26500,1075000
car,Toyota,Prius,2013,Automatic,Hybrid,1800,72000,3990000
car,Nissan,Tiida Latio,2007,Automatic,Petrol,1500,153000,2720000
van,Honda,Fit Shuttle,2013,Automatic,Hybrid,1300,65000,3975000
car,Suzuki,Maruti,2004,Manual,Petrol,800,64000,980000
car,Honda,Insight,2009,Automatic,Petrol,1300,107000,3300000
van,Nissan,Vanette,2002,Manual,Diesel,2000,20000,2750000
car,Toyota,Allion,2008,Automatic,Petrol,1500,110000,5390000
car,Toyota,Prius,2012,Automatic,Petrol,1800,135000,3950000
suv,Honda,Vezel RS Sensing,2017,Automatic,Hybrid,1500,60000,6990000
van,Nissan,Vanette,2002,Manual,Petrol,2300,190000,2750000
car,Toyota,Axio WXB,2017,Automatic,Hybrid,1500,48100,6590000
suv,Toyota,CHR,2017,Automatic,Petrol,1200,30192,6750000
car,Toyota,Corolla 121,2001,Automatic,Petrol,1500,190000,3050000
pickup,Mahindra,Bolero,2019,Manual,Diesel,2500,25000,2525000
van,Nissan,Vanette Lion Face,2001,Automatic,Diesel,2200,262000,3325000
car,Toyota,Axio,2016,Automatic,Hybrid,1500,35400,5475000
car,Toyota,Aqua G Grade,2012,Automatic,Petrol,1500,118000,3675000
car,Suzuki,Wagon R FX,2017,Automatic,Hybrid,650,27833,3100000
car,Mitsubishi,CS1,2006,Manual,Petrol,1300,100119,2175000
car,Micro,Trend,2011,Manual,Petrol,1100,40000,1225000
car,Suzuki,Wagon R FZ,2018,Automatic,Hybrid,650,55000,3195000
car,Toyota,Aqua,2013,Automatic,Petrol,1500,100150,3375000
car,Suzuki,Alto,2015,Manual,Petrol,1000,94000,1800000
car,Hyundai,Accent,2000,Manual,Petrol,1500,109500,1300000
car,Zotye,Z100,2020,Manual,Petrol,1000,3200,2173000
van,Nissan,Caravan,2001,Manual,Diesel,3000,500000,4600000
van,Nissan,Clipper,2014,Automatic,Petrol,650,63000,2795000
van,Suzuki,Every,2015,Automatic,Petrol,650,71500,2950000
car,Toyota,Axio,2011,Automatic,Petrol,1500,79000,4350000
car,Perodua,Viva Elite,2010,Automatic,Petrol,1000,87000,2275000
car,Toyota,Prius,2009,Automatic,Petrol,1800,170000,3780000
car,Suzuki,A-Star,2011,Manual,Petrol,1000,75000,2225000
car,Suzuki,Alto,2015,Automatic,Hybrid,600,62000,2475000
car,Suzuki,Alto,2014,Manual,Petrol,800,50767,1760000
van,Suzuki,Spacia,2016,Automatic,Hybrid,650,43700,3350000
van,Toyota,KDH,2006,Automatic,Diesel,2500,155000,6850000
van,Toyota,Dolphin 172 Super GL,2000,Automatic,Petrol,2000,228412,4675000
van,Suzuki,Every,2017,Automatic,Petrol,650,22000,2475000
van,Suzuki,Every,2016,Automatic,Petrol,650,45000,2750000
car,Suzuki,Estilo,2011,Manual,Petrol,1000,61000,1860000
van,Suzuki,Spacia,2017,Automatic,Petrol,650,50000,2800000
car,Toyota,Vios,2003,Automatic,Petrol,1500,173000,2590000
car,Suzuki,Wagon R,2017,Automatic,Petrol,650,11200,3550000
car,Suzuki,Swift,2004,Automatic,Petrol,1300,128000,2580000
car,Tata,Indica,2014,Manual,Petrol,1300,34500,1475000
car,Nissan,FB15,2001,Automatic,Petrol,1500,120000,2150000
pickup,Mahindra,Bolero,2012,Manual,Diesel,2500,47000,1260000
van,Suzuki,Spacia Custom,2018,Automatic,Hybrid,650,36000,3890000
car,Honda,Fit GP1,2012,Automatic,Petrol,1300,151000,3025000
car,Kia,Rio,2003,Manual,Petrol,1500,137000,1250000
pickup,Mahindra,Bolero,2015,Manual,Diesel,2500,49000,1725000
car,Suzuki,Wagon R FZ,2018,Automatic,Petrol,650,45000,3450000
van,Nissan,Vanette,2006,Automatic,Diesel,2000,175000,3450000
van,Daihatsu,Hijet,2007,Automatic,Petrol,650,100000,1790000
van,Toyota,KDH TRH GL,2015,Automatic,Petrol,2000,81000,7250000
car,Toyota,Vitz,2015,Automatic,Petrol,1000,25000,4250000
car,Toyota,Prius S Touring,2011,Automatic,Hybrid,1800,120000,3790000
car,Suzuki,Alto,2015,Manual,Petrol,800,54700,1785000
car,Toyota,Corolla 121,2002,Automatic,Petrol,1500,160000,3185000
car,Toyota,Axio X Grade,2008,Automatic,Petrol,1500,170000,3575000
van,Suzuki,Every,2014,Automatic,Petrol,650,110223,2800000
car,Toyota,Aqua G Grade,2012,Automatic,Hybrid,1500,78000,3575000
car,Suzuki,Swift,2017,Automatic,Hybrid,1300,27000,5350000
car,Suzuki,Maruti,2003,Manual,Petrol,800,82394,975000
car,Suzuki,Wagon R FZ,2014,Automatic,Petrol,650,115000,2850000
van,Mazda,Bongo,2000,Manual,Petrol,2000,102500,2750000
car,Suzuki,Swift Center Antenna,2004,Automatic,Petrol,1300,144000,2385000
car,Nissan,FB15 Ex Saloon,2003,Automatic,Petrol,1500,141149,2675000
car,Toyota,Premio,2007,Automatic,Petrol,1800,160000,5175000
car,Suzuki,Maruti Sport,2006,Manual,Petrol,800,74000,1195000
car,Suzuki,Swift,2009,Automatic,Petrol,1300,109452,2990000
car,Toyota,Vitz,2016,Automatic,Petrol,1000,31000,4950000
car,Toyota,Aqua,2012,Automatic,Petrol,1200,76000,3450000
car,Suzuki,Alto,2015,Manual,Petrol,800,33000,1990000
van,Suzuki,Every,2003,Automatic,Petrol,800,150000,1480000
car,Zotye,Z100,2020,Manual,Petrol,1000,1110,2150000
car,Nissan,FB15,2003,Automatic,Petrol,1500,187000,2750000
car,Honda,Grace,2018,Automatic,Hybrid,1500,49500,6975000
suv,Mitsubishi,Montero Sport,2012,Automatic,Diesel,2500,85000,8675000
van,Suzuki,Every DA64,2014,Automatic,Petrol,650,43120,2625000
car,Suzuki,Wagon R Stingray,2018,Automatic,Hybrid,650,34500,3700000
pickup,Mahindra,Bolero,2012,Manual,Diesel,2500,78000,1450000
van,Nissan,Vanette,2001,Automatic,Diesel,2200,250000,2795000
car,Toyota,Vitz,2016,Automatic,Petrol,1000,59000,4425000
van,Suzuki,Spacia,2016,Automatic,Petrol,650,48000,3125000
car,Hyundai,Accent,2007,Manual,Petrol,1300,178000,1420000
car,Renault,KWID,2016,Manual,Petrol,800,58500,1775000
car,Toyota,Premio G Superior,2019,Automatic,Petrol,1500,6500,12500000
car,Suzuki,Maruti,2011,Manual,Petrol,800,55000,1240000
car,Suzuki,Wagon R,2017,Automatic,Hybrid,650,41500,2725000
car,Toyota,Premio,2014,Automatic,Petrol,1500,100000,7400000
van,Suzuki,Spacia,2017,Automatic,Petrol,650,7500,3400000
suv,Kia,Sportage,2000,Manual,Diesel,1800,186177,2350000
car,Suzuki,Alto,2015,Manual,Petrol,800,45000,1925000
car,Suzuki,Alto,2006,Manual,Petrol,800,76000,1270000
car,Suzuki,Wagon R Stingray,2018,Automatic,Hybrid,650,31000,3750000
car,Suzuki,Maruti,2011,Manual,Petrol,800,51500,1310000
car,Suzuki,Maruti 800,2011,Manual,Petrol,800,38000,1350000
car,Nissan,Sunny,2000,Manual,Petrol,1300,125000,1900000
car,Micro,Panda,2015,Manual,Petrol,1000,39000,1550000
car,Honda,Civic,2001,Manual,Petrol,1500,164000,2450000
car,Toyota,Corolla 121,2006,Manual,Petrol,1300,170000,2900000
car,Datsun,Redi-GO,2017,Manual,Petrol,800,26000,1600000
car,Suzuki,Celerio VXI,2015,Automatic,Petrol,1000,49600,2275000
car,Renault,KWID,2016,Manual,Petrol,800,32000,1795000
car,Toyota,Prius,2012,Automatic,Petrol,1800,130000,4000000
suv,Toyota,CHR GT TURBO,2019,Automatic,Petrol,1200,4000,9200000
van,Suzuki,Every,2007,Automatic,Petrol,650,120200,2675000
car,Tata,Indigo,2015,Manual,Petrol,1200,54000,1650000
car,Toyota,Axio,2013,Automatic,Hybrid,1500,80000,4500000
car,Toyota,Prius,2009,Automatic,Petrol,1800,158000,3700000
car,Suzuki,Maruti,2005,Manual,Petrol,800,86300,950000
van,Daihatsu,Atrai,2019,Automatic,Petrol,650,75000,2875000
van,Suzuki,Every DA64,2011,Automatic,Petrol,650,78000,2650000
car,Toyota,Axio WXB,2017,Automatic,Hybrid,1500,12000,6990000
car,Micro,Panda,2015,Manual,Petrol,1000,49000,1450000
van,Toyota,KDH 201 Super GL,2015,Automatic,Diesel,3000,104000,9750000
car,Suzuki,Maruti,2004,Manual,Petrol,800,97000,965000
car,Honda,Fit Shuttle,2012,Automatic,Petrol,1300,97500,3675000
van,Suzuki,Spacia Custom Z,2017,Automatic,Hybrid,650,18000,3650000
car,Micro,MX 7,2013,Manual,Petrol,1500,54000,1750000
van,Toyota,KDH,2011,Manual,Diesel,2500,161483,7500000
car,Toyota,Premio 260,2008,Automatic,Petrol,1500,124000,5500000
car,Suzuki,Alto,2015,Manual,Petrol,800,37000,1790000
car,Toyota,Corolla 141,2008,Automatic,Petrol,1600,130000,3250000
car,Suzuki,Zen,2001,Manual,Petrol,1000,128000,1150000
car,Suzuki,Wagon R,2017,Automatic,Hybrid,650,54000,3275000
car,Toyota,Vitz,2016,Automatic,Electric,1000,47000,4400000
car,Chery,QQ,2002,Manual,Petrol,800,90000,890000
car,Daihatsu,Mira,2015,Automatic,Petrol,650,71000,3350000
car,Toyota,Aqua,2012,Automatic,Hybrid,1500,107000,3650000
van,Toyota,KDH 201,2008,Automatic,Diesel,3000,197000,5800000
car,Toyota,Pixis,2018,Automatic,Petrol,650,18000,2000000
van,Mitsubishi,Mini Cab,2011,Automatic,Petrol,650,120000,2280000
car,Renault,KWID RXT,2016,Manual,Petrol,800,65000,1945000
van,Nissan,Lion Face,2003,Manual,Diesel,1200,212455,3050000
van,Suzuki,Every,2017,Automatic,Petrol,650,48156,3475000
car,Honda,Fit Shuttle,2012,Automatic,Hybrid,1300,130000,3750000
car,Suzuki,Alto,2007,Manual,Petrol,800,140000,1450000
car,Suzuki,Maruti 800,2005,Manual,Petrol,800,81000,1075000
car,Suzuki,Alto,2005,Manual,Petrol,800,225100,1525000
car,Toyota,Passo,2006,Automatic,Petrol,1000,142000,2675000
car,Toyota,Prius 3rd Generation,2012,Automatic,Petrol,1800,120000,3950000
car,Suzuki,Maruti,2007,Manual,Petrol,800,65000,1100000
car,Nissan,March K11,2001,Automatic,Petrol,1000,59905,1750000
van,Nissan,Caravan,2000,Manual,Diesel,2500,275000,4850000
van,Suzuki,Every,2017,Automatic,Petrol,650,38500,3200000
van,Suzuki,Spacia Custom Z,2017,Automatic,Petrol,650,36500,3050000
car,Tata,Nano,2016,Manual,Petrol,650,10000,1350000
car,Suzuki,Alto K10,2011,Manual,Petrol,1000,75000,1700000
car,Suzuki,Maruti 800,2007,Manual,Petrol,800,83000,1090000
car,Honda,Insight,2009,Automatic,Petrol,1300,192000,3200000
car,Suzuki,Wagon R FX,2016,Automatic,Petrol,650,67000,2990000
car,Micro,Panda,2013,Manual,Petrol,1000,32000,1325000
car,Toyota,Axio,2015,Automatic,Hybrid,1500,64000,5300000
car,Hyundai,Elantra,2000,Automatic,Petrol,1600,130000,1475000
car,Nissan,Leaf,2012,Automatic,Electric,80,55000,1375000
car,Toyota,Axio WXB,2017,Automatic,Hybrid,1500,103000,6800000
car,Mitsubishi,Ek Wagon,2017,Automatic,Petrol,650,33000,3600000
car,Hyundai,Elantra,2000,Automatic,Petrol,1600,111000,1330000
car,Chery,QQ,2011,Manual,Petrol,800,51000,995000
car,Toyota,Allion 240,2006,Automatic,Petrol,1500,50132,4675000
car,Suzuki,Alto,2015,Manual,Petrol,800,47189,2040000
car,Hyundai,Elantra,2001,Manual,Petrol,1600,128000,1490000
suv,Micro,Panda Cross,2013,Manual,Petrol,1300,80000,1550000
car,Suzuki,Alto,2015,Manual,Petrol,800,49870,1980000
car,Toyota,Prius,2013,Automatic,Hybrid,1800,97000,4650000
van,Nissan,Vanette,2003,Manual,Diesel,2000,302000,3200000
car,Kia,Spectra,2001,Manual,Petrol,1600,181000,1250000
car,Tata,Indigo,2005,Manual,Petrol,1200,117000,1050000
car,Toyota,Premio,2008,Automatic,Petrol,1800,150000,5190000
car,Suzuki,Maruti,2005,Manual,Petrol,800,130000,1045000
car,Toyota,Vitz,2018,Automatic,Petrol,1000,17000,5300000
car,Toyota,Belta,2007,Automatic,Petrol,1300,75000,3350000
van,Suzuki,Spacia Custom Z,2018,Automatic,Hybrid,650,25000,4100000
car,Suzuki,Alto 800 LXI,2014,Manual,Petrol,800,60000,1775000
car,Honda,Fit Shuttle,2012,Automatic,Petrol,1300,145000,3800000
car,Suzuki,Zen,2002,Manual,Petrol,1000,90000,1060000
car,Zotye,Z100,2018,Manual,Petrol,1000,16000,1400000
pickup,Toyota,Hilux Vigo,2008,Manual,Diesel,2500,232000,5995000
pickup,Mahindra,Bolero,2016,Manual,Diesel,2500,55000,1950000
van,Toyota,KDH,2015,Automatic,Diesel,3000,57000,9675000
van,Suzuki,Omni,2000,Manual,Petrol,800,74000,975000
car,Suzuki,Alto,2015,Manual,Petrol,800,70000,1925000
car,Toyota,Axio,2019,Automatic,Petrol,1300,49000,6650000
car,Toyota,Vitz,2018,Automatic,Petrol,1000,36000,5275000
car,Suzuki,Alto 800,2015,Manual,Petrol,800,24800,2075000
car,Daihatsu,Mira,2015,Automatic,Petrol,650,20000,3150000
car,Toyota,Axio,2016,Automatic,Hybrid,1300,53000,5550000
car,Suzuki,Alto,2006,Manual,Petrol,800,85700,1525000
car,Suzuki,Swift,2008,Automatic,Petrol,1300,119000,3200000
car,Suzuki,Maruti,2010,Manual,Petrol,800,84000,1145000
van,Suzuki,Every,2018,Automatic,Petrol,650,9000,3390000
car,Toyota,Vitz Edition 2,2018,Automatic,Petrol,1000,23200,5350000
suv,Nissan,X-Trail,2016,Automatic,Petrol,2000,69000,6200000
car,Kia,Rio,2005,Automatic,Petrol,1500,124976,1875000
car,Nissan,Leaf,2013,Automatic,Electric,70,39500,1550000
suv,Mitsubishi,Montero,2001,Automatic,Petrol,3500,123000,5300000
car,Toyota,Vitz,2016,Automatic,Petrol,1000,24500,4385000
car,Suzuki,Swift,2006,Automatic,Petrol,1300,112543,2525000
car,Chevrolet,Cruze,2004,Automatic,Petrol,1300,130000,2210000
car,Nissan,March,2001,Automatic,Petrol,1000,85000,1545000
car,Toyota,Prius S Grade,2012,Automatic,Hybrid,1800,93000,3575000
car,Suzuki,Celerio VXI,2015,Automatic,Petrol,1000,42000,2750000
car,Toyota,Aqua G Sport,2014,Automatic,Hybrid,1500,65000,3900000
car,Nissan,Wingroad,2003,Automatic,Petrol,1500,135000,1925000
pickup,Mahindra,Bolero,2014,Manual,Diesel,2500,65000,1580000
car,Toyota,Aqua,2015,Automatic,Hybrid,1500,65000,4725000
van,Toyota,Dolphin 172 Super GL,2000,Automatic,Petrol,2000,229412,4675000
car,Suzuki,Zen,2002,Manual,Petrol,1000,21000,965000
pickup,Toyota,Hilux,2019,Automatic,Diesel,2800,12000,15500000
van,Mazda,Bongo,2007,Automatic,Diesel,2000,197000,3500000
car,Toyota,Allion,2007,Automatic,Petrol,1500,192000,4000000
car,Suzuki,Alto,2017,Manual,Petrol,800,14500,2390000
car,Perodua,Viva Elite,2008,Manual,Petrol,1000,71800,1950000
car,Toyota,Prius,2010,Automatic,Petrol,1800,124000,3300000
suv,Kia,Sorento,2011,Automatic,Petrol,2200,108000,5950000
car,Hyundai,Accent,2004,Automatic,Petrol,1500,88000,1475000
van,Toyota,Dolphin,2003,Manual,Diesel,3000,345000,5995000
van,Toyota,KDH 200 Super GL,2006,Automatic,Diesel,2500,193023,6875000
car,Toyota,Vitz Edition 2,2018,Automatic,Petrol,1000,37000,4355000
car,Mahindra,KUV 100,2020,Manual,Petrol,1200,76,1000000
van,Hyundai,H100,2000,Manual,Diesel,2800,88000,1780000
car,Nissan,Y11,2000,Automatic,Petrol,1300,220000,1750000
car,Suzuki,Alto,2015,Manual,Petrol,800,47000,1990000
car,Toyota,Allion,2007,Automatic,Petrol,1800,106000,6200000
car,Nissan,FB15,2000,Manual,Petrol,1500,128000,2240000
car,Toyota,Allion,2019,Automatic,Petrol,1500,17500,8800000
van,Mazda,Brawny,2006,Automatic,Diesel,2200,105000,3575000
car,Micro,Panda,2016,Manual,Petrol,1000,60000,1610000
car,Nissan,Leaf,2013,Automatic,Electric,80,72000,1900000
car,Toyota,Axio G Grade,2016,Automatic,Hybrid,1500,100000,5100000
van,Suzuki,Every DA17,2016,Automatic,Petrol,650,100400,2925000
car,Toyota,Premio G Superior,2011,Automatic,Petrol,1500,71000,6000000
car,Suzuki,Wagon R FX,2018,Automatic,Hybrid,650,29000,3375000
car,Toyota,Avanza,2012,Manual,Petrol,1500,102000,4150000
car,Suzuki,Alto,2003,Manual,Petrol,800,103000,1275000
car,Toyota,Premio,2017,Automatic,Petrol,1500,55000,9650000
van,Toyota,KDH 200,2006,Automatic,Diesel,2500,190000,5960000
car,Toyota,Aqua G Grade,2013,Automatic,Hybrid,1500,68000,3600000
car,Honda,Grace EX,2018,Automatic,Hybrid,1500,11000,6900000
car,Suzuki,Alto 800 LXI,2015,Manual,Petrol,800,63000,1955000
suv,Toyota,CHR GT TURBO,2017,Automatic,Petrol,1200,39500,7790000
car,Suzuki,Swift,2003,Automatic,Petrol,1300,121000,2275000
car,Suzuki,Alto,2008,Automatic,Petrol,650,92000,2375000
car,Honda,Civic ES8,2001,Automatic,Petrol,1500,200000,2575000
van,Toyota,Townace KR42,2007,Automatic,Petrol,1800,135000,4275000
car,Hyundai,Matrix,2001,Manual,Petrol,1500,183000,1500000
car,Suzuki,Wagon R FZ,2018,Automatic,Hybrid,650,15000,3600000
car,Nissan,Sunny FB15,2001,Automatic,Petrol,1500,140000,2095000
car,Suzuki,Celerio,2015,Automatic,Petrol,1000,60000,2450000
suv,Hyundai,Tuscon,2008,Manual,Diesel,2000,34567,950000
car,Suzuki,Alto Sport,2011,Manual,Petrol,800,74000,1525000
car,Micro,Panda,2012,Manual,Petrol,1000,65000,1190000
car,Suzuki,Alto,2016,Manual,Petrol,800,41000,1865000
car,Toyota,Premio G Superior,2013,Automatic,Petrol,1500,107000,7275000
car,Toyota,Aqua,2012,Automatic,Hybrid,1500,100200,3950000
car,Suzuki,Wagon R Stingray,2014,Automatic,Hybrid,650,62000,2925000
car,Nissan,N16,2003,Manual,Petrol,1300,116000,2225000
car,Micro,Trend,2012,Manual,Petrol,1000,50000,1230000
car,Hyundai,Eon,2015,Manual,Petrol,800,31000,2210000
car,Hyundai,Eon,2018,Manual,Petrol,800,36500,2395000
van,Suzuki,Every,2006,Manual,Petrol,650,125460,2325000
car,Suzuki,Wagon R Stingray,2017,Automatic,Hybrid,650,76000,3125000
car,Micro,MX 7,2012,Manual,Petrol,1500,80000,1585000
car,Toyota,Passo,2007,Automatic,Petrol,1000,70000,2675000
car,Toyota,Corolla 121,2006,Automatic,Petrol,1500,156000,3390000
car,Toyota,Vitz,2000,Automatic,Petrol,1000,147000,2250000
car,Toyota,Premio,2015,Automatic,Petrol,1500,66000,7700000
car,Honda,Fit GP1,2013,Automatic,Hybrid,1300,80000,2950000
van,Toyota,Noah,2003,Automatic,Petrol,1800,175000,3600000
car,Tata,Indica V2,2007,Manual,Petrol,1500,80000,980000
pickup,Toyota,Hilux,2007,Manual,Diesel,2500,197000,5450000
car,Toyota,Premio,2018,Automatic,Petrol,1500,29000,9825000
car,Micro,Geely MX7,2013,Manual,Petrol,1500,172000,1450000
van,Nissan,Clipper,2019,Automatic,Petrol,650,21560,2750000
van,Suzuki,Every,2014,Automatic,Petrol,650,115000,2790000
car,Nissan,Leaf,2013,Automatic,Electric,70,50000,1575000
pickup,Mahindra,Bolero,2017,Manual,Diesel,2500,70000,2465000
pickup,Tata,Xenon,2016,Manual,Diesel,3000,93550,1750000
car,Toyota,AE110 ,2000,Automatic,Petrol,1500,180000,2050000
suv,Toyota,CHR,2019,Automatic,Petrol,1200,18970,9100000
van,Suzuki,Every,2014,Automatic,Petrol,650,70000,2790000
van,Toyota,Dolphin,2001,Automatic,Diesel,2800,400000,4800000
car,Micro,Panda,2015,Automatic,Petrol,1000,76000,1425000
car,Kia,Rio,2006,Manual,Petrol,1500,60000,1425000
car,Suzuki,Swift,2018,Automatic,Petrol,1200,7500,4925000
car,Toyota,Corolla 121,2006,Manual,Petrol,1300,280000,2950000
car,Tata,Nano,2016,Manual,Petrol,650,123000,1275000
van,Suzuki,Every DA17,2017,Automatic,Petrol,650,45600,2180000
car,Hyundai,Eon,2015,Manual,Petrol,800,170000,1860000
car,Chery,QQ,2011,Manual,Petrol,800,46000,1050000
van,Toyota,KDH,2012,Manual,Diesel,2500,300000,3800000
car,Nissan,Leaf,2013,Automatic,Electric,70,77000,1785000
car,Mitsubishi,CS1,2003,Automatic,Petrol,1300,50000,2400000
car,Toyota,Axio,2015,Automatic,Petrol,1500,91000,4900000
van,Nissan,E25,2006,Manual,Diesel,3000,290000,4050000
car,Suzuki,Maruti 800,2005,Manual,Petrol,800,170000,1050000
car,Mazda,6,2016,Automatic,Petrol,2000,33000,9000000
car,Suzuki,Wagon R FZ,2017,Automatic,Hybrid,650,38000,3390000
car,Toyota,Avanza,2011,Manual,Petrol,1300,113850,3200000
car,Suzuki,Swift Center Antenna,2004,Automatic,Petrol,1300,148000,2540000
car,Suzuki,Swift,2007,Manual,Petrol,1300,180000,2175000
car,Toyota,Vitz,2008,Automatic,Petrol,1000,85000,2750000
car,Perodua,Viva Elite,2011,Automatic,Petrol,1000,74000,2040000
van,Suzuki,Every,2016,Automatic,Petrol,650,90000,3000000
van,Nissan,Vanette,2006,Automatic,Petrol,1800,198000,2675000
pickup,Tata,207,2011,Manual,Diesel,3000,100000,1150000
car,Honda,Fit Shuttle,2014,Automatic,Hybrid,1300,79000,4375000
car,Nissan,AD WAGON VY11,2003,Automatic,Petrol,1300,200000,1990000
car,Toyota,Vitz,2018,Automatic,Petrol,1000,44000,5290000
car,Toyota,Allion,2013,Automatic,Petrol,1500,85000,6600000
van,Toyota,Hiace KDH 201 GL,2015,Automatic,Diesel,3000,12000,9750000
car,Suzuki,Maruti 800,2006,Manual,Petrol,800,95000,1115000
suv,Toyota,CHR GT TURBO,2017,Automatic,Petrol,1200,15000,7775000
car,Suzuki,Wagon R Stingray,2017,Automatic,Petrol,650,19200,3650000
car,Suzuki,Maruti,2007,Manual,Petrol,800,69000,975000
car,Toyota,Premio,2011,Automatic,Petrol,1500,167000,5675000
car,Chevrolet,Aveo,2010,Manual,Petrol,1400,265000,2850000
van,Nissan,NV350,2012,Automatic,Diesel,2500,160000,6500000
car,Suzuki,Swift,2010,Automatic,Petrol,1300,128000,3375000
car,Suzuki,Wagon R FX,2018,Automatic,Hybrid,650,23500,3000000
car,Toyota,Vitz,2018,Automatic,Petrol,1000,34000,5250000
car,Suzuki,Wagon R FX,2016,Automatic,Hybrid,650,73000,2390000
car,Toyota,Allion 260,2007,Automatic,Petrol,1500,123000,4790000
car,Nissan,FB15,2000,Automatic,Petrol,1500,116346,2195000
pickup,Mahindra,Bolero,2016,Manual,Diesel,2500,110000,1650000
car,Suzuki,Alto 800,2011,Manual,Petrol,800,120000,1660000
car,Toyota,Axio,2008,Automatic,Petrol,1500,105000,4375000
suv,Toyota,CHR,2017,Automatic,Petrol,1200,20800,6900000
car,Honda,Grace EX,2015,Automatic,Hybrid,1500,76000,4380000
car,Suzuki,Alto,2015,Manual,Petrol,800,49000,2010000
car,Toyota,Vitz,2015,Automatic,Petrol,1000,41000,4360000
van,Mitsubishi,Mini Cab,2015,Automatic,Petrol,650,112000,2250000
car,Toyota,Soluna,2001,Automatic,Petrol,1500,265000,1850000
van,Nissan,Caravan,2008,Automatic,Diesel,3000,78000,4650000
car,Suzuki,Wagon R FZ,2017,Automatic,Petrol,650,52000,2900000
van,Toyota,Dolphin,2003,Manual,Diesel,2700,397000,5800000
car,Suzuki,Alto,2015,Manual,Petrol,800,92000,1950000
car,Toyota,Allion,2013,Automatic,Petrol,1500,60000,6500000
car,Suzuki,Wagon R Stingray,2017,Automatic,Petrol,650,52900,3550000
car,Honda,N Box,2018,Automatic,Petrol,650,38000,3525000
car,Suzuki,Alto Japan,2004,Automatic,Petrol,650,170000,1800000
car,Suzuki,Wagon R FZ,2018,Automatic,Hybrid,650,28450,3550000
car,Toyota,Tank,2017,Automatic,Petrol,1000,36000,5125000
car,Nissan,FB15,2001,Automatic,Petrol,1500,180000,2425000
car,Suzuki,Wagon R Stingray,2014,Automatic,Hybrid,650,43000,2600000
car,Suzuki,Maruti 800,2007,Manual,Petrol,800,59000,1140000
car,Suzuki,A-Star,2011,Manual,Petrol,1000,105000,2025000
car,Suzuki,Alto 800,2014,Manual,Petrol,800,110000,1850000
car,Suzuki,Zen,2005,Manual,Petrol,1000,133000,1200000
car,Suzuki,Alto K10,2012,Manual,Petrol,1000,77000,1665000
car,Suzuki,Alto Sport,2010,Manual,Petrol,800,84000,1630000
car,Suzuki,Maruti,2006,Manual,Petrol,800,60000,1125000
car,Toyota,Vitz,2016,Automatic,Petrol,1000,32000,4590000
car,Toyota,Aqua,2014,Automatic,Hybrid,1500,55000,4050000
car,Toyota,Vitz,2016,Automatic,Petrol,1000,27500,4000000
car,Suzuki,Swift,2003,Automatic,Petrol,1300,9500,2300000
car,Suzuki,SX4,2010,Automatic,Petrol,1600,138000,3400000
car,Mazda,Demio,2001,Automatic,Petrol,1300,115000,1650000
suv,Micro,Rexton,2014,Automatic,Diesel,2700,60000,6850000
car,Nissan,March,2003,Automatic,Petrol,1000,80000,1850000
car,Toyota,Aqua G Sport,2014,Automatic,Petrol,1500,58500,4950000
van,Nissan,Clipper,2017,Automatic,Petrol,650,56000,3175000
car,Suzuki,Alto,2011,Manual,Petrol,800,47500,1470000
car,Toyota,Corolla 121,2003,Automatic,Petrol,1500,120000,3250000
car,Suzuki,Wagon R Stingray,2018,Automatic,Hybrid,650,65000,3575000
car,Chery,QQ,2008,Manual,Petrol,800,79000,1050000
car,Honda,Vezel,2014,Automatic,Hybrid,1500,80000,4890000
car,Toyota,Vitz,2000,Automatic,Petrol,1000,80000,2200000
car,Suzuki,Alto,2015,Manual,Petrol,800,55000,1950000
car,Toyota,Axio G Grade,2015,Automatic,Hybrid,1500,82000,5490000
car,Honda,Fit Aria,2005,Automatic,Petrol,1500,127300,2630000
car,Suzuki,Alto 800 LXI,2015,Manual,Petrol,800,56908,2105000
suv,Toyota,Fortuner,2013,Automatic,Diesel,3000,108000,10500000
van,Suzuki,Spacia Custom,2018,Automatic,Petrol,650,68000,4525000
car,Toyota,Aqua S Grade,2015,Automatic,Hybrid,1500,82000,3850000
car,Honda,City,2000,Manual,Petrol,1500,195316,1525000
car,Toyota,AE110 ,2000,Automatic,Petrol,1500,200000,2100000
car,Suzuki,Wagon R FX,2017,Automatic,Hybrid,650,50000,2790000
car,Honda,Fit GP1,2012,Automatic,Petrol,1300,90118,2875000
car,Toyota,Allion 260,2013,Automatic,Petrol,1500,120000,6350000
car,Toyota,Vios,2003,Automatic,Petrol,1500,100512,2980000
car,Suzuki,Maruti,2007,Manual,Petrol,800,62000,1100000
van,Nissan,Caravan,2003,Automatic,Diesel,3000,145000,4325000
car,Suzuki,Alto,2015,Manual,Petrol,800,29000,1990000
car,Toyota,Premio G Superior,2008,Automatic,Petrol,1500,88000,5575000
van,Nissan,Super GL,2016,Automatic,Petrol,3000,52000,7300000
car,Nissan,Super Saloon,2004,Manual,Petrol,1300,175900,2250000
car,Suzuki,Maruti,2006,Manual,Petrol,800,85000,1095000
van,Micro,MPV,2016,Manual,Petrol,1000,70000,1275000
car,Toyota,Premio 240,2007,Automatic,Petrol,1500,88900,4625000
car,Toyota,Allion,2011,Automatic,Petrol,1500,76501,5650000
car,Suzuki,Wagon R Stingray,2015,Automatic,Petrol,650,76000,3035000
suv,Honda,CRV,2019,Automatic,Petrol,1500,2900,13900000
car,Toyota,Vios,2003,Automatic,Petrol,1500,125000,2850000
van,Toyota,Hiace,2000,Manual,Diesel,3000,208833,5500000
car,Toyota,Vitz,2016,Automatic,Petrol,1000,32000,4550000
car,Toyota,Aqua G Grade,2013,Automatic,Hybrid,1500,46000,3990000
van,Suzuki,Every,2015,Automatic,Petrol,650,60000,2700000
car,Suzuki,Wagon R Stingray,2018,Automatic,Hybrid,650,40000,3895000
van,Toyota,Dolphin,2004,Automatic,Diesel,2000,80000,5300000
suv,Toyota,CHR,2017,Automatic,Petrol,1800,55000,7650000
car,Micro,MX 7,2012,Manual,Petrol,1500,84000,1575000
car,Toyota,Allion 260,2007,Automatic,Petrol,1500,181000,4050000
car,Suzuki,Maruti,2004,Manual,Petrol,800,132400,995000
car,Toyota,Axio WXB,2017,Automatic,Hybrid,1500,36000,6550000
car,Honda,Grace,2016,Automatic,Hybrid,1500,29000,6000000
car,Suzuki,Alto,2016,Automatic,Petrol,650,44683,2500000
car,Toyota,Allion,2008,Automatic,Petrol,1500,115000,4650000
car,Nissan,FB15 Ex Saloon,2000,Automatic,Petrol,1500,132000,2300000
car,Honda,Fit Shuttle,2014,Automatic,Petrol,1500,50000,4500000
van,Toyota,KDH,2013,Automatic,Petrol,2500,150000,6200000
car,Hyundai,Elantra,2000,Manual,Petrol,1400,281783,1275000
car,Suzuki,Alto K10,2012,Manual,Petrol,1000,90000,1850000
car,Suzuki,Alto,2010,Manual,Petrol,800,87000,1625000
car,Suzuki,Maruti 800,2006,Manual,Petrol,800,125000,1100000
car,Suzuki,Maruti,2006,Manual,Petrol,800,77000,1075000
pickup,Mahindra,Bolero,2016,Manual,Diesel,2500,31568,2125000
car,Nissan,Bluebird,2008,Automatic,Petrol,2000,153000,3800000
car,Micro,Panda,2015,Manual,Petrol,1000,20000,1600000
car,Nissan,Sunny,2000,Automatic,Petrol,1500,163000,2025000
car,Toyota,Allion 240,2004,Automatic,Petrol,1500,121000,4250000
car,Toyota,Premio G Superior,2017,Automatic,Petrol,1500,66000,8690000
car,Toyota,Corolla 121,2000,Automatic,Petrol,1500,155000,2875000
car,Mitsubishi,Lancer,2008,Manual,Petrol,1300,142000,2450000
car,Perodua,Kelisa,2006,Manual,Petrol,1000,172000,1595000
car,Suzuki,Swift,2008,Automatic,Petrol,1300,95000,2600000
car,Toyota,Axio Fielder,2007,Automatic,Petrol,1500,118000,2975000
car,Tata,Indica,2005,Manual,Petrol,1500,101000,1100000
van,Toyota,Dolphin,2007,Manual,Diesel,3000,70000,3600000
van,Toyota,KDH Super GL,2008,Automatic,Diesel,3000,127000,7100000
car,Toyota,Premio,2017,Automatic,Petrol,1500,34000,9390000
van,Nissan,Caravan,2002,Manual,Diesel,3000,22000,4350000
car,Toyota,Premio,2018,Automatic,Petrol,1500,7903,10600000
suv,Nissan,X-Trail,2016,Automatic,Hybrid,2000,56000,6900000
car,Micro,Panda Cross,2014,Manual,Petrol,1300,47322,1795000
car,Suzuki,Maruti 800,2005,Manual,Petrol,800,80000,1020000
suv,Mahindra,KUV 100 NXT,2020,Manual,Petrol,1200,115,3395000
car,Toyota,Premio,2013,Automatic,Petrol,1500,66500,6835000
car,Suzuki,Alto 800,2015,Manual,Petrol,800,66564,1800000
pickup,Tata,Xenon,2015,Manual,Diesel,3000,106000,1650000
van,Nissan,NV200,2011,Automatic,Petrol,1600,118000,3950000
car,Toyota,Corolla 141,2008,Automatic,Petrol,1600,90000,3550000
van,Mazda,Bongo,2006,Manual,Diesel,2000,200000,3600000
car,Toyota,Aqua,2014,Automatic,Hybrid,1500,41000,4000000
car,Suzuki,Alto,2016,Manual,Petrol,800,59200,2290000
van,Toyota,KDH 200,2006,Automatic,Diesel,2500,250210,6425000
car,Suzuki,Swift,2004,Automatic,Petrol,1300,107000,2540000
van,Nissan,NV350,2014,Automatic,Diesel,3000,76000,7000000
van,Toyota,KR42,2006,Automatic,Petrol,1900,99000,3950000
van,Suzuki,Every,2018,Automatic,Petrol,650,34000,3500000
car,Toyota,Prius S Touring,2014,Automatic,Petrol,1800,88000,4650000
pickup,Toyota,Hilux Vigo,2007,Manual,Diesel,3000,198000,5690000
car,Hyundai,Eon,2016,Manual,Petrol,800,49000,2300000
car,Hyundai,Eon,2016,Manual,Petrol,800,21000,2255000
car,Nissan,Leaf,2012,Automatic,Electric,80,43000,1625000
car,Micro,Trend,2015,Manual,Petrol,1000,60000,1100000
pickup,Mahindra,Bolero,2012,Manual,Diesel,2500,50000,1350000
pickup,Nissan,Navara,2007,Manual,Diesel,2500,124000,3200000
van,Suzuki,Every,2013,Automatic,Petrol,650,64100,2975000
car,Toyota,Allion,2018,Automatic,Petrol,1500,47000,8150000
car,Nissan,FB15,2000,Automatic,Petrol,1500,165000,2280000
car,Micro,Panda Cross,2014,Manual,Petrol,1300,69000,1690000
car,Toyota,Vitz,2007,Automatic,Petrol,1000,99421,2750000
car,Nissan,March AK12,2003,Automatic,Petrol,1300,83000,2200000
car,Toyota,Vitz,2007,Automatic,Petrol,1000,112000,3225000
suv,Micro,Rexton,2009,Automatic,Diesel,2700,143000,4490000
car,Nissan,Sunny N16,2002,Manual,Petrol,1500,160000,1980000
car,Suzuki,Alto,2011,Manual,Petrol,800,73500,1435000
car,Mazda,RX-8,2007,Automatic,Petrol,1300,62000,3790000
car,Perodua,Viva Elite,2013,Automatic,Petrol,1000,95000,2650000
car,Suzuki,Alto 800,2014,Manual,Petrol,800,41000,1900000
pickup,Toyota,Hilux,2000,Manual,Diesel,2800,200000,3550000
car,Suzuki,Wagon R Stingray,2015,Automatic,Petrol,650,19000,2500000
suv,Toyota,CHR,2018,Automatic,Petrol,1200,8145,8575000
car,Honda,Fit GP5,2015,Automatic,Hybrid,1500,22000,4500000
car,Toyota,Prius,2014,Automatic,Petrol,1800,134000,3900000
car,Toyota,Aqua,2013,Automatic,Petrol,1500,79000,3375000
car,Nissan,Tiida,2008,Automatic,Petrol,1500,90000,2800000
car,Suzuki,Hustler,2015,Automatic,Hybrid,650,33000,3500000
car,Toyota,Corolla 121,2000,Automatic,Petrol,1500,180000,2880000
car,Suzuki,Alto,2015,Manual,Petrol,800,72500,1980000
car,Tata,Nano,2011,Manual,Petrol,650,80000,825000
car,Datsun,Redi-GO,2016,Manual,Petrol,800,60000,1625000
car,Suzuki,Wagon R Stingray,2014,Automatic,Petrol,650,63000,2885000
car,Toyota,Axio,2015,Automatic,Hybrid,1500,65000,4700000
car,Suzuki,Maruti,2007,Manual,Petrol,800,72710,1250000
car,Toyota,Allion 260,2007,Automatic,Petrol,1500,115000,4625000
car,Toyota,IST,2003,Automatic,Petrol,1300,160000,2400000
car,Suzuki,Alto K10,2011,Manual,Petrol,1000,98000,1675000
car,Suzuki,Maruti,2012,Manual,Petrol,650,63000,1260000
van,Toyota,KDH 201,2008,Automatic,Diesel,3000,215000,6500000
car,Nissan,Sunny N16,2000,Automatic,Petrol,1600,150140,2300000
suv,Mitsubishi,Pajero,2002,Manual,Petrol,1800,166000,2500000
car,Toyota,Wigo,2018,Automatic,Petrol,1000,5856,4275000
car,Tata,Nano,2012,Manual,Petrol,650,112000,965000
car,Toyota,Allion,2010,Automatic,Petrol,1500,126000,5425000
van,Nissan,Vanette,2006,Manual,Diesel,2200,156000,3550000
car,Suzuki,Wagon R FX,2014,Automatic,Petrol,650,74226,2725000
car,Toyota,Passo,2004,Automatic,Petrol,1000,86250,2450000
van,Nissan,Vanette Lion Face,2001,Manual,Diesel,2200,173000,3150000
suv,Nissan,X-Trail,2016,Automatic,Hybrid,2000,107000,6250000
car,Toyota,Prius,2011,Automatic,Petrol,1800,111847,3850000
car,Nissan,March K11,2001,Automatic,Petrol,1000,140100,1650000
car,Suzuki,Swift,2004,Automatic,Petrol,1300,120700,2175000
car,Nissan,Super Saloon,2000,Automatic,Petrol,1500,200000,1850000
pickup,Mahindra,Bolero,2011,Manual,Diesel,2500,19000,1575000
suv,Honda,Vezel,2014,Automatic,Petrol,1500,120000,5025000
car,Toyota,Axio,2014,Automatic,Hybrid,1500,130000,4300000
car,Toyota,Vitz,2018,Automatic,Petrol,1000,11750,4295000
van,Toyota,Hiace,2010,Manual,Diesel,3000,200000,2950000
suv,Honda,Vezel Z Grade,2014,Automatic,Hybrid,1500,60000,5500000
car,Toyota,Passo,2004,Automatic,Petrol,1000,120000,2060000
car,Suzuki,Wagon R FZ,2017,Automatic,Petrol,650,65000,2900000
pickup,Mahindra,Bolero,2006,Manual,Diesel,2500,163000,910000
car,Toyota,Axio,2017,Automatic,Hybrid,1500,90000,5825000
car,Suzuki,Wagon R Stingray,2016,Automatic,Hybrid,650,39000,3150000
van,Suzuki,Every,2006,Automatic,Petrol,650,105000,2100000
car,Toyota,Prius,2011,Automatic,Hybrid,1800,101000,3275000
car,Suzuki,Alto Sport,2016,Manual,Petrol,800,60500,2075000
car,Honda,Fit Shuttle,2011,Automatic,Petrol,1300,86000,3650000
car,Toyota,Aqua,2015,Automatic,Hybrid,1500,22000,4800000
car,Toyota,Aqua,2012,Automatic,Hybrid,1500,88000,3625000
suv,Hyundai,Santa Fe,2011,Manual,Petrol,2400,167000,4435000
car,Suzuki,Alto,2007,Manual,Petrol,800,71000,1565000
van,Suzuki,Every,2002,Manual,Petrol,650,180000,1675000
car,Suzuki,Alto,2003,Manual,Petrol,800,168000,1350000
car,Honda,Grace,2017,Automatic,Hybrid,1500,40000,5725000
car,Toyota,Corolla Axio,2015,Automatic,Hybrid,1500,110000,5375000
car,Hyundai,Accent,2003,Manual,Petrol,1300,170000,1325000
van,Toyota,Dolphin,2002,Automatic,Diesel,2700,300000,5400000
car,Honda,Fit,2012,Automatic,Hybrid,1300,168000,2800000
car,Toyota,Passo,2010,Automatic,Petrol,1000,82000,3250000
car,Mazda,Familia,2001,Automatic,Petrol,1300,100000,2000000
van,Toyota,Hiace,2007,Manual,Diesel,2500,153860,3975000
car,Toyota,Prius,2013,Manual,Hybrid,1800,79002,4790000
van,Daihatsu,Hijet,2002,Automatic,Petrol,650,100000,1425000
car,Toyota,Premio,2017,Automatic,Petrol,1500,43000,7250000
car,Tata,Indigo,2006,Manual,Petrol,1500,115000,1465000
car,Honda,Fit,2012,Automatic,Hybrid,1300,89000,2850000
car,Toyota,Corolla,2003,Automatic,Petrol,1500,145000,2950000
suv,Micro,Kyron,2009,Automatic,Diesel,2000,136000,3275000
car,Toyota,Tank,2017,Automatic,Petrol,1000,21786,5175000
car,Suzuki,Alto,2012,Manual,Petrol,800,81000,1600000
car,Suzuki,Alto 800,2015,Manual,Petrol,800,52000,2025000
pickup,Mahindra,Bolero,2015,Manual,Diesel,2500,36000,1900000
car,Suzuki,Alto 800,2015,Manual,Petrol,800,15000,2100000
car,Suzuki,Wagon R FZ,2018,Automatic,Petrol,650,40000,3395000
van,Toyota,Hiace,2014,Automatic,Diesel,3000,127000,8400000
car,Toyota,Yaris,2020,Automatic,Petrol,1000,2200,5850000
suv,Kia,Sportage,2000,Manual,Diesel,2000,200300,2400000
car,Suzuki,Maruti 800,2007,Manual,Petrol,800,61000,1200000
car,Suzuki,Alto Japan,2003,Automatic,Petrol,650,103000,1525000
pickup,Toyota,Hilux Rocco,2020,Automatic,Diesel,2800,535,10890000
car,Toyota,Premio,2018,Automatic,Petrol,1500,27000,9750000
car,Toyota,Prius 3rd Generation,2011,Automatic,Hybrid,1800,85000,3450000
car,Suzuki,Maruti,2007,Manual,Petrol,800,57000,1150000
van,Nissan,Vanette,2007,Manual,Petrol,1500,90000,3175000
car,Honda,Freed,2013,Automatic,Hybrid,1500,85000,4300000
van,Suzuki,Every,2016,Manual,Petrol,650,99000,3050000
van,Toyota,KDH,2006,Automatic,Diesel,3000,219068,6200000
car,Mitsubishi,Lancer GLX,2008,Manual,Petrol,1500,42000,2950000
car,Suzuki,Maruti,2011,Manual,Petrol,800,46000,1200000
car,Nissan,Dayz Highway Star,2018,Automatic,Petrol,650,14000,3525000
van,Honda,Fit Shuttle,2014,Automatic,Petrol,1300,75000,4650000
car,Mazda,Familia,2002,Automatic,Petrol,1500,125000,2300000
car,Nissan,N16 Super Saloon,2000,Manual,Petrol,1300,200000,1950000
pickup,Mitsubishi,L200,2010,Manual,Diesel,2500,240000,2750000
car,Suzuki,Wagon R Stingray,2017,Automatic,Petrol,650,39000,3145000
car,Toyota,Axio WXB,2018,Automatic,Hybrid,1500,13000,6890000
car,Honda,Fit Shuttle,2012,Automatic,Petrol,1300,96000,3500000
car,Chery,QQ,2006,Manual,Petrol,800,49000,890000
suv,Mitsubishi,Montero,2002,Automatic,Petrol,3500,130000,6200000
car,Nissan,Leaf Azeo,2012,Automatic,Electric,70,65000,1260000
van,Mazda,Bongo,2006,Manual,Diesel,2000,284500,2850000
car,Perodua,Kelisa,2007,Automatic,Petrol,1000,109412,1700000
car,Toyota,Avanza,2010,Manual,Petrol,1300,103000,3275000
car,Suzuki,Alto,2004,Automatic,Petrol,650,159600,1750000
car,Tata,Nano Twist,2017,Automatic,Petrol,650,15500,1535000
car,Toyota,Axio,2018,Automatic,Petrol,1300,55000,6500000
van,Toyota,KDH 200,2007,Automatic,Diesel,2500,200000,6625000
car,Honda,Fit Shuttle,2012,Automatic,Hybrid,1500,135000,3695000
car,Suzuki,Celerio,2015,Automatic,Petrol,1000,32000,2725000
car,Suzuki,Wagon R Stingray,2015,Automatic,Petrol,650,65000,2850000
van,Nissan,Vanette,2006,Automatic,Diesel,2000,193000,4400000
car,Suzuki,Alto,2006,Manual,Petrol,800,108884,1400000
car,Suzuki,Wagon R Stingray,2017,Automatic,Petrol,650,65252,3665000
car,Suzuki,Wagon R Stingray,2016,Automatic,Hybrid,650,52000,2800000
car,Suzuki,Alto K10,2015,Manual,Petrol,1000,55183,2125000
van,Suzuki,Every,2017,Automatic,Petrol,650,18700,2425000
car,Toyota,Prius S Grade,2012,Automatic,Hybrid,1800,105600,3575000
car,Suzuki,Alto,2015,Manual,Petrol,800,32000,1830000
suv,Micro,Kyron,2008,Automatic,Diesel,2000,112968,3175000
car,Micro,Panda,2015,Manual,Petrol,1000,20000,1410000
suv,Micro,Rexton,2015,Automatic,Diesel,2700,115000,6500000
van,Nissan,Caravan,2006,Automatic,Diesel,3000,178000,3590000
car,Nissan,Leaf,2015,Automatic,Electric,80,68000,2195000
car,Suzuki,Maruti,2007,Manual,Petrol,800,63000,1140000
car,Nissan,FB15,2000,Automatic,Petrol,1500,180000,2275000
car,Tata,Nano,2015,Manual,Petrol,650,155000,1225000
van,Daihatsu,Hijet,2001,Manual,Petrol,650,220000,1250000
suv,Honda,HRV,2000,Automatic,Petrol,2000,180000,2550000
car,Toyota,Vitz Edition 3,2019,Automatic,Petrol,1000,15000,5575000
suv,Honda,Vezel,2015,Automatic,Petrol,1500,60000,5700000
van,Toyota,KDH,2018,Automatic,Diesel,2500,75000,9875000
suv,Kia,Sportage,2012,Manual,Diesel,2000,101000,4800000
van,Nissan,Super GL,2007,Automatic,Diesel,3000,169000,6900000
car,Micro,Panda,2016,Manual,Petrol,1000,50000,1625000
car,Suzuki,Alto,2015,Manual,Petrol,800,38683,1795000
car,Suzuki,Wagon R Stingray,2014,Automatic,Petrol,650,48000,2855000
car,Suzuki,Wagon R,2014,Automatic,Hybrid,650,64500,2900000
car,Suzuki,Alto,2003,Automatic,Petrol,650,88459,1800000
car,Toyota,Yaris,2008,Automatic,Petrol,1300,98000,3250000
car,Renault,KWID,2016,Manual,Petrol,800,24000,1850000
car,Suzuki,Wagon R Stingray,2016,Automatic,Petrol,650,40300,2385000
car,Tata,Nano,2012,Manual,Petrol,650,130000,780000
car,Toyota,Premio,2017,Automatic,Petrol,1500,34000,9190000
car,Toyota,Axio,2013,Automatic,Hybrid,1500,72000,4695000
car,Suzuki,Wagon R Stingray,2018,Automatic,Petrol,650,37275,3690000
car,Nissan,Primera,2000,Automatic,Petrol,1800,172585,1950000
car,Nissan,Leaf Azeo,2019,Automatic,Electric,80,31000,1600000
pickup,Mahindra,Bolero,2015,Manual,Diesel,2500,40353,2075000
car,Suzuki,Maruti 800,2005,Manual,Petrol,800,42000,1150000
car,Daihatsu,Mira,2018,Automatic,Petrol,650,7000,3890000
car,Toyota,Prius,2013,Automatic,Hybrid,1800,71000,4600000
suv,Mitsubishi,Montero,2001,Automatic,Diesel,3200,150000,7200000
car,Toyota,Corolla,2004,Automatic,Petrol,1500,160000,2975000
car,Honda,Fit Shuttle,2014,Automatic,Hybrid,1300,55000,4250000
suv,Mitsubishi,Montero,2000,Manual,Diesel,2800,136000,7850000
car,Toyota,Starlet,2000,Manual,Petrol,1300,265000,1500000
car,Suzuki,Alto Japan,2007,Automatic,Petrol,650,122500,1890000
car,Suzuki,Wagon R FZ,2014,Automatic,Hybrid,650,50000,2440000
car,Tata,Indica V2,2014,Manual,Petrol,1200,22000,1425000
car,Suzuki,Maruti,2007,Manual,Petrol,800,70000,1225000
car,Honda,Fit Shuttle,2014,Automatic,Hybrid,1500,99000,3625000
car,Suzuki,Maruti,2006,Manual,Petrol,800,79000,1060000
car,Chevrolet,Aveo,2008,Manual,Petrol,1300,105000,2470000
van,Nissan,Caravan,2014,Automatic,Diesel,2500,100000,6600000
car,Nissan,March,2001,Automatic,Petrol,1000,121000,1775000
car,Toyota,Vitz,2017,Automatic,Petrol,1000,48840,4375000
car,Nissan,Super Saloon,2003,Manual,Petrol,1300,300000,1875000
car,Renault,KWID,2016,Manual,Petrol,800,17853,1745000
suv,Mitsubishi,Outlander,2014,Automatic,Hybrid,2000,61000,7990000
car,Toyota,Premio,2014,Automatic,Petrol,1500,98000,7075000
car,Daihatsu,Mira,2017,Automatic,Petrol,650,7400,3410000
van,Nissan,Clipper,2017,Automatic,Petrol,650,42500,2875000
car,Hyundai,Accent,2002,Manual,Petrol,1300,102000,1575000
car,Suzuki,Maruti,2006,Manual,Petrol,800,75000,1150000
car,Suzuki,Wagon R FX,2017,Automatic,Hybrid,650,13286,3100000
car,Suzuki,Maruti 800,2006,Manual,Petrol,800,60000,1170000
car,Suzuki,Alto,2015,Manual,Petrol,800,40000,2050000
van,Toyota,KDH 201,2012,Automatic,Diesel,3000,100000,7250000
car,Suzuki,Wagon R FZ,2018,Automatic,Hybrid,650,22000,3050000
van,Toyota,Townace Noah,2011,Automatic,Petrol,1800,151000,3200000
van,Suzuki,Every,2004,Manual,Petrol,1300,187200,1550000
van,Suzuki,Every,2016,Automatic,Petrol,650,38000,2390000
pickup,Mahindra,Bolero,2015,Manual,Diesel,2500,68000,2395000
car,Suzuki,Alto,2015,Manual,Petrol,800,56000,1935000
car,Suzuki,Wagon R,2014,Automatic,Petrol,650,33200,2490000
van,Nissan,E25,2007,Automatic,Diesel,3000,60000,4500000
van,Nissan,NV200,2015,Automatic,Petrol,1500,72000,4700000
car,Micro,MX 7 Geely,2013,Manual,Petrol,1300,80000,1700000
car,Micro,Panda,2015,Manual,Petrol,1000,19500,1650000
suv,Honda,Vezel,2014,Automatic,Petrol,1500,86000,4650000
car,Suzuki,Alto,2011,Manual,Petrol,800,90000,1630000
van,Daihatsu,Hijet,2016,Automatic,Petrol,650,41000,3250000
car,Renault,KWID,2016,Manual,Petrol,800,16200,1850000
van,Daihatsu,Hijet,2000,Manual,Petrol,1300,88000,1450000
car,Nissan,Y11,2006,Automatic,Petrol,1300,200000,2460000
car,Suzuki,Alto,2006,Manual,Petrol,1000,96000,1300000
van,Toyota,KR42,2005,Automatic,Diesel,1800,190000,3200000
van,Daihatsu,Hijet,2010,Manual,Diesel,650,85000,7500000
van,Toyota,CR42,2000,Manual,Diesel,2000,175700,4350000
car,Toyota,Aqua,2013,Automatic,Hybrid,1500,92000,3700000
car,Toyota,Allion 260,2007,Automatic,Petrol,1500,120000,4275000
pickup,Toyota,Hilux,2007,Manual,Diesel,2500,98000,4750000
car,Hyundai,Eon,2016,Manual,Petrol,800,54000,2050000
car,Nissan,FB15 Ex Saloon,2003,Automatic,Petrol,1500,127000,2690000
car,Micro,Panda LC 1.0,2014,Manual,Petrol,1000,46000,1400000
car,Micro,Trend,2008,Manual,Petrol,1000,78000,1025000
van,Nissan,Caravan,2006,Automatic,Diesel,3000,120000,4450000
car,Daihatsu,Mira,2017,Automatic,Petrol,650,18650,3450000
car,Toyota,Vitz,2013,Automatic,Petrol,1000,71500,3850000
car,Toyota,Aqua,2013,Automatic,Hybrid,1500,65000,3850000
car,Hyundai,Trajet,2000,Automatic,Diesel,2200,180000,1875000
car,Toyota,Vitz,2016,Automatic,Petrol,1000,60000,4350000
car,Toyota,Aqua G Grade,2012,Automatic,Hybrid,1500,60000,3680000
van,Toyota,Noah,2014,Automatic,Hybrid,1800,45000,7200000
car,Toyota,Corolla,2011,Automatic,Petrol,1600,130000,4390000
car,Toyota,Vitz,2016,Automatic,Petrol,1000,36700,4875000
car,Toyota,Prius,2013,Automatic,Petrol,1800,74800,4930000
car,Toyota,Corolla 121,2006,Automatic,Petrol,1300,143000,3550000
car,Suzuki,Wagon R,2018,Automatic,Petrol,650,36500,3140000
car,Perodua,Kelisa,2007,Automatic,Petrol,1000,125849,1975000
car,Toyota,Aqua,2014,Automatic,Hybrid,1500,84000,3790000
car,Suzuki,Maruti,2006,Manual,Petrol,800,45000,1095000
car,Suzuki,Swift,2005,Automatic,Petrol,1300,90000,2490000
car,Suzuki,Swift,2003,Automatic,Petrol,1300,100000,2250000
car,Toyota,Vitz,2016,Automatic,Petrol,1000,33000,4690000
pickup,Mahindra,Bolero,2011,Manual,Diesel,2500,52000,1650000
car,Perodua,Viva Elite Premium,2011,Automatic,Petrol,1000,91200,2175000
car,Suzuki,Wagon R Stingray,2014,Automatic,Hybrid,650,53000,2560000
car,Suzuki,Maruti,2007,Manual,Petrol,800,45000,1150000
car,Toyota,Axio,2010,Automatic,Petrol,1500,165200,3950000
car,Nissan,N16 Super Saloon,2007,Manual,Petrol,1300,127900,2390000
van,Toyota,Voxy,2015,Automatic,Petrol,1800,80000,6500000
suv,Honda,Vezel,2014,Automatic,Hybrid,1500,77800,1650000
suv,Toyota,CHR,2017,Automatic,Petrol,1200,19153,9200000
car,Nissan,Bluebird,2010,Automatic,Petrol,1500,125000,3950000
car,Micro,Panda,2012,Manual,Petrol,1000,37000,975000
car,Toyota,Vitz,2016,Automatic,Petrol,1000,28000,4575000
suv,Toyota,CHR GT TURBO,2018,Automatic,Petrol,1200,5000,9100000
car,Tata,Nano,2015,Manual,Petrol,650,62000,1290000
car,Suzuki,Estilo,2010,Manual,Petrol,1000,80000,1750000
car,Toyota,Vitz Edition 3,2018,Automatic,Petrol,1000,31000,5345000
car,Suzuki,Maruti,2007,Manual,Petrol,800,78000,1140000
car,Perodua,Viva Elite,2010,Automatic,Petrol,1000,108000,2300000
car,Perodua,Axia,2016,Automatic,Petrol,1000,24000,3400000
car,Toyota,IST,2003,Automatic,Petrol,1300,92000,2965000
van,Toyota,KDH 201,2011,Automatic,Diesel,3000,101000,7350000
car,Hyundai,Elantra,2000,Automatic,Petrol,1600,167000,1450000
pickup,Mitsubishi,L200,2010,Manual,Diesel,2700,124000,4375000
car,Nissan,Tiida,2007,Automatic,Petrol,1500,152000,2675000
car,Toyota,Aqua,2012,Automatic,Hybrid,1500,144000,3350000
car,Honda,Civic,2002,Automatic,Petrol,2000,270000,2465000
van,Daihatsu,Hijet,2011,Automatic,Petrol,650,103560,2575000
car,Honda,Grace,2016,Automatic,Hybrid,1500,65000,5690000
car,Micro,Panda,2013,Manual,Petrol,1000,59000,1275000
car,Suzuki,Alto 800 LXI,2015,Manual,Petrol,800,47000,1725000
car,Suzuki,Wagon R Stingray,2016,Automatic,Hybrid,650,27850,2750000
car,Nissan,Primera,2002,Automatic,Petrol,2000,180000,1975000
pickup,Mahindra,Bolero,2016,Manual,Diesel,2500,31564,2125000
pickup,Toyota,Hilux Vigo,2010,Automatic,Diesel,3000,200000,1065000
car,Toyota,Passo,2005,Automatic,Petrol,1000,77000,2100000
car,Toyota,Premio G Superior,2013,Automatic,Petrol,1500,93000,7350000
car,Mazda,RX-8,2010,Manual,Petrol,1300,80000,3400000
car,Suzuki,Alto,2016,Manual,Petrol,800,70868,1975000
car,Daihatsu,Mira,2016,Automatic,Petrol,650,23805,3150000
car,Toyota,Vitz,2018,Automatic,Petrol,1000,16000,5225000
car,Toyota,Corolla 121,2003,Automatic,Petrol,1500,165000,3350000
car,Hyundai,Accent,2002,Manual,Petrol,1300,16000,1300000
suv,Honda,Vezel Z Orange,2014,Automatic,Hybrid,1500,77000,5450000
car,Nissan,Sunny N16,2004,Automatic,Petrol,1300,106000,2725000
car,Perodua,Viva Elite,2012,Automatic,Petrol,1000,104179,2165000
car,Suzuki,Alto,2004,Automatic,Petrol,650,80000,2290000
car,Honda,Insight,2009,Automatic,Hybrid,1300,115000,3315000
van,Suzuki,Every,2015,Automatic,Petrol,650,56200,2890000
car,Suzuki,Alto 800,2016,Manual,Petrol,800,50000,2140000
car,Micro,Panda Cross,2014,Manual,Petrol,1300,84000,1550000
car,Toyota,Aqua,2013,Automatic,Petrol,1500,70000,3250000
car,Toyota,Vitz KSP90,2007,Automatic,Petrol,1000,110000,3170000
car,Suzuki,Stingray,2018,Automatic,Hybrid,650,10000,3850000
car,Suzuki,Swift RS,2017,Automatic,Hybrid,1300,9000,5300000
van,Suzuki,Every DA64,2015,Automatic,Petrol,650,71000,3450000
car,Honda,Civic ES8,2002,Automatic,Petrol,1500,192000,2750000
car,Micro,Panda,2014,Manual,Petrol,1000,36000,1535000
car,Suzuki,Wagon R Stingray,2015,Automatic,Petrol,650,57000,2475000
car,Toyota,Corolla 141,2008,Automatic,Petrol,1600,161100,3625000
car,Suzuki,Alto,2016,Manual,Petrol,800,45010,2250000
car,Micro,Panda Cross,2017,Automatic,Petrol,1000,25000,2475000
car,Suzuki,Alto,2006,Manual,Petrol,800,90000,1375000
car,Suzuki,Wagon R FZ,2014,Automatic,Hybrid,650,75000,2830000
van,Suzuki,Every DA17,2019,Manual,Petrol,650,8000,3650000
car,Suzuki,Alto,2015,Manual,Petrol,800,39900,1780000
car,Toyota,IST,2007,Automatic,Petrol,1500,135000,3475000
car,Nissan,Cefiro,2000,Automatic,Petrol,2000,108000,2080000
car,Suzuki,Wagon R FZ,2018,Automatic,Petrol,650,7600,3190000
car,Suzuki,Maruti,2006,Manual,Petrol,800,65000,1095000
suv,Toyota,CHR,2018,Automatic,Petrol,1200,24000,7650000
car,Suzuki,800,2006,Manual,Petrol,800,77000,1055000
car,Suzuki,A-Star,2011,Manual,Petrol,1000,95200,2020000
van,Daihatsu,Hijet,2000,Manual,Petrol,650,192000,1475000
car,Micro,MX 7,2015,Manual,Petrol,1500,88000,2050000
car,Suzuki,Swift RS,2017,Automatic,Petrol,1300,51400,4050000
van,Toyota,KDH 223,2015,Automatic,Diesel,3000,200000,8400000
car,Suzuki,Wagon R,2015,Automatic,Petrol,650,85000,2850000
car,Datsun,Redi-GO,2017,Manual,Petrol,800,19000,1850000
car,Nissan,Primera,2004,Automatic,Petrol,1800,170000,1725000
car,Suzuki,Alto,2011,Manual,Petrol,800,115000,1640000
car,Toyota,Allion,2011,Automatic,Petrol,1500,138000,5490000
car,Suzuki,Alto,2016,Automatic,Petrol,650,55000,2625000
car,Suzuki,Alto,2015,Manual,Petrol,800,46000,2050000
van,Hyundai,H100,2001,Manual,Diesel,2000,156000,2350000
car,Suzuki,Maruti,2005,Manual,Petrol,800,77092,1050000
car,Perodua,Viva Elite,2011,Automatic,Petrol,1000,57900,2180000
car,Chery,QQ,2008,Manual,Petrol,800,49354,975000
van,Toyota,KDH TRH GL,2012,Automatic,Petrol,2000,158000,5800000
car,Suzuki,Alto,2015,Manual,Petrol,800,42000,1770000
suv,Mitsubishi,Montero,2012,Automatic,Diesel,2700,71000,8950000
car,Suzuki,Wagon R FX,2017,Automatic,Hybrid,650,66000,3200000
car,Nissan,EX Saloon,2001,Automatic,Petrol,1500,180000,2000000
car,Micro,Panda,2011,Manual,Petrol,1000,100000,1285000
pickup,Tata,Xenon,2014,Manual,Diesel,3000,76000,1300000
car,Tata,Nano,2012,Manual,Petrol,650,200000,800000
car,Micro,Trend,2011,Manual,Petrol,1000,27000,985000
car,Suzuki,Alto,2011,Manual,Petrol,800,65000,1550000
car,Toyota,Aqua,2015,Automatic,Petrol,1500,45000,4850000
car,Suzuki,Maruti,2004,Manual,Petrol,800,58183,995000
van,Mazda,Bongo,2007,Automatic,Diesel,2000,234000,3350000
car,Suzuki,Alto K10,2013,Manual,Petrol,1000,83770,1775000
car,Toyota,Aqua,2012,Automatic,Petrol,1500,95000,3100000
car,Toyota,Vitz,2017,Automatic,Petrol,1000,13000,4175000
car,Toyota,Prius,2008,Automatic,Hybrid,1500,144000,2925000
car,Tata,Indica,2006,Manual,Petrol,1000,90000,1000000
van,Nissan,Vanette,2011,Automatic,Petrol,1800,219560,2750000
van,Nissan,Caravan,2001,Manual,Diesel,3000,210500,3190000
car,Kia,Rio,2006,Manual,Petrol,1500,102000,1495000
pickup,Mahindra,Bolero,2018,Automatic,Diesel,2500,23100,2295000
car,Mazda,Familia,2003,Manual,Petrol,1300,123000,2030000
car,Suzuki,Maruti 800,2003,Manual,Petrol,800,77880,910000
car,Toyota,Allion 240,2002,Automatic,Petrol,1500,145000,3500000
car,Suzuki,Maruti 800,2013,Manual,Petrol,800,65000,1280000
car,Hyundai,Matrix,2001,Automatic,Petrol,1600,132425,1595000
car,Kia,Picanto,2016,Automatic,Petrol,1000,95000,3200000
car,Nissan,Dayz,2016,Automatic,Petrol,650,51000,2610000
van,Hyundai,H100,2001,Manual,Diesel,2509,301000,1850000
van,Toyota,Dolphin,2003,Manual,Petrol,2000,178000,4350000
car,Toyota,Aqua,2012,Automatic,Hybrid,1500,97000,3490000
car,Toyota,Allion,2013,Automatic,Petrol,1500,152000,6150000
car,Toyota,Vitz,2019,Automatic,Petrol,1000,1000,5790000
car,Nissan,FB15,2001,Automatic,Petrol,1500,178300,2425000
car,Honda,Fit GP5,2013,Manual,Petrol,1500,85000,3825000
suv,Mahindra,KUV 100,2020,Manual,Petrol,1200,228,3310000
car,Honda,Fit Shuttle,2014,Automatic,Hybrid,1300,91000,3490000
car,Honda,Grace,2015,Automatic,Hybrid,1500,107000,5450000
van,Suzuki,Every,2012,Automatic,Petrol,650,107000,2720000
van,Suzuki,Every,2018,Automatic,Petrol,650,38000,2675000
car,Tata,Indica,2007,Manual,Petrol,1400,35000,1275000
car,Toyota,Prius,2012,Automatic,Hybrid,1800,101684,4275000
van,Nissan,Clipper,2015,Manual,Petrol,650,80000,2575000
car,Toyota,Vitz,2017,Automatic,Petrol,1000,34300,4775000
van,Micro,MPV Junior 3,2009,Manual,Petrol,1200,67100,1325000
car,Tata,Nano,2011,Manual,Petrol,650,270000,750000
car,Toyota,Allion 260,2011,Automatic,Petrol,1500,84000,5850000
suv,Honda,Vezel RS Sensing,2017,Automatic,Petrol,1500,70000,7100000
car,Micro,MX 7,2013,Manual,Petrol,1500,111000,1650000
car,Toyota,Vitz,2018,Automatic,Petrol,1000,3165,5750000
van,Suzuki,Every,2015,Automatic,Petrol,650,25000,3050000
car,Suzuki,Maruti,2005,Manual,Petrol,650,68000,995000
car,Toyota,Passo,2009,Automatic,Petrol,1000,80400,2875000
pickup,Nissan,Navara Aventura,2008,Manual,Diesel,2500,145000,3550000
car,Suzuki,Wagon R ,2003,Manual,Petrol,650,143000,1300000
pickup,Toyota,Hilux,2019,Automatic,Diesel,2800,12000,13750000
van,Suzuki,Every,2014,Automatic,Petrol,650,71500,2750000
car,Toyota,Vitz,2007,Automatic,Petrol,1000,138000,3200000
suv,Toyota,CHR GT TURBO,2018,Automatic,Petrol,1200,38000,8375000
van,Daihatsu,Hijet,2000,Automatic,Petrol,650,125000,1350000
car,Toyota,Allion,2018,Automatic,Petrol,1000,10907,9850000
car,Toyota,Belta,2008,Automatic,Petrol,1300,121000,3290000
car,Nissan,Sunny N16,2000,Automatic,Petrol,1600,165000,2300000
car,Suzuki,Swift,2007,Automatic,Petrol,1300,145000,2850000
car,Honda,Fit GP5,2014,Automatic,Hybrid,1500,72000,3690000
car,Suzuki,Alto,2015,Manual,Petrol,800,54000,2000000
car,Toyota,Aqua G Grade,2013,Automatic,Hybrid,1500,76000,3790000
car,Toyota,Allion 240,2002,Automatic,Petrol,1500,132000,3380000
car,Suzuki,Maruti 800,2010,Manual,Petrol,800,76648,1125000
car,Mazda,Demio,2008,Automatic,Petrol,1300,95000,2850000
car,Suzuki,Alto 800 LXI,2011,Manual,Petrol,800,55000,1625000
car,Suzuki,Alto Sport,2011,Manual,Petrol,1000,120000,1720000
car,Micro,Panda,2016,Manual,Petrol,1000,42000,1640000
car,Suzuki,Alto,2015,Manual,Petrol,800,122000,1935000
pickup,Mahindra,Bolero,2019,Manual,Diesel,2500,13000,2750000
van,Nissan,Clipper,2017,Automatic,Petrol,650,85000,3000000
car,Suzuki,Wagon R,2017,Automatic,Hybrid,650,35000,3050000
car,Tata,Indica,2006,Manual,Petrol,1500,87000,975000
car,Suzuki,Wagon R,2017,Automatic,Hybrid,650,19000,3200000
car,Honda,Fit Shuttle,2017,Automatic,Hybrid,1300,73000,4250000
car,Suzuki,Alto,2015,Manual,Petrol,800,43900,1975000
car,Toyota,Yaris,2020,Automatic,Petrol,1000,1630,6550000
car,Toyota,Vitz,2007,Automatic,Petrol,1000,160000,3075000
car,Renault,KWID,2016,Manual,Petrol,800,15860,1800000
van,Suzuki,Every,2017,Automatic,Petrol,650,180000,2600000
car,Suzuki,Wagon R,2017,Automatic,Hybrid,650,32000,3375000
car,Toyota,Prius 3rd Generation,2011,Automatic,Petrol,1800,103000,3675000
car,Toyota,Vitz,2015,Automatic,Petrol,1000,54000,4250000
car,Suzuki,Alto,2008,Automatic,Petrol,650,150000,1850000
car,Nissan,Leaf,2012,Automatic,Electric,80,20700,1075000
car,Suzuki,Wagon R FZ,2014,Automatic,Hybrid,650,48000,2650000
car,Suzuki,Alto,2015,Manual,Petrol,800,24500,2190000
car,Suzuki,Wagon R,2014,Automatic,Petrol,650,35000,2775000
car,Suzuki,Swift,2002,Automatic,Petrol,1300,132000,2250000
car,Toyota,Aqua G Sport,2014,Automatic,Hybrid,1500,75000,4525000
car,Toyota,Prius,2014,Automatic,Hybrid,1800,92000,4450000
suv,Zotye,Nomad,2008,Manual,Petrol,1300,80560,1630000
car,Suzuki,Swift,2008,Automatic,Petrol,1500,91300,2925000
car,Toyota,Vios,2004,Automatic,Petrol,1500,171000,2850000
car,Toyota,Aqua,2012,Automatic,Petrol,1500,89100,2780000
car,Honda,Civic FD4,2009,Automatic,Petrol,1600,78900,3625000
car,Toyota,Axio,2014,Automatic,Hybrid,1500,63000,4550000
car,Micro,Panda,2013,Manual,Petrol,1000,48000,1100000
car,Toyota,Allion 260,2007,Automatic,Petrol,1500,125000,4825000
van,Suzuki,Every,2014,Automatic,Petrol,650,82500,2825000
car,Hyundai,Accent,2001,Automatic,Petrol,1500,167523,1475000
car,Suzuki,Alto 800 LXI,2011,Manual,Petrol,800,87700,1500000
pickup,Mahindra,Bolero,2018,Manual,Diesel,2500,43000,1900000
car,Honda,N WGN,2016,Automatic,Petrol,650,45000,3695000
car,Toyota,Belta,2007,Automatic,Petrol,1000,116000,3375000
pickup,Toyota,Hilux Vigo,2007,Manual,Diesel,2500,116000,5975000
car,Honda,Grace,2016,Automatic,Hybrid,1500,44000,5730000
car,Toyota,Premio,2013,Automatic,Petrol,1500,85000,6135000
car,Suzuki,Wagon R,2017,Automatic,Hybrid,650,51000,2775000
car,Nissan,N16,2009,Manual,Petrol,1300,103500,2250000
car,Toyota,Vitz,2016,Automatic,Petrol,1000,42900,4660000
car,Micro,Panda,2011,Manual,Petrol,1000,105000,1170000
car,Honda,City,2005,Automatic,Petrol,1500,121000,925000
car,Nissan,Leaf G Grade,2014,Automatic,Electric,80,65000,2050000
car,Nissan,Sunny FB15,2000,Automatic,Petrol,1500,110000,2325000
car,Toyota,Vios,2003,Automatic,Petrol,1500,191000,2750000
car,Honda,Fit GP1,2010,Automatic,Hybrid,1300,87000,3275000
car,Suzuki,Alto 800,2015,Manual,Petrol,800,31700,1830000
car,Honda,Civic,2005,Automatic,Petrol,1500,138000,2475000
car,Toyota,Allion,2012,Automatic,Petrol,1500,107000,5875000
van,Nissan,Vanette,2007,Automatic,Petrol,1800,144000,2550000
car,Honda,Fit Shuttle,2014,Automatic,Petrol,1300,87000,4150000
van,Toyota,KR42,2004,Manual,Diesel,2000,268000,3425000
van,Suzuki,Every,2017,Automatic,Petrol,650,49850,3000000
car,Micro,Panda,2015,Manual,Petrol,1000,20000,1800000
car,Perodua,Viva Elite,2011,Automatic,Petrol,1000,76000,2345000
car,Honda,Fit Shuttle,2015,Automatic,Hybrid,1500,58000,5275000
car,Suzuki,Alto Japan,2002,Automatic,Petrol,650,140000,1950000
van,Suzuki,Every,2016,Automatic,Petrol,650,45000,3390000
van,Suzuki,Every,2013,Automatic,Petrol,650,95000,2650000
car,Suzuki,Maruti,2003,Manual,Petrol,800,52092,985000
car,Suzuki,Maruti 800,2011,Manual,Petrol,800,23000,1325000
car,Toyota,Vitz,2019,Automatic,Petrol,1000,8200,4790000
car,Nissan,FB15,2000,Automatic,Petrol,1500,164000,2250000
pickup,Mahindra,Bolero Maxi Truck,2012,Manual,Diesel,2500,24500,2200000
car,Honda,Fit Shuttle,2012,Automatic,Petrol,1300,91000,3500000
pickup,Mahindra,Bolero,2015,Manual,Diesel,2500,64000,1610000
car,Toyota,Vitz,2018,Automatic,Petrol,1000,27000,4900000
car,Suzuki,Alto,2006,Manual,Petrol,800,96000,1420000
car,Honda,Insight,2011,Automatic,Petrol,1300,115000,1450000
suv,Nissan,X-Trail,2003,Automatic,Petrol,2000,170000,2950000
car,Suzuki,Wagon R Stingray,2017,Automatic,Hybrid,650,53000,3150000
car,Toyota,Vitz,2016,Automatic,Petrol,1000,47000,4375000
van,Mazda,Bongo,2009,Manual,Petrol,2200,231200,2500000
van,Suzuki,Spacia,2015,Automatic,Petrol,650,63000,2880000
suv,Honda,Vezel RS Sensing,2016,Automatic,Hybrid,1500,110800,6700000
pickup,Toyota,Hilux,2007,Manual,Diesel,2500,150000,5400000
car,Nissan,March,2007,Automatic,Petrol,1000,75000,2250000
car,Toyota,Axio,2016,Automatic,Hybrid,1500,44256,5625000
car,Suzuki,Alto,2010,Manual,Petrol,800,49000,1675000
van,Suzuki,Every,2016,Automatic,Petrol,650,50300,4225000
van,Suzuki,Every,2012,Automatic,Petrol,650,144000,1500000
car,Micro,Trend,2012,Manual,Petrol,1000,68000,1150000
car,Suzuki,Alto,2015,Manual,Petrol,800,21700,2085000
van,Mazda,Scrum,2012,Automatic,Petrol,650,148000,2500000
van,Nissan,Super GL,2000,Automatic,Petrol,3000,200000,4700000
car,Honda,Grace,2016,Automatic,Petrol,1500,49000,5475000
car,Suzuki,Alto,2017,Automatic,Petrol,650,26854,3175000
car,Mitsubishi,Lancer CS1,2007,Manual,Petrol,1300,130000,2800000
car,Toyota,Premio,2007,Automatic,Petrol,1500,106403,5250000
car,Micro,Geely,2012,Manual,Petrol,1500,77000,1650000
van,Suzuki,Every,2005,Manual,Petrol,650,173000,1390000
car,Honda,Fit GP1,2012,Automatic,Petrol,1300,72456,3200000
suv,Kia,Sorento,2004,Automatic,Diesel,2500,150000,3400000
van,Hyundai,H100,2000,Manual,Diesel,2400,196000,1850000
car,Honda,Grace EX,2015,Automatic,Hybrid,1500,74000,5300000
car,Toyota,Axio,2008,Automatic,Hybrid,1500,92000,4185000
van,Toyota,KDH,2006,Automatic,Diesel,3000,176000,6100000
car,Nissan,N16,2001,Manual,Petrol,1300,80000,2150000
car,Suzuki,Alto,2016,Manual,Petrol,800,29000,1875000
car,Toyota,Prius S Touring,2012,Automatic,Hybrid,1800,38500,5175000
suv,Mahindra,Bolero,2015,Manual,Diesel,2500,78000,2095000
car,Honda,Fit GP1,2013,Automatic,Hybrid,1300,57000,950000
car,Toyota,Prius,2012,Automatic,Hybrid,1800,66800,3590000
car,Micro,MX 7,2011,Manual,Petrol,1600,87500,1675000
car,Suzuki,Alto,2015,Manual,Petrol,800,24000,1895000
car,Toyota,Allion 260,2007,Automatic,Petrol,1500,130000,5085000
car,Mazda,Demio,2006,Automatic,Petrol,1300,115000,1750000
car,Toyota,Axio,2015,Automatic,Petrol,1500,123480,5250000
car,Suzuki,Alto Sport,2010,Manual,Petrol,800,71000,1590000
car,Nissan,March K11,2000,Automatic,Petrol,1000,68000,1625000
car,Suzuki,Maruti,2005,Manual,Petrol,800,54500,1000000
car,Suzuki,Maruti 800,2011,Manual,Petrol,800,92000,1250000
car,Suzuki,Alto,2010,Manual,Petrol,800,154000,1550000
car,Zotye,Z100,2017,Manual,Petrol,1000,39000,1800000
suv,Honda,Vezel,2014,Automatic,Petrol,1500,72000,4950000
van,Daihatsu,Hijet,2014,Automatic,Petrol,650,62000,2290000
car,Toyota,Aqua,2015,Automatic,Hybrid,1500,87000,3750000
car,Suzuki,Alto 800,2015,Manual,Petrol,800,80000,1930000
pickup,Tata,207,2015,Manual,Diesel,3000,52000,1480000
car,Toyota,Vitz,2019,Automatic,Petrol,1000,22100,5925000
car,Toyota,Prius,2010,Automatic,Petrol,1800,110000,4175000
van,Toyota,Dolphin,2001,Automatic,Petrol,2000,270000,3700000
pickup,Tata,Xenon,2018,Manual,Diesel,3000,37500,2095000
car,Suzuki,Alto,2015,Manual,Petrol,800,39500,1885000
car,Nissan,FB15,2003,Automatic,Petrol,1500,120000,2690000
van,Suzuki,Every DA64,2017,Automatic,Petrol,650,31450,3975000
car,Honda,Civic,2017,Automatic,Petrol,1000,47000,6750000
van,Suzuki,Spacia Custom,2015,Automatic,Hybrid,650,40600,3275000
car,Suzuki,Liana,2003,Manual,Petrol,1300,84000,1675000
car,Toyota,Premio,2017,Automatic,Petrol,1500,53000,9200000
car,Mahindra,KUV 100,2020,Manual,Petrol,1200,75,3350000
car,Honda,Fit GP1,2013,Automatic,Hybrid,1300,72000,3790000
car,Toyota,Axio,2008,Automatic,Petrol,1500,106000,4075000
car,Suzuki,Wagon R,2018,Automatic,Hybrid,650,14000,3500000
car,Toyota,Axio,2013,Automatic,Hybrid,1500,86000,4100000
car,Tata,Nano,2012,Manual,Petrol,650,175000,890000
suv,Kia,Sorento,2012,Automatic,Diesel,2500,67000,8550000
car,Toyota,Vitz,2018,Automatic,Petrol,1000,34028,4250000
van,Suzuki,Every,2007,Automatic,Petrol,650,95000,2000000
car,Suzuki,Alto,2013,Manual,Petrol,800,61000,1640000
car,Hyundai,Eon,2015,Manual,Petrol,800,75000,1950000
car,Chery,QQ,2006,Manual,Petrol,800,96000,860000
car,Honda,Fit GP5,2016,Automatic,Petrol,1500,63000,3890000
car,Suzuki,Maruti,2006,Manual,Petrol,800,57000,1050000
car,Toyota,Allion,2008,Automatic,Petrol,1500,140000,4750000
car,Suzuki,Wagon R,2015,Automatic,Petrol,650,65000,2675000
car,Toyota,Corolla 121,2006,Automatic,Petrol,1500,129000,3375000
pickup,Toyota,Hilux Vigo,2007,Automatic,Diesel,3000,160000,6800000
car,Suzuki,Wagon R Stingray,2014,Automatic,Hybrid,650,27000,2550000
car,Suzuki,Alto,2015,Manual,Petrol,800,71000,1965000
car,Toyota,Belta,2007,Automatic,Petrol,1000,146000,3225000
suv,Kia,Sportage,2011,Automatic,Petrol,2000,127000,5550000
car,Suzuki,Wagon R FZ,2017,Automatic,Hybrid,650,42000,3425000
car,Toyota,Vitz,2015,Automatic,Petrol,1000,32000,3850000
suv,Hyundai,Santa Fe,2003,Manual,Petrol,2400,125000,1925000
car,Suzuki,Maruti,2011,Manual,Petrol,800,85000,1475000
car,Honda,Fit Shuttle,2011,Automatic,Petrol,1300,80000,3475000
car,Suzuki,Alto 800,2006,Manual,Petrol,800,124300,1400000
car,Hyundai,Matrix,2005,Automatic,Petrol,1600,12000,1490000
car,Chery,QQ,2008,Manual,Petrol,800,46000,1100000
suv,Toyota,CHR,2017,Automatic,Petrol,1200,38000,8400000
car,Toyota,Vitz,2007,Automatic,Petrol,1000,42000,3400000
van,Suzuki,Every,2014,Automatic,Petrol,650,78950,2850000
van,Mazda,Bongo,2007,Manual,Diesel,2000,183800,3350000
car,Toyota,Premio,2017,Automatic,Petrol,1500,38000,9425000
car,Toyota,Allion 260,2007,Automatic,Petrol,1500,58000,4990000
car,Suzuki,Alto,2015,Manual,Petrol,800,80000,1950000
car,Micro,Panda Cross,2015,Manual,Petrol,1300,30000,1600000
suv,Honda,Vezel,2015,Automatic,Petrol,1500,73667,5800000
suv,Nissan,X-Trail,2016,Automatic,Hybrid,2000,62000,7000000
car,Suzuki,Alto 800 LXI,2014,Manual,Petrol,800,93000,1795000
car,Toyota,Aqua G Grade,2014,Automatic,Hybrid,1500,80000,3840000
car,Suzuki,Wagon R FX,2017,Automatic,Petrol,650,34000,2645000
car,Suzuki,Alto,2015,Manual,Petrol,800,55000,1990000
car,Suzuki,Alto 800,2011,Manual,Petrol,800,78900,1525000
pickup,Mahindra,Bolero,2019,Manual,Diesel,2500,5500,2550000
van,Suzuki,Every DA64,2013,Automatic,Petrol,650,71000,2975000
car,Mitsubishi,Lancer CS3,2011,Automatic,Petrol,1600,120000,3250000
car,Suzuki,Alto,2006,Manual,Petrol,800,84000,1440000
car,Suzuki,Wagon R Stingray,2018,Automatic,Petrol,650,3000,3260000
van,Suzuki,Every,2007,Automatic,Petrol,650,110000,2525000
car,Honda,Civic,2017,Automatic,Petrol,1000,45000,5775000
car,Honda,Fit Shuttle,2014,Automatic,Petrol,1500,53000,4475000
car,Toyota,Axio WXB,2017,Automatic,Hybrid,1500,19000,6825000
car,Hyundai,Sonata,2002,Automatic,Diesel,2000,188675,1475000
car,Nissan,FB15,2001,Automatic,Petrol,1500,165000,2390000
van,Mazda,Bongo,2007,Manual,Diesel,2200,143000,3550000
van,Suzuki,Every,2019,Automatic,Petrol,650,3800,2950000
car,Suzuki,Swift RS,2017,Automatic,Petrol,1000,32000,5250000
car,Suzuki,Wagon R Stingray,2018,Automatic,Petrol,650,32500,3090000
van,Toyota,Noah,2014,Automatic,Hybrid,1800,60000,6150000
car,Toyota,Allion 240,2007,Automatic,Petrol,1500,171000,4600000
car,Suzuki,Alto 800 LXI,2015,Manual,Petrol,800,45000,1870000
car,Toyota,Vitz,2017,Automatic,Petrol,1000,29000,5675000
car,Toyota,Prius,2016,Automatic,Hybrid,1800,26000,8200000
suv,Mitsubishi,Montero,2013,Automatic,Diesel,3000,110383,12200000
car,Honda,Grace,2015,Automatic,Hybrid,1500,62000,5200000
car,Perodua,Kelisa,2004,Automatic,Petrol,1000,148000,1850000
car,Toyota,Vitz,2018,Automatic,Petrol,1000,31000,5350000
suv,Honda,CRV,2019,Automatic,Petrol,1500,9700,13950000
car,Mitsubishi,CS1,2002,Manual,Petrol,1300,180000,2000000
van,Nissan,NV200,2012,Automatic,Petrol,1600,120000,4050000
suv,Kia,Sorento,2012,Automatic,Diesel,2200,86000,7550000
car,Toyota,Axio G Grade,2014,Automatic,Hybrid,1500,140000,4115000
car,Toyota,Vitz,2017,Automatic,Petrol,1000,29500,4850000
van,Suzuki,Every,2016,Automatic,Petrol,650,46000,3050000
car,Toyota,Allion 260,2010,Automatic,Petrol,1500,130800,5090000
car,Perodua,Viva Elite,2012,Automatic,Petrol,1000,103000,2295000
car,Suzuki,Maruti 800,2006,Manual,Petrol,800,78500,1090000
car,Suzuki,Alto 800,2015,Manual,Petrol,800,89000,1975000
car,Toyota,Prius S Grade,2012,Automatic,Petrol,1800,112000,4390000
van,Nissan,Clipper,2017,Automatic,Petrol,650,22169,3350000
car,Suzuki,Alto,2010,Manual,Petrol,800,41678,1710000
van,Toyota,KDH 201 Super GL,2011,Automatic,Diesel,3000,87000,7500000
car,Suzuki,Alto,2016,Automatic,Petrol,650,22497,2995000
van,Nissan,Super GL,2008,Automatic,Diesel,3000,161000,7475000
suv,Honda,Vezel Z Grade,2016,Automatic,Hybrid,1500,54000,5425000
car,Tata,Nano,2017,Automatic,Petrol,650,48500,1400000
van,Toyota,Dolphin,2001,Automatic,Diesel,2000,300000,4900000
car,Micro,Panda,2017,Manual,Petrol,1000,59000,1890000
car,Suzuki,Swift RS,2017,Automatic,Hybrid,1200,32000,4850000
car,Renault,KWID,2016,Manual,Petrol,800,52000,1650000
car,Honda,Fit GP5,2013,Automatic,Petrol,1500,72000,3390000
van,Nissan,NV350,2016,Automatic,Diesel,2500,26000,7950000
car,Toyota,Axio G Grade,2016,Automatic,Hybrid,1500,88000,5890000
van,Toyota,Dolphin,2001,Automatic,Diesel,2200,175200,5225000
car,Toyota,Premio F EX G Superior,2018,Automatic,Petrol,1500,25700,10150000
car,Suzuki,Maruti 800,2006,Manual,Petrol,800,73150,1195000
car,Toyota,Aqua,2014,Automatic,Hybrid,1500,79000,3950000
suv,Mitsubishi,Montero Sport,2012,Automatic,Diesel,2500,90000,8650000
car,Suzuki,Wagon R,2018,Automatic,Petrol,650,71000,3700000
car,Toyota,Axio,2018,Automatic,Petrol,1500,11000,6850000
car,Nissan,Tiida,2008,Automatic,Petrol,1500,120010,3225000
car,Suzuki,Celerio ZXI,2016,Manual,Petrol,1000,62000,2960000
car,Toyota,Corolla,2003,Automatic,Petrol,1500,190658,3300000
car,Honda,Fit Shuttle,2012,Automatic,Hybrid,1300,112000,3300000
car,Nissan,N16 Super Saloon,2004,Manual,Petrol,1300,137000,2175000
car,Suzuki,Alto,2006,Manual,Petrol,800,88000,1340000
car,Toyota,Prius,2013,Automatic,Hybrid,1800,109000,4275000
car,Suzuki,Wagon R,2017,Manual,Petrol,650,375000,3375000
car,Honda,Grace EX,2016,Automatic,Hybrid,1500,35000,4725000
van,Toyota,KDH 223,2015,Automatic,Diesel,3000,145000,8600000
car,Suzuki,Wagon R FX,2017,Automatic,Petrol,650,88000,3055000
pickup,Tata,Xenon,2016,Manual,Petrol,3000,24000,1700000
car,Suzuki,Alto,2015,Manual,Petrol,800,34000,1835000
pickup,Mahindra,Bolero,2014,Manual,Diesel,2500,140000,1650000
van,Suzuki,Spacia G,2015,Automatic,Hybrid,650,75000,2985000
car,Kia,Spectra,2001,Manual,Petrol,1500,217000,1290000
car,Toyota,Allion 240,2002,Automatic,Petrol,1500,193000,3625000
car,Nissan,March K11,2001,Automatic,Petrol,1000,91000,1680000
car,Suzuki,Wagon R FX,2017,Automatic,Hybrid,650,46000,3300000
car,Honda,N WGN,2016,Automatic,Petrol,650,86000,3260000
van,Toyota,KDH 200,2007,Automatic,Diesel,2500,197000,6100000
suv,Nissan,X-Trail,2002,Automatic,Petrol,2500,200000,2900000
car,Toyota,Vitz,2007,Automatic,Petrol,1000,119000,3175000
car,Nissan,Bluebird,2007,Automatic,Petrol,1500,185000,3275000
van,Suzuki,Spacia,2017,Automatic,Petrol,650,26000,3725000
car,Suzuki,Hustler,2016,Automatic,Petrol,650,54321,3125000
car,Toyota,Premio,2016,Automatic,Petrol,1500,77000,8150000
van,Toyota,Hiace KDH 201 GL,2007,Automatic,Diesel,3000,176000,5875000
car,Suzuki,Wagon R Stingray,2014,Automatic,Petrol,650,70000,2890000
car,Nissan,Dayz,2015,Automatic,Petrol,650,14000,3825000
van,Toyota,KDH 200 Super GL,2006,Automatic,Diesel,2500,168000,5900000
car,Suzuki,Wagon R Stingray,2018,Automatic,Hybrid,650,16578,3735000
suv,Honda,CRV,2018,Automatic,Petrol,1500,20000,12800000
car,Toyota,Vitz,2016,Automatic,Petrol,1000,23500,4625000
car,Honda,Fit,2013,Automatic,Hybrid,1500,75000,3570000
car,Toyota,Axio,2017,Automatic,Hybrid,1500,15000,6300000
car,Nissan,N16,2001,Automatic,Petrol,1400,152000,2200000
car,Nissan,Cefiro,2003,Automatic,Petrol,2000,92500,1890000
car,Micro,MX 7,2012,Manual,Petrol,1500,137000,1850000
car,Honda,Civic FD3,2010,Automatic,Hybrid,1300,158500,3325000
van,Nissan,Clipper,2014,Automatic,Petrol,650,45000,2750000
van,Suzuki,Every,2016,Automatic,Petrol,650,27000,3175000
car,Toyota,Roomy,2017,Automatic,Petrol,1000,12427,5525000
car,Suzuki,Wagon R Stingray,2016,Automatic,Petrol,650,39500,2925000
car,Suzuki,Maruti,2005,Manual,Petrol,800,86000,965000
car,Suzuki,Alto,2006,Manual,Petrol,800,131999,1575000
car,Suzuki,Hustler,2015,Automatic,Hybrid,650,30000,2800000
suv,Mitsubishi,Montero,2013,Automatic,Diesel,3200,85000,12875000
car,Suzuki,Alto Sport,2015,Manual,Petrol,800,51000,2050000
car,Suzuki,Wagon R FZ,2017,Automatic,Hybrid,650,19260,3425000
car,Suzuki,Maruti 800,2006,Manual,Petrol,800,90000,1110000
van,Toyota,Townace Noah,2002,Automatic,Diesel,1800,110000,3700000
van,Suzuki,Spacia,2015,Automatic,Petrol,650,63000,2850000
car,Toyota,Prius S Touring,2010,Automatic,Petrol,1800,97000,3385000
car,Toyota,Premio 260,2013,Automatic,Petrol,1500,96000,6490000
van,Nissan,NV350,2015,Automatic,Diesel,2500,77000,6500000
car,Toyota,Premio,2019,Automatic,Petrol,1500,6950,12050000
car,Suzuki,Wagon R FX,2018,Automatic,Petrol,650,18000,2790000
car,Toyota,Vitz,2018,Automatic,Petrol,1000,38800,5275000
van,Toyota,KDH 200 Super GL,2011,Automatic,Diesel,2500,156000,6175000
car,Renault,KWID,2018,Manual,Petrol,800,73000,1700000
car,Toyota,Aqua S Grade,2012,Automatic,Petrol,1500,76000,2895000
car,Honda,Fit Shuttle,2014,Automatic,Petrol,1300,89760,4400000
car,Tata,Nano Twist,2016,Manual,Petrol,650,44000,1395000
car,Suzuki,Maruti 800,2005,Manual,Petrol,800,85700,1075000
car,Toyota,Vitz,2008,Automatic,Petrol,1000,89000,3290000
car,Nissan,March,2007,Automatic,Petrol,1000,85000,2250000
car,Suzuki,Swift RS,2017,Automatic,Hybrid,1200,28500,4850000
pickup,Mahindra,Bolero,2016,Manual,Diesel,2500,18000,2050000
car,Suzuki,Alto,2015,Manual,Petrol,800,52000,1925000
van,Nissan,Vanette,2006,Manual,Diesel,2200,95322,3300000
car,Suzuki,Alto,2015,Manual,Petrol,800,23000,2090000
car,Suzuki,Maruti,2000,Manual,Petrol,800,76000,850000
car,Toyota,Vitz,2008,Automatic,Petrol,1000,120000,3290000
car,Toyota,Allion 240,2002,Automatic,Petrol,1500,160000,3590000
car,Chevrolet,Aveo,2011,Manual,Petrol,1400,180000,2850000
car,Toyota,Allion,2002,Automatic,Petrol,1500,118000,3600000
car,Suzuki,Wagon R FZ,2017,Automatic,Petrol,650,39300,3375000
suv,Hyundai,Tuscon,2004,Automatic,Petrol,2000,197000,2880000
car,Suzuki,Alto,2012,Manual,Petrol,800,110000,1500000
car,Suzuki,Maruti,2008,Manual,Petrol,800,88000,1150000
car,Honda,Fit GP1,2013,Automatic,Hybrid,1300,75000,3700000
pickup,Toyota,Hilux Revo,2020,Automatic,Diesel,2800,3000,10500000
pickup,Tata,Xenon,2015,Manual,Diesel,3000,73000,1795000
car,Toyota,Vitz,2016,Automatic,Petrol,1000,35000,4595000
car,Suzuki,Swift,2003,Automatic,Petrol,1300,146125,2450000
van,Suzuki,Every,2018,Automatic,Petrol,650,16000,3295000
car,Suzuki,Alto K10,2011,Manual,Petrol,1000,61350,1700000
car,Suzuki,Maruti,2006,Manual,Petrol,800,54000,1100000
car,Toyota,Vitz,2007,Automatic,Petrol,1000,87900,3190000
car,Suzuki,Wagon R Stingray,2018,Automatic,Petrol,650,11450,3090000
car,Toyota,Vitz,2014,Automatic,Petrol,1000,15800,4590000
car,Perodua,Viva Elite,2011,Automatic,Petrol,1000,57300,2425000
car,Kia,Carens,2001,Automatic,Diesel,2200,135000,1875000
pickup,Toyota,Hilux,2007,Manual,Diesel,2500,164000,5900000
suv,Honda,Vezel,2018,Automatic,Petrol,1500,20100,8475000
van,Nissan,Clipper,2011,Automatic,Diesel,650,80000,2375000
car,Suzuki,Wagon R FZ,2017,Automatic,Petrol,650,60000,3050000
car,Toyota,Premio,2015,Automatic,Petrol,1500,66400,7775000
car,Nissan,N16,2002,Manual,Petrol,1500,175000,2375000
van,Toyota,KDH 201,2011,Automatic,Diesel,3000,278000,6800000
car,Toyota,Prius,2008,Automatic,Hybrid,1800,144000,3275000
car,Tata,Indica,2004,Manual,Petrol,1400,92000,1100000
car,Zotye,Z100,2020,Manual,Petrol,1000,1100,2150000
car,Daihatsu,Mira,2015,Automatic,Petrol,650,44000,2800000
car,Nissan,March K11,2000,Automatic,Petrol,1000,165000,1430000
car,Nissan,March K11,2000,Automatic,Petrol,1000,120000,1700000
car,Suzuki,Alto,2008,Manual,Petrol,800,72436,1540000
car,Chery,QQ,2012,Manual,Petrol,800,73000,1095000
car,Toyota,Vitz,2008,Automatic,Petrol,1000,170000,3260000
car,Daihatsu,Mira,2006,Automatic,Petrol,650,150000,1750000
car,Tata,Nano,2017,Automatic,Petrol,650,59000,1400000
car,Suzuki,Wagon R Stingray,2014,Automatic,Petrol,650,63500,2855000
car,Honda,Grace,2016,Automatic,Petrol,1500,20000,4800000
van,Suzuki,Every,2016,Automatic,Petrol,650,16000,3100000
car,Micro,Trend,2008,Manual,Petrol,1100,106993,975000
car,Toyota,Soluna,2000,Manual,Petrol,1500,13000,1390000
car,Honda,Civic,2017,Automatic,Petrol,1000,52000,6050000
car,Nissan,Tiida Latio,2006,Automatic,Petrol,1700,97000,2675000
car,Toyota,Vitz,2007,Automatic,Petrol,1000,147000,3095000
car,Toyota,Axio,2015,Automatic,Hybrid,1500,89000,5550000
car,Toyota,Prius,2012,Automatic,Hybrid,1800,95000,3525000
car,Toyota,Prius,2012,Automatic,Hybrid,1800,61500,4000000
car,Suzuki,Maruti,2006,Manual,Petrol,800,45480,1150000
car,Toyota,Tank,2018,Automatic,Petrol,1000,5000,3890000
car,Toyota,Aqua,2013,Automatic,Petrol,1500,83000,3200000
car,Suzuki,Alto,2015,Manual,Petrol,800,45000,1850000
car,Chery,QQ,2007,Manual,Petrol,800,65000,950000
van,Toyota,KDH GL,2006,Automatic,Diesel,3000,220000,6100000
car,Suzuki,A-Star,2011,Automatic,Petrol,1000,68300,2100000
van,Suzuki,Every,2011,Automatic,Petrol,650,150000,2750000
car,Honda,Civic,2018,Automatic,Petrol,1000,12500,6000000
van,Nissan,NV200,2016,Automatic,Petrol,1800,75000,5200000
car,Suzuki,Alto,2007,Manual,Petrol,800,63000,1550000
car,Tata,Indica V2,2006,Manual,Petrol,1400,110000,1130000
car,Micro,Panda,2015,Manual,Petrol,1000,49000,1595000
car,Perodua,Kenari,2008,Automatic,Petrol,1000,110000,1595000
pickup,Mitsubishi,L200,2003,Manual,Diesel,2500,170000,4200000
car,Honda,City,2001,Automatic,Petrol,1500,122800,1890000
car,Perodua,Viva Elite,2012,Manual,Petrol,1000,110483,2490000
car,Toyota,Aqua,2014,Automatic,Petrol,1500,76000,3585000
car,Suzuki,Alto,2011,Manual,Petrol,800,89000,1645000
pickup,Mahindra,Bolero,2018,Manual,Diesel,2500,14200,2575000
car,Nissan,AD WAGON VY11,2003,Automatic,Petrol,1300,148000,1690000
car,Toyota,Aqua,2015,Automatic,Petrol,1500,44000,4425000
car,Suzuki,Alto,2010,Manual,Petrol,800,82000,1475000
van,Toyota,CR42,2012,Automatic,Petrol,1500,234000,3580000
suv,Honda,HRV,2000,Automatic,Petrol,1500,242000,2675000
car,Nissan,Leaf Azeo,2012,Automatic,Electric,80,39000,1595000
car,Suzuki,800,2015,Manual,Petrol,800,48000,1825000
car,Nissan,AD WAGON VY11,2001,Manual,Petrol,1300,162000,1550000
car,Toyota,Premio,2017,Automatic,Petrol,1500,48000,9150000
car,Chevrolet,Aveo,2011,Manual,Petrol,1400,142000,2400000
car,Honda,Civic,2007,Automatic,Petrol,1800,101600,3850000
car,Honda,City,2001,Automatic,Petrol,1500,130000,1800000
car,Suzuki,Maruti,2012,Manual,Petrol,800,75800,1125000
car,Toyota,Prius 2nd Generation,2012,Automatic,Petrol,1500,116000,3350000
car,Perodua,Viva Elite,2009,Manual,Petrol,800,100000,2150000
suv,Toyota,CHR,2017,Automatic,Petrol,1200,41000,7375000
car,Hyundai,Eon,2016,Manual,Petrol,800,38000,2250000
car,Toyota,Aqua S Grade,2016,Automatic,Petrol,1500,52000,4890000
car,Honda,Fit GP5,2014,Automatic,Hybrid,1300,79000,3700000
car,Honda,Civic FD4,2008,Manual,Petrol,1600,173829,3690000
car,Toyota,Allion,2016,Automatic,Petrol,1500,31000,7000000
car,Tata,Indigo,2007,Manual,Diesel,2000,120000,1450000
van,Nissan,Caravan,2001,Manual,Diesel,3000,275600,3450000
van,Suzuki,Every,2003,Automatic,Petrol,650,185000,1700000
suv,Mitsubishi,Montero,2004,Automatic,Petrol,3600,146000,5600000
car,Suzuki,Maruti,2004,Manual,Petrol,800,80000,950000
car,Nissan,Leaf,2014,Automatic,Electric,80,12200,2475000
suv,Kia,Sportage,2007,Automatic,Diesel,2000,102000,3200000
car,Toyota,Premio G Superior,2017,Automatic,Petrol,1500,45000,9500000
car,Suzuki,Maruti 800,2005,Manual,Petrol,800,65000,1035000
car,Nissan,Sunny,2003,Automatic,Petrol,1500,120000,2850000
car,Suzuki,Alto,2007,Manual,Petrol,800,83000,1390000
car,Suzuki,Maruti,2006,Manual,Petrol,800,82452,1090000
car,Toyota,Starlet,2000,Automatic,Diesel,1500,185000,1875000
car,Suzuki,Maruti 800,2006,Manual,Petrol,800,98000,1155000
car,Toyota,Yaris,2019,Automatic,Petrol,1300,8500,7600000
van,Toyota,KDH,2016,Automatic,Diesel,2900,40000,8800000
pickup,Mitsubishi,L200,2000,Manual,Diesel,2800,360000,2650000
van,Nissan,NV350,2016,Automatic,Diesel,2000,30000,7200000
van,Nissan,NV200,2014,Automatic,Petrol,1600,48000,4390000
car,Suzuki,Maruti,2007,Manual,Petrol,800,76000,1125000
car,Honda,Grace,2015,Automatic,Hybrid,1500,63581,5000000
car,Toyota,Aqua,2014,Automatic,Hybrid,1500,69000,4650000
suv,Honda,Vezel,2018,Automatic,Hybrid,1500,26483,7575000
car,Zotye,Z100,2018,Manual,Petrol,1000,18000,1850000
car,Toyota,Aqua X Urban,2015,Automatic,Hybrid,1500,58000,4600000
car,Toyota,Corolla 141,2007,Automatic,Petrol,1600,96500,3750000
car,Honda,Fit GP1,2012,Automatic,Petrol,1300,85000,3525000
car,Micro,MX 7,2012,Manual,Petrol,1500,148000,1675000
van,Nissan,NV200,2015,Automatic,Petrol,1600,32000,4485000
car,Toyota,Premio G Superior,2015,Automatic,Petrol,1500,78000,7690000
car,Suzuki,Maruti,2006,Manual,Petrol,800,80000,1035000
van,Suzuki,Every,2014,Automatic,Petrol,650,88150,3425000
car,Toyota,Premio G Superior,2012,Automatic,Petrol,1500,102000,6450000
car,Suzuki,Alto,2015,Manual,Petrol,800,49000,1945000
suv,Honda,Vezel,2015,Automatic,Hybrid,1500,92000,5900000
car,Suzuki,Maruti,2006,Manual,Petrol,800,85000,1175000
van,Toyota,KDH 200,2006,Automatic,Diesel,2500,152000,5900000
car,Datsun,Redi-GO,2016,Manual,Petrol,800,16000,1590000
car,Tata,Nano,2015,Manual,Petrol,800,61500,1195000
car,Toyota,Premio G Superior,2018,Automatic,Petrol,1500,10500,11100000
car,Toyota,Corolla 121,2005,Automatic,Petrol,1500,140000,3600000
car,Hyundai,Accent,2001,Automatic,Petrol,1600,143100,1375000
car,Suzuki,Celerio,2015,Automatic,Petrol,1000,25000,2800000
car,Tata,Nano,2016,Manual,Petrol,650,95000,1100000
car,Suzuki,Alto,2015,Manual,Petrol,800,139850,1845000
car,Hyundai,Eon,2016,Manual,Petrol,800,53000,2195000
car,Suzuki,Hustler,2015,Automatic,Hybrid,650,52000,2690000
car,Honda,Grace,2015,Automatic,Hybrid,1500,65000,4600000
car,Suzuki,Zen Estilo,2012,Manual,Petrol,1000,42000,2200000
car,Suzuki,Wagon R,2017,Automatic,Hybrid,650,20000,2650000
van,Suzuki,Every,2017,Automatic,Petrol,650,43000,3700000
car,Suzuki,Alto,2015,Manual,Petrol,800,100100,1930000
car,Toyota,Prius,2011,Automatic,Hybrid,1800,101956,3475000
car,Suzuki,Swift,2010,Manual,Petrol,1200,74500,2240000
car,Honda,Fit Shuttle,2017,Automatic,Petrol,1300,73000,4550000
car,Micro,Trend,2008,Manual,Petrol,1000,56300,1125000
car,Chery,QQ,2011,Manual,Petrol,800,95000,975000
van,Nissan,Caravan,2012,Manual,Diesel,3000,148560,4675000
suv,Honda,CRV,2019,Automatic,Petrol,1500,9700,13750000
car,Honda,Grace,2015,Automatic,Petrol,1500,29000,6100000
car,Suzuki,Wagon R Stingray,2018,Automatic,Petrol,650,44000,3630000
car,Toyota,Axio,2013,Automatic,Petrol,1500,88500,5000000
van,Toyota,Dolphin,2010,Manual,Diesel,3000,188888,3850000
car,Toyota,Vitz,2016,Automatic,Petrol,1000,17091,4700000
van,Suzuki,Spacia Custom Z,2017,Automatic,Petrol,650,81000,3490000
car,Toyota,Allion 260,2008,Automatic,Petrol,1500,147000,5000000
van,Toyota,KDH High Roof,2005,Automatic,Diesel,2500,218000,6250000
van,Toyota,KDH 201 Super GL,2011,Automatic,Diesel,3000,190000,6950000
car,Nissan,EX Saloon,2000,Automatic,Petrol,1500,130000,2190000
van,Toyota,KDH 200,2006,Automatic,Diesel,1500,139900,6075000
car,Suzuki,Maruti 800,2010,Manual,Petrol,800,80000,1185000
car,Hyundai,Trajet,2000,Automatic,Diesel,2000,285323,1990000
car,Suzuki,Wagon R FX,2018,Automatic,Hybrid,650,65700,2600000
van,Nissan,Vanette,2001,Manual,Diesel,2200,101000,3050000
van,Toyota,KDH 201,2010,Automatic,Diesel,3000,148000,7600000
van,Suzuki,Spacia G,2018,Automatic,Petrol,650,46900,3250000
car,Toyota,Axio,2015,Automatic,Petrol,1500,98000,5200000
car,Mitsubishi,Galant,2004,Manual,Petrol,2000,100000,1950000
car,Toyota,Prius,2011,Automatic,Hybrid,1800,82000,3890000
car,Suzuki,Maruti,2005,Manual,Petrol,800,85000,950000
car,Hyundai,Eon,2016,Manual,Petrol,800,63000,1980000
van,Suzuki,Every,2017,Automatic,Petrol,650,39010,3200000
car,Suzuki,Wagon R FX,2017,Automatic,Hybrid,650,46600,3140000
pickup,Mahindra,Bolero Maxi Truck,2013,Manual,Diesel,2500,52100,1875000
car,Suzuki,Alto,2011,Manual,Petrol,800,51000,1685000
car,Toyota,Aqua G Grade,2012,Automatic,Petrol,1500,107500,3450000
car,Nissan,Tiida,2008,Automatic,Petrol,1500,87500,3650000
pickup,Mahindra,Bolero,2015,Manual,Diesel,2500,35000,1825000
pickup,Tata,Xenon,2014,Manual,Diesel,3000,50000,1575000
car,Suzuki,Celerio,2014,Manual,Petrol,1000,65000,2050000
car,Toyota,Prius,2013,Automatic,Petrol,1800,25000,4250000
car,Suzuki,Alto,2017,Automatic,Petrol,650,30000,3190000
car,Tata,Indica,2014,Manual,Petrol,1400,52500,1285000
car,Toyota,Prius,2011,Automatic,Petrol,1800,160000,3650000
car,Suzuki,Wagon R,2016,Automatic,Hybrid,650,61000,2900000
car,Toyota,Vitz,2017,Automatic,Petrol,1000,34000,4750000
car,Suzuki,Alto Japan,2015,Automatic,Petrol,650,42400,2830000
car,Hyundai,Accent,2000,Automatic,Petrol,1500,147000,1390000
car,Nissan,NV200,2012,Automatic,Petrol,1600,112000,3600000
van,Nissan,Vanette,2007,Automatic,Petrol,1700,127000,3150000
car,Toyota,Axio,2014,Automatic,Hybrid,1500,124000,4400000
car,Suzuki,Maruti,2005,Manual,Petrol,800,65000,1020000
car,Chery,QQ,2008,Manual,Petrol,800,90000,935000
car,Suzuki,Alto,2016,Automatic,Petrol,650,31200,2525000
pickup,Toyota,Hilux,2017,Automatic,Diesel,2800,77000,11500000
car,Suzuki,Alto,2015,Manual,Petrol,800,46800,1969000
car,Nissan,Primera,2001,Automatic,Petrol,1900,115000,1900000
car,Suzuki,Maruti,2005,Manual,Petrol,800,175000,950000
car,Toyota,Premio,2018,Automatic,Petrol,1500,39500,10000000
car,Toyota,Premio G Superior,2015,Automatic,Petrol,1500,60000,7975000
car,Toyota,Axio G Grade,2018,Automatic,Hybrid,1500,17000,7375000
car,Toyota,Aqua,2013,Automatic,Hybrid,1500,73900,3390000
car,Toyota,Prius,2011,Automatic,Petrol,1800,94000,4150000
car,Toyota,Prius,2014,Automatic,Petrol,1800,60000,4225000
car,Tata,Indica V2,2004,Manual,Petrol,1400,90000,1200000
car,Nissan,FB15 Super Saloon,2001,Automatic,Petrol,1500,175000,2490000
car,Suzuki,Maruti,2011,Manual,Petrol,800,24400,1285000
car,Toyota,Allion,2004,Automatic,Petrol,1500,125000,4250000
car,Suzuki,Wagon R FX,2017,Automatic,Petrol,650,56000,3025000
car,Mazda,Demio,2000,Manual,Petrol,1300,165000,1190000
car,Suzuki,Wagon R Stingray,2018,Automatic,Hybrid,650,18500,3750000
van,Toyota,KR42,2007,Automatic,Petrol,1500,130000,3950000
car,Toyota,Allion,2004,Automatic,Petrol,1500,180000,3150000
car,Honda,Fit Shuttle,2014,Automatic,Hybrid,1300,105000,4350000
car,Chery,QQ,2011,Manual,Petrol,800,70300,1130000
car,Suzuki,Swift,2010,Automatic,Petrol,1300,83000,2825000
car,Mitsubishi,Lancer,2003,Automatic,Petrol,1500,174000,2700000
car,Suzuki,Alto,2015,Manual,Petrol,800,58000,1820000
car,Suzuki,Alto,2017,Automatic,Petrol,650,35000,3175000
car,Toyota,Corolla,2004,Manual,Petrol,1300,132772,2850000
car,Toyota,Prius,2012,Automatic,Petrol,1800,79000,4175000
car,Suzuki,Maruti,2003,Manual,Petrol,800,105000,925000
van,Suzuki,Every,2006,Automatic,Petrol,650,99600,2295000
van,Nissan,Vanette,2002,Manual,Diesel,2200,200000,2975000
car,Micro,Trend,2011,Automatic,Petrol,1100,55000,1300000
car,Suzuki,Alto,2010,Manual,Petrol,800,122000,1625000
car,Toyota,Aqua,2016,Automatic,Petrol,1500,29000,4950000
car,Micro,Geely MX7,2015,Manual,Petrol,1500,130000,1000000
car,Nissan,FB15,2000,Automatic,Petrol,1500,292500,2495000
car,Suzuki,Alto,2015,Manual,Petrol,800,108000,1950000
car,Toyota,Roomy,2017,Automatic,Petrol,1000,60000,3650000
car,Suzuki,Alto,2011,Manual,Petrol,1000,85000,1700000
car,Datsun,Redi-GO,2017,Manual,Petrol,800,38000,1700000
pickup,Mahindra,Bolero,2017,Manual,Diesel,2500,41000,2285000
car,Nissan,Bluebird,2006,Automatic,Petrol,1500,169000,2890000
car,Perodua,Axia,2017,Automatic,Petrol,1000,28400,2950000
suv,Mitsubishi,Montero V6,2007,Automatic,Diesel,6000,155000,9650000
car,Honda,Fit GP1,2012,Automatic,Hybrid,1300,106000,3425000
car,Suzuki,Alto,2015,Manual,Petrol,800,41000,1965000
van,Toyota,Dolphin,2004,Manual,Diesel,3000,195000,5355000
suv,Mitsubishi,Montero Sport,2007,Manual,Diesel,2500,138000,5250000
car,Suzuki,Alto 800 LXI,2007,Manual,Petrol,800,108560,1550000
car,Renault,KWID,2016,Manual,Petrol,800,16000,1850000
car,Toyota,Premio,2013,Automatic,Petrol,1500,52000,6890000
car,Micro,Trend,2011,Manual,Petrol,1000,75000,1020000
car,Hyundai,Accent,2000,Manual,Petrol,1500,122000,1350000
car,Suzuki,Maruti,2012,Manual,Petrol,800,87000,1275000
car,Suzuki,Maruti 800,2005,Manual,Petrol,800,83000,1020000
suv,Suzuki,Grand Vitara,2001,Manual,Petrol,2000,210000,1200000
car,Suzuki,Wagon R Stingray,2018,Automatic,Hybrid,650,16000,3750000
car,Micro,Panda,2013,Manual,Petrol,1000,69000,1250000
car,Toyota,Aqua X Urban,2015,Automatic,Hybrid,1500,30000,5200000
car,Toyota,Prius,2014,Automatic,Hybrid,1800,121000,4525000
pickup,Tata,Xenon,2012,Manual,Diesel,3000,180000,1650000
car,Suzuki,Wagon R Stingray,2018,Automatic,Hybrid,650,37200,3800000
car,Suzuki,Wagon R,2014,Automatic,Petrol,650,120000,1865000
car,Suzuki,Wagon R Stingray,2018,Automatic,Hybrid,650,55000,3140000
car,Toyota,Aqua S Grade,2012,Automatic,Hybrid,1500,82000,3600000
car,Honda,Fit Shuttle,2015,Automatic,Hybrid,1300,129000,4400000
car,Honda,Freed,2012,Automatic,Hybrid,1500,100602,4200000
car,Honda,Fit GP1,2012,Automatic,Petrol,1300,72000,2930000
car,Toyota,Axio,2013,Automatic,Hybrid,1500,63000,4050000
car,Toyota,Allion,2017,Automatic,Petrol,1500,41000,8850000
car,Suzuki,Wagon R Stingray,2017,Automatic,Petrol,650,20000,3100000
van,Toyota,KDH,2006,Automatic,Diesel,3000,177000,6650000
car,Suzuki,Wagon R,2016,Automatic,Petrol,650,56000,2535000
car,Mazda,3,2014,Automatic,Petrol,1600,90000,5525000
car,Toyota,Prius,2014,Automatic,Petrol,1800,120000,4300000
suv,Toyota,CHR,2017,Automatic,Petrol,1200,18000,8125000
car,Toyota,Aqua,2012,Automatic,Petrol,1500,113000,3565000
car,Suzuki,Alto,2015,Manual,Petrol,800,52000,1735000
car,Mitsubishi,Lancer CS1,2005,Manual,Petrol,1300,170100,2400000
car,Micro,Trend,2012,Manual,Petrol,1100,60000,1125000
car,Nissan,March K11,2002,Automatic,Petrol,1000,114600,1875000
pickup,Mahindra,Bolero,2007,Manual,Diesel,2500,100000,950000
van,Suzuki,Every,2013,Automatic,Petrol,650,102350,2790000
pickup,Tata,207,2011,Manual,Diesel,2100,84000,1150000
van,Mitsubishi,Mini Cab,2002,Manual,Petrol,650,150000,1750000
car,Suzuki,Zen,2005,Manual,Petrol,1000,112000,1150000
car,Tata,Indigo,2011,Manual,Petrol,1200,51000,1375000
suv,Toyota,Fortuner,2006,Automatic,Petrol,2700,147000,6350000
car,Suzuki,Alto 800 LXI,2015,Manual,Petrol,800,20600,1890000
car,Nissan,N17,2008,Manual,Petrol,1300,92000,2550000
car,Toyota,Axio,2015,Automatic,Hybrid,1500,30000,5500000
car,Suzuki,Alto 800,2015,Manual,Petrol,800,52000,1965000
car,Nissan,Bluebird,2000,Manual,Petrol,1500,215000,1925000
car,Honda,Grace EX,2016,Automatic,Hybrid,1500,58000,5375000
car,Toyota,Allion 260,2011,Automatic,Petrol,1500,92000,5750000
car,Suzuki,Wagon R Stingray,2017,Automatic,Hybrid,650,38000,3150000
car,Toyota,Axio,2014,Automatic,Hybrid,1500,68000,4450000
car,Toyota,Vitz,2007,Automatic,Petrol,1000,129000,2850000
car,Suzuki,Maruti,2006,Manual,Petrol,800,90000,1150000
van,Suzuki,Every DA64,2014,Automatic,Petrol,650,90000,2675000
suv,Zotye,Nomad,2008,Manual,Petrol,1500,69000,1695000
car,Toyota,Allion 240,2003,Automatic,Petrol,1500,127000,3850000
car,Suzuki,Maruti 800,2011,Manual,Petrol,800,65974,1350000
van,Micro,MPV Junior,2011,Manual,Petrol,1000,80000,1085000
car,Suzuki,Maruti,2008,Manual,Petrol,800,76000,1160000
van,Toyota,Hiace,2008,Automatic,Diesel,3000,113256,7950000
car,Suzuki,Maruti Alto,2010,Manual,Petrol,800,160000,1525000
car,Micro,Panda,2016,Manual,Petrol,1000,26000,1570000
car,Honda,Fit Shuttle,2012,Automatic,Hybrid,1300,116000,3625000
car,Toyota,Aqua,2013,Automatic,Petrol,1500,81000,3500000
car,Suzuki,Swift RS,2017,Automatic,Hybrid,1200,12000,4750000
car,Toyota,Pixis,2017,Automatic,Petrol,650,26000,2950000
suv,Honda,Vezel,2014,Automatic,Petrol,1500,69000,4950000
van,Nissan,Vanette,2001,Manual,Diesel,2200,210000,2830000
suv,Kia,Sportage,2014,Manual,Diesel,2000,93000,5980000
car,Honda,Civic FD4,2011,Automatic,Petrol,1600,95000,4575000
car,Nissan,Cefiro,2000,Manual,Petrol,2000,180000,1500000
car,Toyota,Aqua,2012,Automatic,Hybrid,1500,82833,3475000
car,Toyota,Prius,2014,Automatic,Hybrid,1800,89000,4825000
van,Hyundai,H100,2002,Manual,Diesel,2500,295000,1750000
car,Micro,Panda,2017,Manual,Petrol,1000,28600,1755000
car,Nissan,N17,2007,Manual,Petrol,1300,111000,2500000
car,Suzuki,Wagon R Stingray,2017,Automatic,Hybrid,650,59000,3490000
car,Suzuki,Wagon R Stingray,2015,Automatic,Petrol,650,17000,3600000
car,Suzuki,Wagon R Stingray,2015,Automatic,Petrol,650,28500,2650000
car,Honda,Fit GP1,2012,Automatic,Hybrid,1300,96000,3290000
van,Suzuki,Every,2013,Automatic,Petrol,650,58000,2900000
van,Toyota,KDH 201 Super GL,2016,Automatic,Diesel,3000,38500,9950000
car,Nissan,March AK12,2012,Automatic,Petrol,1300,116000,2275000
car,Suzuki,Alto,2015,Manual,Petrol,800,48000,1785000
car,Toyota,Aqua S Grade,2014,Automatic,Hybrid,1500,70000,4185000
car,Nissan,N16,2002,Manual,Petrol,1400,230000,2250000
car,Toyota,Axio G Grade,2015,Automatic,Hybrid,1500,81000,5200000
van,Nissan,Clipper,2019,Automatic,Petrol,650,22000,2750000
car,Toyota,Vitz,2007,Automatic,Petrol,1000,96000,2850000
car,Perodua,Viva Elite,2014,Manual,Petrol,1000,76000,2225000
car,Toyota,Vitz,2017,Automatic,Petrol,1000,60000,4850000
car,Toyota,Aqua,2013,Automatic,Petrol,1500,93200,3250000
van,Nissan,NV200,2018,Automatic,Petrol,1600,28600,6400000
car,Nissan,March K12,2008,Automatic,Petrol,1300,99000,2350000
car,Toyota,Vitz,2015,Automatic,Petrol,1000,58854,4400000
car,Perodua,Viva Elite,2006,Manual,Petrol,1000,120000,1620000
car,Suzuki,Maruti,2006,Manual,Petrol,800,85100,1175000
car,Nissan,Tiida Latio,2007,Automatic,Petrol,1500,103000,3196000
car,Suzuki,Alto,2015,Manual,Petrol,800,22000,1880000
suv,Mitsubishi,Pajero,2001,Manual,Diesel,2900,120000,2175000
car,Nissan,March,2003,Automatic,Petrol,1000,122696,2000000
van,Toyota,KDH Super GL,2012,Automatic,Diesel,3000,81000,7300000
car,Nissan,Wingroad,2002,Automatic,Petrol,1500,195000,1875000
car,Honda,Freed,2018,Automatic,Hybrid,1500,40800,6950000
car,Nissan,Wingroad,2001,Automatic,Petrol,1300,110000,2095000
car,Toyota,Prius,2009,Automatic,Petrol,1800,162000,3660000
car,Chevrolet,Cruze,2004,Automatic,Petrol,1300,155000,1725000
van,Suzuki,Every DA64,2018,Automatic,Petrol,650,41000,4575000
car,Suzuki,Alto,2011,Manual,Petrol,800,77000,1655000
car,Toyota,Axio,2015,Automatic,Hybrid,1500,66000,4200000
car,Suzuki,Wagon R FZ,2018,Automatic,Petrol,650,27000,2950000
car,Toyota,Vitz,2005,Automatic,Petrol,1000,88000,2525000
car,Toyota,Vios,2006,Manual,Petrol,1500,158000,2750000
car,Toyota,Premio G Superior,2011,Automatic,Petrol,1500,77000,5250000
car,Suzuki,Alto 800 LXI,2015,Manual,Petrol,800,38000,1940000
car,Toyota,Aqua,2012,Automatic,Hybrid,1500,89000,3100000
suv,Toyota,Fortuner,2010,Automatic,Petrol,2700,115000,9500000
car,Honda,Grace,2015,Automatic,Hybrid,1500,113000,4890000
car,Suzuki,Alto,2007,Manual,Petrol,800,192000,1460000
car,Toyota,Axio,2015,Automatic,Hybrid,1500,70000,4825000
car,Suzuki,Alto,2015,Manual,Petrol,800,55000,2075000
car,Suzuki,Wagon R,2014,Automatic,Petrol,650,55000,2550000
van,Mazda,Bongo,2013,Automatic,Diesel,2000,130000,3700000
car,Nissan,FB15,2000,Automatic,Petrol,1500,165000,2250000
car,Nissan,Sunny N16,2006,Automatic,Petrol,1500,154344,2175000
pickup,Mahindra,Bolero,2010,Manual,Diesel,2500,27601,1375000
car,Suzuki,Wagon R Stingray,2015,Automatic,Petrol,650,100000,2800000
car,Suzuki,Alto 800 LXI,2015,Manual,Petrol,800,37000,1790000
car,Nissan,Wingroad,2000,Automatic,Petrol,1500,260000,1650000
van,Nissan,Caravan,2007,Automatic,Diesel,3000,185000,2300000
car,Toyota,Vitz,2007,Automatic,Petrol,1000,87000,3100000
car,Toyota,Prius S Grade,2013,Automatic,Hybrid,1800,105000,3890000
car,Suzuki,Alto 800 LXI,2011,Manual,Petrol,800,80000,1700000
car,Toyota,Belta,2008,Automatic,Petrol,1000,89912,2825000
car,Toyota,Soluna,2002,Manual,Petrol,1500,149600,1550000
car,Mazda,Demio,2001,Automatic,Petrol,1500,147000,1800000
car,Suzuki,Wagon R Stingray,2018,Automatic,Petrol,650,15000,3700000
car,Toyota,Allion,2001,Automatic,Petrol,1500,121000,3480000
car,Suzuki,Maruti,2012,Manual,Petrol,800,66792,1200000
car,Suzuki,Swift RS,2019,Automatic,Petrol,1300,6500,5125000
car,Nissan,Leaf,2013,Automatic,Electric,80,72000,1475000
car,Toyota,Vitz,2016,Automatic,Petrol,1000,31000,4525000
car,Chery,QQ,2012,Manual,Petrol,800,26000,1150000
suv,Mitsubishi,Montero Sport,2007,Manual,Diesel,2500,146000,6350000
car,Toyota,Premio,2015,Automatic,Petrol,1500,106000,7600000
car,Nissan,Bluebird,2005,Automatic,Petrol,1800,118000,1975000
car,Suzuki,Wagon R,2017,Automatic,Petrol,650,48000,2975000
car,Suzuki,Wagon R FZ,2018,Automatic,Hybrid,650,59000,3340000
car,Suzuki,Alto,2015,Manual,Petrol,800,54000,1800000
suv,Honda,Vezel Z Orange,2015,Automatic,Hybrid,1500,51000,5590000
car,Toyota,Premio G Superior,2017,Automatic,Petrol,1500,66000,9775000
car,Toyota,Axio,2015,Automatic,Hybrid,1500,88200,5335000
car,Suzuki,Maruti,2006,Manual,Petrol,800,94000,1060000
car,Chevrolet,Aveo,2011,Manual,Petrol,1400,140000,2495000
car,Suzuki,Swift,2007,Manual,Petrol,1300,111700,1950000
car,Hyundai,Eon,2015,Manual,Petrol,800,57000,2050000
car,Suzuki,Alto,2015,Manual,Petrol,800,48000,1990000
car,Suzuki,Alto 800,2015,Manual,Petrol,800,73000,1750000
suv,Honda,Vezel RS Sensing,2017,Automatic,Petrol,1500,68000,6915000
car,Toyota,Axio X Grade,2014,Automatic,Hybrid,1500,67000,4150000
car,Nissan,Leaf G Grade,2013,Automatic,Electric,70,56000,1750000
van,Suzuki,Every,2007,Automatic,Petrol,650,120000,2575000
car,Toyota,Prius S Touring,2011,Automatic,Petrol,1800,102356,4150000
car,Suzuki,Wagon R Stingray,2018,Automatic,Hybrid,650,58900,3625000
car,Suzuki,Alto,2006,Manual,Petrol,800,135000,1325000
car,Nissan,N17,2005,Manual,Petrol,1300,118000,2650000
car,Suzuki,Alto,2015,Manual,Petrol,800,59000,1850000
van,Toyota,CR42,2001,Automatic,Diesel,2200,150000,4250000
car,Renault,KWID,2016,Manual,Petrol,800,37000,1850000
van,Toyota,KDH Super GL,2016,Automatic,Petrol,3000,76000,7800000
car,Suzuki,Alto K10,2015,Manual,Petrol,1000,42000,2050000
car,Suzuki,Wagon R Stingray,2018,Automatic,Petrol,650,36000,3690000
van,Toyota,KDH,2006,Manual,Diesel,2500,282545,4800000
car,Hyundai,Eon,2017,Manual,Petrol,800,40000,2350000
car,Toyota,Prius,2013,Automatic,Hybrid,1800,35000,4700000
car,Nissan,Leaf G Grade,2013,Automatic,Electric,80,54000,1350000
car,Toyota,Allion 240,2006,Automatic,Petrol,1500,102000,4375000
car,Toyota,Aqua G Grade,2013,Automatic,Hybrid,1500,66000,3875000
car,Suzuki,Swift,2004,Automatic,Petrol,1300,148000,2575000
pickup,Tata,Xenon,2016,Manual,Diesel,2400,49000,1875000
car,Suzuki,Maruti,2007,Manual,Diesel,800,13000,1065000
car,Hyundai,Elantra,2000,Automatic,Petrol,1600,165000,1440000
car,Mazda,Axela,2004,Automatic,Petrol,1500,80400,2990000
van,Nissan,NV350,2019,Manual,Diesel,2500,28000,1019000
car,Suzuki,Wagon R FZ,2017,Automatic,Hybrid,650,38000,3575000
van,Toyota,KDH 223,2015,Automatic,Diesel,3000,66000,9500000
car,Honda,Civic,2010,Automatic,Hybrid,1500,132000,3475000
van,Toyota,KDH 201 Super GL,2011,Automatic,Diesel,3000,130347,6450000
suv,Honda,Vezel,2017,Automatic,Petrol,1500,75000,6850000
van,Suzuki,Every,2016,Automatic,Petrol,650,22000,3150000
car,Toyota,Prius S Touring,2014,Automatic,Petrol,1800,79350,4625000
car,Toyota,Avanza,2011,Manual,Petrol,1300,61043,3200000
car,Tata,Nano Twist,2015,Manual,Petrol,650,52000,1150000
car,Suzuki,Maruti,2005,Manual,Petrol,800,90000,1090000
car,Nissan,Primera,2001,Manual,Petrol,2000,199500,1850000
car,Tata,Nano,2016,Manual,Petrol,650,390000,1260000
van,Suzuki,Spacia G,2016,Automatic,Hybrid,650,54000,3200000
car,Toyota,Premio,2010,Automatic,Petrol,1500,115000,5690000
car,Toyota,Starlet,2006,Automatic,Petrol,1300,120000,2185000
car,Toyota,Yaris,2008,Automatic,Petrol,1300,160000,3150000
car,Toyota,Belta,2010,Automatic,Petrol,1000,93100,3090000
car,Suzuki,Swift,2010,Automatic,Petrol,1300,69000,3290000
car,Toyota,Axio,2014,Automatic,Hybrid,1500,80000,3950000
car,Toyota,Aqua,2013,Automatic,Petrol,1500,60000,4175000
car,Suzuki,Wagon R FZ,2016,Automatic,Petrol,650,78000,2750000
car,Nissan,Bluebird,2001,Automatic,Petrol,1500,122000,2290000
car,Toyota,Premio,2017,Automatic,Petrol,1500,24000,7550000
van,Mazda,Bongo,2013,Automatic,Diesel,2000,120000,3050000
car,Toyota,Aqua,2012,Automatic,Hybrid,1500,72000,3490000
van,Toyota,KDH,2015,Automatic,Diesel,3000,27000,9750000
car,Suzuki,Wagon R Stingray,2018,Automatic,Petrol,650,37542,3675000
car,Micro,MPV Junior 3,2012,Manual,Petrol,1000,50077,1120000
car,Micro,Panda,2015,Manual,Petrol,1000,12350,1625000
car,Perodua,Viva Elite,2012,Automatic,Petrol,1000,79000,2375000
car,Toyota,Corolla 121,2000,Automatic,Petrol,1500,151678,3250000
suv,Toyota,CHR GT TURBO,2018,Automatic,Petrol,1200,11500,8350000
car,Toyota,Premio,2013,Automatic,Petrol,1500,49000,6650000
car,Toyota,Aqua,2013,Automatic,Petrol,1500,96000,2900000
car,Mazda,Familia BJ5P,2000,Automatic,Petrol,1600,153000,1875000
car,Suzuki,Alto,2015,Manual,Petrol,800,42000,1950000
car,Suzuki,Maruti 800,2011,Manual,Petrol,800,90000,1260000
car,Suzuki,Wagon R Stingray,2018,Automatic,Petrol,650,39000,3290000
car,Suzuki,Wagon R,2017,Automatic,Petrol,650,43260,3160000
car,Suzuki,Alto,2015,Manual,Petrol,800,25000,1870000
car,Mahindra,KUV 100,2020,Manual,Petrol,1200,96,3250000
van,Suzuki,Every,2015,Automatic,Petrol,650,62000,2900000
car,Perodua,Viva Elite,2014,Automatic,Petrol,1000,57000,2250000
car,Suzuki,Alto,2015,Manual,Petrol,800,30000,1810000
car,Toyota,Axio G Grade,2014,Automatic,Petrol,1500,71700,4695000
car,Toyota,Vios,2004,Automatic,Petrol,1500,120000,2800000
car,Suzuki,Alto,2015,Manual,Petrol,800,39200,1795000
car,Chery,QQ,2006,Manual,Petrol,800,170000,830000
car,Suzuki,Alto 800,2006,Manual,Petrol,800,100000,1495000
car,Suzuki,Alto,2015,Automatic,Hybrid,650,13700,2610000
van,Toyota,KDH 201 Super GL,2008,Automatic,Diesel,2500,140000,6200000
van,Mitsubishi,Mini Cab,2004,Manual,Petrol,650,24000,1300000
van,Suzuki,Spacia,2015,Automatic,Hybrid,650,40000,3590000
car,Suzuki,Wagon R Stingray,2014,Automatic,Petrol,650,27900,3075000
van,Suzuki,Spacia,2017,Automatic,Hybrid,650,38000,3275000
car,Toyota,Prius,2009,Automatic,Hybrid,1800,162000,3750000
van,Suzuki,Every,2018,Automatic,Petrol,650,7400,2990000
suv,Toyota,CHR,2019,Automatic,Petrol,1200,3800,8175000
car,Suzuki,Wagon R Stingray,2016,Automatic,Petrol,650,53000,3200000
car,Toyota,Axio G Grade,2015,Automatic,Hybrid,1500,72115,5450000
car,Toyota,Axio,2014,Automatic,Hybrid,1500,180000,4700000
car,Suzuki,Swift,2003,Automatic,Petrol,1300,132000,2275000
pickup,Toyota,Hilux Revo,2017,Automatic,Diesel,3000,48000,11250000
suv,Micro,Kyron,2008,Automatic,Diesel,2000,84000,3450000
car,Toyota,Allion,2016,Automatic,Petrol,1500,69500,7650000
car,Toyota,Aqua,2015,Automatic,Hybrid,1500,66000,3800000
car,Suzuki,Wagon R,2018,Automatic,Hybrid,650,36548,2990000
car,Suzuki,Estilo,2011,Manual,Petrol,1000,62000,1800000
car,Toyota,Aqua G Grade,2015,Automatic,Hybrid,1500,51500,4000000
car,Tata,Nano,2016,Manual,Petrol,650,34000,1450000
car,Toyota,Corolla,2000,Automatic,Petrol,1500,186000,2150000
car,Suzuki,Maruti,2006,Manual,Petrol,800,26000,1220000
car,Toyota,Premio 260,2012,Automatic,Petrol,1500,73000,6350000
car,Suzuki,Alto,2009,Automatic,Petrol,650,105000,1850000
car,Honda,Fit,2013,Automatic,Petrol,1500,96000,3580000
van,Toyota,Dolphin,2004,Automatic,Diesel,2000,125000,5700000
car,Suzuki,Maruti,2006,Manual,Petrol,800,65700,1125000
car,Toyota,Soluna,2005,Manual,Petrol,1500,197000,1875000
pickup,Mahindra,Bolero,2013,Manual,Diesel,2500,58000,1625000
car,Suzuki,Hustler,2015,Automatic,Petrol,650,40000,2750000
car,Suzuki,Wagon R FZ,2016,Automatic,Hybrid,650,40000,3025000
car,Chery,QQ,2007,Manual,Petrol,800,73550,950000
car,Suzuki,Wagon R FX,2015,Automatic,Hybrid,650,53000,2690000
car,Nissan,N16,2004,Automatic,Petrol,1600,150000,2075000
car,Micro,MX 7,2013,Manual,Petrol,1500,112000,1650000
suv,Nissan,X-Trail,2007,Automatic,Petrol,2500,125000,3700000
car,Suzuki,Alto,2011,Manual,Petrol,800,75000,1575000
car,Nissan,Super Saloon,2003,Automatic,Petrol,1500,124000,3125000
car,Suzuki,Maruti Sport,2011,Manual,Petrol,800,73000,1295000
car,Toyota,Aqua,2014,Automatic,Petrol,1500,32000,4100000
car,Toyota,Prius,2013,Automatic,Hybrid,1800,56000,5150000
car,Toyota,Camry,2003,Automatic,Petrol,2000,200000,3100000
van,Nissan,Caravan,2010,Automatic,Diesel,3000,130000,4350000
car,Mitsubishi,Galant,2000,Manual,Diesel,2000,155000,2375000
car,Suzuki,Maruti,2003,Manual,Petrol,800,25435,990000
car,Perodua,Viva Elite,2011,Automatic,Petrol,1000,83650,2340000
car,Toyota,Axio,2015,Automatic,Hybrid,1500,60000,5425000
car,Suzuki,Maruti,2000,Manual,Petrol,800,98730,1050000
car,Toyota,Vitz,2001,Automatic,Petrol,1000,150000,2320000
car,Suzuki,Alto 800,2014,Manual,Petrol,800,13950,2150000
car,Tata,Nano,2012,Manual,Petrol,650,50000,785000
van,Nissan,Clipper,2011,Automatic,Petrol,650,65000,2100000
van,Toyota,KR42,2003,Automatic,Petrol,1800,130000,3850000
car,Toyota,Axio,2015,Automatic,Petrol,1500,71222,5490000
car,Micro,Trend,2010,Automatic,Petrol,1000,81000,995000
car,Suzuki,Alto,2015,Manual,Petrol,800,54000,2015000
car,Suzuki,Alto,2017,Automatic,Hybrid,650,10500,3210000
car,Nissan,March,2002,Manual,Petrol,1300,120000,1750000
car,Nissan,Sunny N16,2001,Automatic,Petrol,1500,193000,2400000
car,Toyota,Vitz Edition 2,2018,Automatic,Petrol,1000,7000,5375000
car,Toyota,Aqua,2014,Automatic,Petrol,1500,96000,3500000
car,Perodua,Viva Elite,2011,Automatic,Petrol,1000,88430,2250000
car,Suzuki,Swift RS,2017,Automatic,Hybrid,1300,31000,4625000
suv,Toyota,Avanza,2012,Manual,Petrol,1300,87000,3950009
car,Toyota,Vitz,2016,Automatic,Petrol,1000,26000,4670000
car,Suzuki,Maruti,2006,Automatic,Petrol,800,64000,1190000
car,Suzuki,Alto,2015,Manual,Petrol,800,46897,1850000
car,Suzuki,Alto,2014,Manual,Petrol,800,56000,1765000
car,Toyota,Axio WXB,2016,Automatic,Hybrid,1500,25092,6450000
car,Suzuki,Maruti,2004,Manual,Petrol,800,99000,865000
van,Toyota,KDH Dark Prime,2017,Automatic,Petrol,3000,30000,12575000
van,Mazda,Brawny,2006,Manual,Diesel,2200,230852,3190000
van,Toyota,KR42 Noah,2008,Automatic,Petrol,1700,156400,3695000
car,Renault,KWID,2016,Manual,Petrol,800,28000,1950000
car,Toyota,Axio,2014,Automatic,Hybrid,1500,45000,4750000
car,Suzuki,Wagon R Stingray,2015,Automatic,Petrol,650,59000,2650000
car,Suzuki,Alto K10,2015,Manual,Petrol,1000,47901,2150000
car,Suzuki,Wagon R,2017,Automatic,Hybrid,650,18000,2750000
car,Suzuki,Alto,2015,Manual,Petrol,800,44200,1825000
car,Toyota,Premio G Superior,2015,Automatic,Petrol,1500,42000,8350000
car,Nissan,FB15 Super Saloon,2002,Automatic,Petrol,1500,158000,2725000
car,Toyota,Vitz F,2018,Automatic,Petrol,1000,7000,4995000
car,Tata,Nano,2012,Manual,Petrol,650,160000,765000
car,Suzuki,Zen,2001,Manual,Petrol,1000,75000,1065000
car,Nissan,March K11,2000,Automatic,Petrol,1200,176000,1700000
car,Toyota,Vitz F,2018,Automatic,Petrol,1000,11500,5350000
suv,Honda,Vezel Z Grade,2015,Automatic,Hybrid,1500,89000,5295000
car,Nissan,March,2002,Automatic,Petrol,1000,142500,1790000
suv,Honda,Vezel,2014,Automatic,Petrol,1500,83000,5100000
car,Toyota,Premio G Superior,2014,Automatic,Petrol,1500,53000,8100000
car,Micro,Panda,2015,Manual,Petrol,1000,83000,1450000
car,Honda,Fit Shuttle,2012,Automatic,Petrol,1300,106000,3700000
car,Suzuki,Alto Japan,2017,Automatic,Petrol,650,34445,2540000
car,Toyota,Vitz,2017,Automatic,Petrol,1000,61000,4875000
suv,Mitsubishi,Outlander,2015,Automatic,Petrol,2000,83200,7590000
car,Toyota,Aqua G Grade,2013,Automatic,Hybrid,1500,71000,3590000
car,Toyota,Prius,2013,Automatic,Hybrid,1800,126500,4700000
car,Toyota,Vitz KSP90,2008,Automatic,Petrol,1000,115000,3290000
van,Nissan,Vanette,2000,Manual,Diesel,2200,193500,2200000
car,Suzuki,Wagon R FZ,2014,Automatic,Hybrid,650,80000,2675000
car,Toyota,Corolla 121,2000,Automatic,Petrol,1500,386400,3150000
car,Suzuki,Ignis,2016,Automatic,Petrol,1300,43800,4290000
suv,Mitsubishi,Outlander,2015,Automatic,Hybrid,2000,66000,6950000
car,Suzuki,Maruti,2011,Manual,Petrol,800,47000,1290000
car,Tata,Nano,2011,Manual,Petrol,650,36450,895000
car,Suzuki,Wagon R Stingray,2018,Automatic,Petrol,650,40000,3725000
car,Toyota,Aqua,2014,Automatic,Hybrid,1300,74450,3275000
car,Suzuki,Maruti,2007,Manual,Petrol,800,82000,1100000
car,Suzuki,Celerio,2015,Manual,Petrol,1000,70000,2300000
car,Toyota,Vitz,2015,Automatic,Petrol,1000,24000,4050000
car,Nissan,Bluebird,2011,Automatic,Petrol,1500,110000,4150000
van,Nissan,E25,2007,Manual,Diesel,3000,280000,4800000
car,Suzuki,Swift,2003,Automatic,Petrol,1300,163000,1990000
car,Toyota,Corolla 141,2008,Automatic,Petrol,1600,237200,3690000
car,Suzuki,Zen,2006,Manual,Petrol,1000,118000,1195000
suv,Hyundai,Santa Fe,2008,Automatic,Diesel,2200,170400,4300000
car,Honda,Fit,2012,Automatic,Petrol,1500,76000,2925000
car,Toyota,Allion 240,2006,Automatic,Petrol,1500,96000,3500000
car,Nissan,Sunny,2002,Manual,Petrol,1500,150000,2000000
car,Suzuki,Wagon R FZ,2018,Automatic,Hybrid,650,57000,3480000
car,Toyota,Premio,2017,Automatic,Petrol,1500,49000,8995000
car,Toyota,Axio X Grade,2007,Automatic,Petrol,1500,87000,4475000
car,Toyota,Vitz,2008,Automatic,Petrol,1000,87000,3375000
van,Toyota,KDH 201 Super GL,2015,Automatic,Diesel,3000,71000,9680000
car,Suzuki,Wagon R Stingray,2018,Automatic,Hybrid,650,17342,3735000
car,Toyota,Corolla Axio,2017,Automatic,Hybrid,1500,29000,5790000
car,Suzuki,Alto,2010,Manual,Petrol,800,81000,1550000
car,Tata,Nano,2012,Manual,Petrol,650,95000,825000
car,Suzuki,Maruti,2006,Manual,Petrol,800,63800,1075000
car,Nissan,Sunny N16,2001,Automatic,Petrol,1600,136087,2300000
car,Toyota,Axio,2013,Automatic,Hybrid,1500,88000,4200000
car,Suzuki,Wagon R FZ,2018,Automatic,Hybrid,650,48963,3495000
car,Suzuki,Alto Japan,2016,Automatic,Petrol,800,25000,3050000
van,Mitsubishi,Mini Cab,2011,Manual,Petrol,650,91000,2375000
suv,Kia,Sorento,2011,Automatic,Petrol,2400,87000,5990000
car,Tata,Nano Twist,2016,Manual,Petrol,650,95000,1300000
car,Suzuki,Hustler,2016,Automatic,Hybrid,650,28500,3150000
car,Toyota,Prius,2013,Automatic,Petrol,1800,100000,4250000
car,Suzuki,Wagon R FX,2017,Automatic,Hybrid,650,63000,2625000
suv,Honda,Vezel RS Sensing,2017,Automatic,Hybrid,1500,32000,7500000
car,Suzuki,Maruti,2005,Manual,Petrol,800,85000,1025000
car,Toyota,Premio 240,2004,Automatic,Petrol,1500,166000,3950000
car,Toyota,Premio,2017,Automatic,Petrol,1500,52000,9550000
car,Toyota,Corolla 121,2006,Automatic,Petrol,1500,270000,3250000
car,Suzuki,Maruti,2002,Manual,Petrol,800,71900,840000
van,Nissan,Caravan,2016,Manual,Diesel,2700,121000,6390000
car,Toyota,Axio G Grade,2015,Automatic,Hybrid,1500,79000,5200000
suv,Honda,Vezel,2018,Automatic,Hybrid,1500,34000,7100000
car,Suzuki,Alto Sport,2007,Manual,Petrol,800,130000,1450000
car,Suzuki,Zen,2006,Manual,Petrol,1000,102000,1280000
van,Toyota,KDH 201,2018,Automatic,Diesel,3000,4900,12650000
car,Hyundai,Sonata,2000,Automatic,Petrol,2000,185000,1575000
car,Mazda,Demio,2008,Automatic,Petrol,1300,75000,2550000
car,Toyota,Vitz,2009,Automatic,Petrol,1000,80000,2800000
car,Suzuki,Maruti,2012,Manual,Petrol,800,60000,1265000
suv,Mitsubishi,Pajero,2000,Automatic,Petrol,1800,170000,2625000
car,Suzuki,Swift,2004,Automatic,Petrol,1300,97000,2100000
car,Suzuki,Stingray,2017,Automatic,Hybrid,650,50100,3350000
van,Nissan,Vanette,2011,Manual,Diesel,2000,240000,3100000
suv,Honda,Vezel,2014,Automatic,Hybrid,1500,106300,5200000
car,Suzuki,Alto,2014,Manual,Petrol,800,60000,1830000
car,Toyota,Starlet,2000,Automatic,Diesel,1500,212944,1980000
car,Suzuki,Alto,2015,Manual,Petrol,800,100850,1765000
van,Nissan,Caravan,2008,Automatic,Diesel,3000,135000,4400000
car,Toyota,Premio,2018,Automatic,Petrol,1500,27000,7990000
car,Suzuki,Wagon R,2015,Automatic,Hybrid,650,72000,2750000
car,Toyota,Allion,2013,Automatic,Petrol,1500,71500,6725000
car,Toyota,Allion 240,2003,Automatic,Petrol,1500,190060,3680000
suv,Toyota,Aqua,2012,Automatic,Hybrid,1500,68000,3475000
suv,Mitsubishi,Montero V6,2004,Automatic,Petrol,3000,140000,6700000
car,Chevrolet,Cruze,2004,Automatic,Petrol,1300,105000,2200000
van,Nissan,Vanette,2001,Manual,Diesel,2000,215000,3125000
van,Suzuki,Spacia,2016,Automatic,Hybrid,650,61000,3380000
car,Micro,Panda Cross,2017,Manual,Petrol,1000,35318,1980000
car,Nissan,FB15 Super Saloon,2002,Automatic,Petrol,1500,150200,2600000
car,Nissan,AD WAGON VY11,2000,Automatic,Petrol,1300,180000,1690000
car,Nissan,N17,2006,Manual,Petrol,1300,116000,2390000
car,Toyota,Vitz,2007,Automatic,Petrol,1000,98000,2650000
car,Suzuki,Wagon R FX,2016,Automatic,Hybrid,650,51000,2725000
car,Toyota,Vitz,2019,Automatic,Petrol,1000,17800,5050000
car,Hyundai,Eon,2015,Manual,Petrol,800,47000,1990000
car,Toyota,Axio,2015,Automatic,Hybrid,1500,52000,4950000
car,Suzuki,Alto,2009,Manual,Petrol,800,165000,1565000
van,Toyota,KR42 Noah,2006,Automatic,Petrol,1800,250000,3500000
van,Toyota,KDH 201,2014,Automatic,Diesel,3000,100320,7200000
car,Nissan,Bluebird,2000,Automatic,Petrol,1800,155000,2100000
car,Honda,Fit,2014,Automatic,Hybrid,1300,72000,4150000
van,Mitsubishi,Mini Cab,2018,Manual,Petrol,650,22000,3200000
car,Toyota,Aqua,2015,Automatic,Petrol,1500,36000,4300000
car,Suzuki,Maruti,2009,Manual,Petrol,800,81000,1150000
car,Suzuki,Alto,2015,Manual,Petrol,800,48000,1940000
pickup,Mitsubishi,L200,2002,Manual,Diesel,2500,130000,3000000
car,Toyota,Aqua S Grade,2015,Automatic,Hybrid,1500,92000,4340000
car,Nissan,N16,2003,Manual,Petrol,1300,104000,2050000
car,Micro,Panda,2016,Manual,Petrol,1000,30000,1750000
car,Honda,Insight,2009,Automatic,Hybrid,1300,124000,3450000
car,Suzuki,Alto,2015,Manual,Petrol,800,20000,2075000
car,Suzuki,Maruti 800,2007,Manual,Petrol,800,48000,1050000
car,Toyota,Axio,2014,Automatic,Hybrid,1500,58046,5200000
van,Toyota,KDH 200,2005,Automatic,Diesel,2400,250000,6200000
car,Micro,Panda,2013,Manual,Petrol,1000,160000,1350000
van,Toyota,Hiace KDH 201 GL,2015,Automatic,Diesel,3000,83400,8600000
car,Suzuki,Swift,2003,Automatic,Petrol,1300,145000,2065000
car,Toyota,Allion 260,2008,Automatic,Petrol,1500,95000,5300000
suv,Hyundai,Santa Fe,2011,Automatic,Petrol,2400,92000,3750000
suv,Honda,Vezel,2014,Automatic,Petrol,1500,87000,4925000
car,Nissan,Tiida,2007,Automatic,Petrol,1500,103950,2890000
car,Toyota,Premio,2013,Automatic,Petrol,1500,82000,7050000
van,Toyota,Townace KR42,2007,Automatic,Diesel,1800,100000,4500000
car,Tata,Nano,2012,Manual,Petrol,650,57000,875000
car,Suzuki,Alto Japan,2016,Automatic,Petrol,650,31000,2950000
suv,Toyota,CHR GT TURBO,2019,Automatic,Petrol,1200,7500,9150000
car,Nissan,N17,2006,Automatic,Petrol,1500,96000,2790000
pickup,Mahindra,Bolero,2006,Manual,Diesel,2500,90000,1350000
car,Toyota,Passo,2009,Automatic,Petrol,1000,104000,2795000
car,Toyota,Aqua S Grade,2017,Automatic,Hybrid,1500,17000,5850000
car,Micro,Panda,2015,Manual,Petrol,1000,20000,1485000
car,Toyota,Noah,2014,Automatic,Hybrid,1800,30000,6500000
car,Suzuki,Maruti,2007,Manual,Petrol,800,29000,1085000
suv,Toyota,Fortuner,2006,Automatic,Petrol,2700,185000,7300000
car,Suzuki,A-Star,2010,Manual,Petrol,1000,120000,1875000
car,Kia,Rio,2002,Manual,Petrol,1500,170000,1350000
suv,Mitsubishi,Montero,2001,Automatic,Petrol,3500,203500,5475000
pickup,Mahindra,Bolero,2012,Manual,Diesel,2500,38000,1465000
suv,Kia,Sportage,2011,Automatic,Petrol,2000,90000,4900000
car,Nissan,Bluebird,2001,Automatic,Petrol,1500,178000,2300000
car,Toyota,Prius S Touring,2014,Automatic,Hybrid,1800,87000,4350000
car,Toyota,Vitz,2017,Automatic,Petrol,1000,17500,4290000
pickup,Mahindra,Bolero,2015,Manual,Diesel,2500,65000,1890000
car,Toyota,Premio,2010,Automatic,Petrol,1500,129139,4875000
car,Micro,Panda,2015,Manual,Petrol,1000,40800,1565000
car,Toyota,Premio G Superior,2015,Automatic,Petrol,1500,2400,8000000
car,Tata,Nano,2011,Manual,Petrol,650,126000,735000
car,Nissan,March,2001,Automatic,Petrol,1000,130000,1800000
car,Datsun,Redi-GO,2016,Manual,Petrol,800,70000,1675000
suv,Mitsubishi,Montero Sport,2012,Automatic,Diesel,2500,121000,8490000
car,Honda,Fit GP5,2014,Automatic,Hybrid,1500,70000,3850000
van,Nissan,Clipper NV100,2012,Automatic,Petrol,650,89050,2390000
car,Suzuki,Alto,2016,Manual,Petrol,800,43000,2000000
car,Suzuki,Alto 800 LXI,2015,Manual,Petrol,800,83952,1995000
suv,Honda,CRV,2018,Automatic,Petrol,1500,14500,14500000
car,Suzuki,Maruti,2005,Manual,Petrol,800,51210,1015000
car,Chery,QQ,2011,Manual,Petrol,800,80000,1050000
suv,Kia,Sportage,2011,Automatic,Petrol,2000,94000,4900000
car,Toyota,Corolla 121,2002,Automatic,Petrol,1500,272000,3325000
car,Suzuki,Maruti,2000,Manual,Petrol,800,34000,860000
van,Mazda,Bongo,2007,Manual,Diesel,2000,215000,3850000
car,Micro,Panda,2014,Manual,Petrol,1000,56000,1300000
car,Toyota,Prius W,2011,Automatic,Hybrid,1800,112000,3525000
car,Suzuki,Alto,2015,Manual,Petrol,800,80000,2025000
van,Suzuki,Spacia,2016,Automatic,Petrol,650,34210,3350000
car,Suzuki,Wagon R Stingray,2014,Automatic,Petrol,650,46000,2585000
van,Micro,MPV,2012,Manual,Petrol,1300,59000,1295000
pickup,Mahindra,Bolero Maxi Truck,2011,Manual,Diesel,2500,100000,1375000
van,Toyota,KDH,2015,Automatic,Diesel,2500,210000,8600000
car,Nissan,FB15 Ex Saloon,2001,Automatic,Petrol,1500,133000,2175000
car,Suzuki,Swift,2003,Automatic,Petrol,1300,120000,2375000
car,Suzuki,Wagon R Stingray,2018,Automatic,Hybrid,650,16000,3825000
car,Nissan,Leaf,2012,Automatic,Electric,70,60000,1395000
car,Toyota,Roomy,2017,Automatic,Petrol,1000,19650,5225000
car,Suzuki,Celerio,2015,Automatic,Petrol,1000,80000,2450000
suv,Honda,Vezel RS Sensing,2017,Automatic,Hybrid,1500,29000,7250000
car,Toyota,Allion 260,2010,Automatic,Petrol,1500,125000,5180000
car,Suzuki,Wagon R Stingray,2018,Automatic,Hybrid,650,25000,3695000
car,Suzuki,Alto,2007,Manual,Petrol,800,100000,1525000
van,Nissan,Clipper,2012,Automatic,Petrol,650,104000,2275000
car,Toyota,Passo,2005,Automatic,Petrol,1000,24000,2550000
car,Micro,Panda,2016,Manual,Petrol,1000,46000,1435000
car,Perodua,Viva Elite,2011,Manual,Petrol,1000,100000,2170000
van,Toyota,KDH Dark Prime,2015,Automatic,Diesel,3000,96000,9790000
car,Suzuki,Alto,2006,Automatic,Petrol,650,89000,1875000
car,Suzuki,Wagon R Stingray,2017,Automatic,Hybrid,650,39000,3190000
van,Suzuki,Spacia Custom,2017,Automatic,Petrol,650,77000,3390000
van,Toyota,Dolphin,2000,Manual,Diesel,2800,200000,4200000
car,Micro,Panda,2015,Manual,Petrol,1000,18485,1650000
car,Nissan,FB15,2001,Automatic,Petrol,1500,169000,2425000
car,Nissan,N17,2003,Manual,Petrol,1500,110000,2150000
car,Suzuki,Swift,2003,Automatic,Petrol,1300,94000,2245000
car,Honda,Grace,2017,Automatic,Diesel,1500,37000,5600000
van,Mazda,Scrum,2015,Automatic,Petrol,650,53000,2430000
van,Suzuki,Spacia,2016,Automatic,Petrol,650,48000,3175000
suv,Mitsubishi,Pajero,2002,Automatic,Petrol,2000,168000,2850000
car,Nissan,FB15,2001,Automatic,Petrol,1500,100000,2260000
pickup,Mahindra,Bolero,2017,Manual,Diesel,2500,88000,1875000
car,Toyota,Vitz F,2016,Automatic,Petrol,1000,46000,4300000
car,Chery,QQ,2007,Manual,Petrol,800,70000,875000
car,Suzuki,Alto Sport,2011,Manual,Petrol,800,90000,1720000
car,Toyota,Premio,2018,Automatic,Petrol,1500,26950,9750000
suv,Toyota,Harrier,2014,Automatic,Hybrid,2500,105000,11800000
car,Honda,Fit GP5,2014,Automatic,Hybrid,1500,76000,4190000
van,Daihatsu,Hijet,2005,Manual,Petrol,650,125100,1450000
car,Nissan,March K12,2003,Automatic,Petrol,1300,123000,1785000
car,Honda,Grace,2015,Automatic,Hybrid,1500,69170,4600000
car,Suzuki,Alto K10,2015,Automatic,Petrol,1000,82000,1875000
van,Suzuki,Every,2014,Automatic,Petrol,650,66000,2390000
car,Suzuki,Alto K10,2011,Manual,Petrol,1000,75000,1685000
car,Toyota,Aqua G Sport,2014,Automatic,Hybrid,1500,83000,4675000
pickup,Mahindra,Bolero,2015,Manual,Diesel,2500,40000,2095000
car,Toyota,Axio,2013,Automatic,Hybrid,1500,120000,4650000
car,Suzuki,Zen Estilo,2011,Manual,Petrol,1000,200000,2000000
car,Toyota,Premio G Superior,2017,Automatic,Petrol,1500,8200,9100000
car,Toyota,Premio G Superior,2014,Automatic,Petrol,1500,89000,7400000
suv,Daihatsu,Terios,2008,Automatic,Petrol,1500,142000,3350000
car,Suzuki,Wagon R FZ,2018,Automatic,Petrol,650,21500,3485000
car,Suzuki,Wagon R,2019,Automatic,Hybrid,650,50000,3750000
pickup,Mahindra,Bolero,2011,Manual,Diesel,2500,29500,1175000
car,Toyota,Axio,2014,Automatic,Hybrid,1500,103000,4600000
car,Toyota,Allion,2003,Automatic,Petrol,1500,117000,3500000
car,Suzuki,Wagon R,2018,Automatic,Petrol,650,48000,3290000
car,Nissan,Wingroad,2000,Automatic,Petrol,1500,140000,1800000
pickup,Mahindra,Bolero,2018,Manual,Diesel,2500,31500,2325000
van,Nissan,Clipper,2016,Automatic,Petrol,650,76600,3325000
car,Toyota,Vitz KSP90,2008,Automatic,Petrol,1000,76100,3425000
van,Toyota,Voxy,2015,Automatic,Petrol,1800,75000,6985000
car,Honda,Fit GP1,2012,Automatic,Petrol,1300,69000,2830000
car,Toyota,Axio,2013,Automatic,Petrol,1500,130000,5100000
car,Nissan,Sunny N17,2004,Automatic,Petrol,1600,143000,2440000
van,Toyota,KDH 200,2005,Automatic,Diesel,2500,190000,5850000
car,Suzuki,Maruti,2011,Manual,Petrol,800,48000,1265000
car,Suzuki,Wagon R Stingray,2015,Automatic,Petrol,650,57500,2900000
suv,Kia,Sportage,2014,Automatic,Diesel,2000,106000,7600000
car,Toyota,Vitz KSP90,2008,Automatic,Petrol,1000,135000,3390000
car,Toyota,Vitz,2016,Automatic,Petrol,1000,45000,4420000
car,Suzuki,Maruti,2012,Manual,Petrol,800,45000,1295000
suv,Mitsubishi,Montero,2007,Manual,Diesel,2300,117000,5695000
car,Nissan,March K12,2003,Automatic,Petrol,1300,123000,1795000
car,Kia,Picanto,2016,Automatic,Petrol,1000,37500,3050000
car,Suzuki,800,2007,Manual,Petrol,800,21447,1050000
car,Kia,Picanto,2016,Automatic,Petrol,1000,70000,3250000
car,Suzuki,Swift,2002,Manual,Petrol,1300,150000,1890000
van,Suzuki,Every,2012,Automatic,Petrol,650,146000,2750000
car,Suzuki,Alto,2015,Manual,Petrol,800,44900,1850000
van,Toyota,Noah,2000,Manual,Petrol,2000,260000,2250000
car,Toyota,Axio G Grade,2014,Automatic,Hybrid,1500,81500,4200000
car,Suzuki,Wagon R FZ,2014,Automatic,Petrol,650,12500,2375000
van,Suzuki,Every,2017,Automatic,Petrol,650,47500,2800000
car,Suzuki,Alto,2007,Manual,Petrol,800,84000,1375000
car,Suzuki,Wagon R FX,2017,Automatic,Hybrid,650,34000,3190000
car,Toyota,Prius,2013,Automatic,Hybrid,1800,160000,4700000
car,Suzuki,Wagon R Stingray,2018,Automatic,Petrol,650,31000,3225000
car,Toyota,Corolla 141,2008,Automatic,Petrol,1600,101000,3225000
car,Suzuki,Celerio VXI,2016,Automatic,Petrol,1000,23000,2525000
car,Toyota,Axio,2014,Automatic,Hybrid,1500,100000,4900000
car,Suzuki,Wagon R FZ,2018,Automatic,Petrol,650,39000,3725000
car,Renault,KWID,2016,Manual,Petrol,800,30000,1825000
van,Suzuki,Every DA64,2014,Automatic,Petrol,650,98200,3050000
car,Suzuki,Wagon R Stingray,2018,Automatic,Hybrid,650,27000,3850000
car,Daihatsu,Move,2016,Automatic,Petrol,650,18000,3390000
car,Suzuki,Alto,2009,Manual,Petrol,800,168000,1535000
car,Tata,Indica,2005,Manual,Petrol,1500,140000,950000
car,Mitsubishi,Galant,2001,Automatic,Petrol,1800,233685,1290000
car,Renault,KWID,2017,Automatic,Petrol,1000,25380,2375000
car,Nissan,March,2002,Automatic,Petrol,1200,142000,2350000
car,Suzuki,Celerio VXI,2014,Automatic,Petrol,1000,58000,2075000
car,Suzuki,Wagon R FZ,2018,Automatic,Petrol,650,24000,2830000
car,Toyota,Prius,2012,Automatic,Petrol,1800,137871,4395000
car,Micro,Panda,2015,Manual,Petrol,1000,63000,1540000
car,Suzuki,Alto,2015,Manual,Petrol,800,78000,1930000
car,Toyota,Premio 260,2018,Automatic,Petrol,1500,11400,11500000
car,Nissan,N16 Super Saloon,2000,Automatic,Petrol,1500,187700,2275000
van,Daihatsu,Atrai,2016,Automatic,Petrol,650,70000,2575000
car,Suzuki,Alto,2012,Manual,Petrol,1000,82000,1700000
pickup,Toyota,Hilux,2014,Manual,Diesel,2500,134000,6400000
van,Toyota,KR42,2006,Automatic,Petrol,1800,200000,3550000
car,Toyota,Vios,2003,Manual,Petrol,1500,98000,2625000
car,Toyota,Premio,2013,Automatic,Petrol,1500,60500,6990000
car,Suzuki,Maruti 800,2007,Manual,Petrol,800,99200,1175000
car,Suzuki,Alto Japan,2016,Automatic,Petrol,650,27100,3100000
pickup,Mahindra,Bolero,2017,Manual,Diesel,2500,28000,1745000
suv,Kia,Sorento,2011,Automatic,Petrol,2400,160000,5500000
car,Nissan,Leaf G Grade,2012,Automatic,Electric,70,55000,2100000
suv,Micro,Kyron,2008,Automatic,Diesel,2000,117000,3790000
car,Tata,Nano,2017,Automatic,Petrol,650,150000,1600000
van,Suzuki,Spacia Custom Z,2017,Automatic,Petrol,650,31500,3850000
suv,Toyota,CHR GT TURBO,2018,Automatic,Petrol,1200,25900,8475000
pickup,Toyota,Hilux Vigo,2009,Automatic,Diesel,2500,102000,5100000
car,Toyota,Prius,2012,Automatic,Petrol,1800,87000,3800000
car,Honda,Insight,2009,Automatic,Hybrid,1300,108000,3370000
car,Micro,Panda,2014,Manual,Petrol,1000,22300,1700000
car,Suzuki,Estilo,2010,Manual,Petrol,1000,145000,1850000
car,Toyota,Premio G Superior,2010,Automatic,Petrol,1500,90000,5890000
car,Micro,MX 7,2011,Manual,Petrol,1500,110000,1575000
car,Suzuki,Maruti,2006,Manual,Petrol,800,35000,1075000
car,Toyota,Vios,2004,Automatic,Petrol,1500,97000,2975000
van,Nissan,Vanette,2003,Automatic,Petrol,1600,68500,3050000
van,Nissan,Caravan,2011,Manual,Diesel,3000,65800,5350000
van,Nissan,Lion Face,2000,Manual,Diesel,2200,266703,3050000
car,Suzuki,Wagon R FZ,2018,Automatic,Petrol,650,62000,3400000
car,Toyota,Vitz,2006,Automatic,Petrol,1000,128000,2775000
van,Suzuki,Every,2015,Automatic,Petrol,650,25000,2600000
car,Suzuki,Wagon R,2017,Automatic,Petrol,650,22000,3175000
suv,Honda,Vezel RS Sensing,2016,Automatic,Hybrid,1500,81631,6665000
car,Renault,KWID,2016,Manual,Petrol,800,42000,2100000
pickup,Mahindra,Bolero,2017,Manual,Diesel,2500,23000,2100000
car,Suzuki,Wagon R FZ,2016,Automatic,Petrol,650,59000,3150000
van,Toyota,KDH Super GL,2016,Automatic,Diesel,3000,57000,9800000
car,Suzuki,Alto 800,2015,Manual,Petrol,800,89635,1985000
car,Nissan,Leaf,2014,Automatic,Electric,70,45000,1890000
van,Nissan,Vanette Lion Face,2001,Manual,Diesel,2200,175000,3150000
car,Toyota,Passo,2008,Automatic,Petrol,1000,117260,2350000
pickup,Mahindra,Bolero,2016,Manual,Diesel,2500,39000,1785000
car,Suzuki,Alto,2004,Manual,Petrol,650,110000,1630000
car,Suzuki,Swift,2010,Manual,Petrol,1200,138500,2075000
car,Toyota,AE110 ,2008,Automatic,Petrol,1500,171000,2590000
van,Suzuki,Spacia,2015,Automatic,Petrol,650,42500,2865000
car,Toyota,Vitz,2018,Automatic,Petrol,1000,5200,5350000
van,Toyota,Dolphin,2000,Manual,Diesel,3000,200000,4700000
car,Honda,Fit GP5,2013,Automatic,Hybrid,1500,72000,3395000
van,Toyota,KR42,2001,Automatic,Petrol,1800,140000,3400000
car,Suzuki,Alto,2015,Manual,Petrol,800,35000,1850000
van,Mazda,Bongo,2008,Manual,Diesel,2200,205000,2775000
car,Suzuki,Swift,2003,Automatic,Petrol,1300,130300,2000000
car,Suzuki,Wagon R FZ,2017,Automatic,Hybrid,650,68000,3390000
car,Suzuki,Wagon R Stingray,2015,Automatic,Hybrid,650,74000,2950000
car,Suzuki,Maruti,2006,Manual,Petrol,800,125000,1080000
car,Perodua,Viva Elite Premium,2010,Automatic,Petrol,1000,89000,2550000
car,Suzuki,Alto K10,2012,Manual,Petrol,1000,190000,1750000
car,Toyota,Allion 240,2002,Automatic,Petrol,1500,190000,3235000
car,Suzuki,Maruti,2005,Manual,Petrol,800,52000,1025000
car,Honda,Fit Aria,2007,Automatic,Petrol,1500,133000,2700000
pickup,Mahindra,Bolero,2011,Manual,Diesel,2500,60000,1500000
van,Toyota,Dolphin,2002,Automatic,Diesel,2700,372000,5475000
suv,Honda,Vezel Z Orange,2014,Automatic,Hybrid,1500,72000,5100000
van,Suzuki,DA64,2012,Automatic,Petrol,650,70000,2200000
van,Suzuki,Every,2018,Automatic,Petrol,650,48000,2785000
car,Suzuki,Wagon R Stingray,2018,Automatic,Hybrid,650,59000,3625000
car,Suzuki,Alto 800,2015,Manual,Petrol,800,49452,2000000
car,Toyota,Axio,2015,Automatic,Hybrid,1500,41500,5250000
car,Suzuki,Alto,2012,Manual,Petrol,800,57600,1565000
suv,Honda,Vezel Z Grade,2014,Automatic,Petrol,1500,148000,4500000
car,Toyota,Allion,2010,Automatic,Petrol,1500,112500,5325000
car,Honda,Fit Shuttle,2013,Automatic,Hybrid,1300,90000,3675000
car,Suzuki,Wagon R FZ,2018,Automatic,Hybrid,650,76000,2900000
car,Nissan,AD WAGON VY11,2001,Automatic,Petrol,1500,198000,1590000
car,Datsun,Redi-GO,2016,Manual,Petrol,800,55224,1850000
suv,Hyundai,Tuscon,2011,Automatic,Petrol,2000,110000,4300000
car,Micro,Panda Cross,2015,Manual,Petrol,1300,89000,1850000
van,Suzuki,Every,2016,Manual,Petrol,650,55000,2400000
car,Suzuki,Maruti,2005,Manual,Petrol,800,110000,1025000
pickup,Toyota,Hilux Vigo,2007,Manual,Diesel,3000,140000,4850000
car,Toyota,Vitz,2015,Automatic,Petrol,1000,31200,4535000
car,Suzuki,Alto,2010,Manual,Petrol,800,78000,1675000
car,Toyota,Premio,2000,Automatic,Petrol,1800,264000,2975000
van,Mazda,Bongo,2007,Manual,Diesel,2000,150000,3050000
car,Suzuki,Alto K10,2011,Manual,Petrol,1000,79000,1790000
car,Suzuki,Celerio,2015,Manual,Petrol,1000,69000,1050000
car,Suzuki,Maruti,2007,Manual,Petrol,800,70500,1225000
car,Toyota,Axio WXB,2017,Automatic,Hybrid,1500,70000,5925000
car,Honda,Vezel Z Orange,2015,Automatic,Hybrid,1500,57000,5090000
car,Suzuki,Alto,2015,Manual,Petrol,800,48000,1980000
car,Toyota,Aqua,2013,Automatic,Hybrid,1500,88000,3790000
car,Suzuki,Alto 800,2010,Manual,Petrol,800,72000,1550000
car,Toyota,Premio G Superior,2018,Automatic,Petrol,1500,5000,10600000
car,Suzuki,Maruti,2005,Manual,Petrol,800,95000,1020000
van,Toyota,KR42,2002,Automatic,Petrol,1800,112990,3750000
car,Suzuki,Wagon R FX,2018,Automatic,Hybrid,650,70000,2825000
suv,Hyundai,Tuscon,2011,Automatic,Petrol,2000,123300,4550000
suv,Mitsubishi,Montero,2013,Automatic,Diesel,3200,82156,12400000
car,Suzuki,Maruti,2007,Manual,Petrol,800,96000,1250000
car,Renault,KWID,2016,Manual,Petrol,800,86000,1875000
car,Toyota,Axio X Grade,2010,Automatic,Petrol,1500,110000,4350000
car,Suzuki,Maruti,2013,Manual,Petrol,800,27683,1375000
suv,Nissan,X-Trail,2003,Automatic,Petrol,2500,169000,3000000
van,Toyota,KR42 Noah,2002,Automatic,Diesel,2200,148000,3700000
car,Suzuki,Maruti,2009,Manual,Petrol,800,80100,1150000
suv,Honda,CRV,2018,Automatic,Petrol,1500,35000,12300000
car,Suzuki,Maruti,2000,Manual,Petrol,800,90000,890000
car,Daihatsu,Mira,2017,Automatic,Petrol,650,12000,3550000
car,Chery,QQ,2011,Manual,Petrol,800,26000,1125000
car,Suzuki,Alto 800 LXI,2015,Manual,Petrol,800,47000,1790000
car,Toyota,Aqua,2013,Automatic,Hybrid,1500,62000,3800000
car,Suzuki,Alto,2013,Manual,Petrol,800,75000,1790000
car,Toyota,Allion,2016,Automatic,Petrol,1500,49000,8200000
van,Daihatsu,Hijet,2007,Automatic,Petrol,650,110000,1875000
car,Toyota,Axio G Grade,2015,Automatic,Hybrid,1500,88000,5350000
car,Toyota,Prius,2012,Automatic,Petrol,1800,138000,4100000
car,Suzuki,Maruti,2007,Manual,Petrol,800,100000,1425000
van,Suzuki,Spacia,2015,Automatic,Hybrid,650,55000,2975000
car,Chevrolet,Cruze,2007,Automatic,Petrol,1300,98900,2350000
car,Suzuki,Wagon R,2017,Automatic,Hybrid,650,35000,2790000
car,Suzuki,Alto,2011,Manual,Petrol,1000,80000,1950000
car,Suzuki,Wagon R,2014,Automatic,Petrol,650,65912,3300000
car,Toyota,Axio WXB,2017,Automatic,Hybrid,1500,64000,6550000
car,Toyota,Premio,2017,Automatic,Petrol,1500,50000,9750000
car,Datsun,Redi-GO,2017,Manual,Petrol,800,16000,1750000
van,Suzuki,Every,2016,Automatic,Petrol,650,50000,2900000
car,Suzuki,Alto,2004,Manual,Petrol,800,125600,1280000
car,Micro,Trend,2008,Manual,Petrol,1000,59280,1080000
car,Chery,QQ,2008,Manual,Petrol,800,72000,850000
van,Toyota,KDH 201,2013,Automatic,Diesel,2800,120000,7125000
car,Suzuki,Wagon R,2015,Automatic,Petrol,650,39000,2435000
car,Suzuki,Alto,2015,Manual,Petrol,800,81000,1975000
car,Toyota,Vitz,2001,Automatic,Petrol,1000,124000,2450000
car,Chery,QQ,2006,Manual,Petrol,800,50400,1050000
car,Toyota,Aqua,2013,Automatic,Petrol,1500,98000,3320000
van,Suzuki,Every,2014,Automatic,Petrol,650,67000,2850000
car,Nissan,March K11,2001,Automatic,Petrol,1000,115000,1785000
car,Suzuki,Alto,2015,Manual,Petrol,800,42300,1770000
van,Toyota,KDH,2008,Automatic,Diesel,2500,164500,6500000
car,Hyundai,Accent,2002,Manual,Petrol,1500,160000,1235000
car,Micro,MX 7,2015,Automatic,Petrol,1500,15000,2600000
car,Suzuki,Wagon R,2016,Automatic,Hybrid,650,40300,2575000
car,Toyota,Prius S Touring,2012,Automatic,Hybrid,1800,97000,4150000
van,Suzuki,Every DA64,2014,Automatic,Petrol,650,98000,3050000
car,Toyota,Aqua G Grade,2012,Automatic,Hybrid,1500,82000,3375000
car,Suzuki,Wagon R,2014,Automatic,Petrol,650,61000,2675000
car,Daihatsu,Mira,2016,Automatic,Petrol,650,68000,3150000
car,Tata,Nano,2012,Manual,Petrol,650,140000,850000
car,Suzuki,Wagon R FX,2017,Automatic,Petrol,650,20000,2760000
van,Suzuki,Every,2017,Automatic,Petrol,650,20000,3385000
car,Chery,QQ,2006,Manual,Petrol,800,84000,850000
car,Nissan,Sunny N17,2006,Manual,Petrol,1300,140000,2425000
car,Toyota,Aqua,2013,Automatic,Hybrid,1500,74000,3260000
car,Toyota,Allion 260,2011,Automatic,Petrol,1500,148000,4650000
car,Suzuki,Alto,2015,Manual,Petrol,800,23900,2240000
car,Toyota,Allion,2007,Automatic,Petrol,1500,97000,4450000
car,Mazda,Axela,2008,Automatic,Petrol,1500,110000,3290000
car,Suzuki,Wagon R FZ,2017,Automatic,Petrol,650,28000,3690000
car,Micro,MX 7,2011,Manual,Petrol,1500,65000,16250000
car,Mazda,Familia,2004,Automatic,Petrol,1600,116212,2890000
car,Mazda,Familia BJ5P,2003,Automatic,Petrol,1500,125500,2475000
car,Micro,MX 7,2014,Manual,Petrol,1500,69592,1995000
van,Nissan,Lion Face,2001,Manual,Diesel,2200,240000,2950000
van,Suzuki,Every,2016,Automatic,Petrol,650,75000,2590000
car,Hyundai,Sonata,2001,Automatic,Diesel,2000,102085,1175000
suv,Honda,HRV,2000,Automatic,Petrol,1600,145000,2850000
car,Micro,Panda LC 1.0,2015,Manual,Petrol,1000,11951,1665000
suv,Mitsubishi,Montero,2013,Automatic,Diesel,3200,82000,12700000
car,Toyota,Prius 3rd Genaration,2015,Automatic,Hybrid,1800,76400,5345000
car,Suzuki,Celerio,2015,Automatic,Petrol,1000,44500,2675000
car,Suzuki,Alto 800,2016,Manual,Petrol,800,65000,2150000
car,Toyota,Premio,2016,Automatic,Petrol,1500,50000,8225000
van,Daihatsu,Hijet,2000,Manual,Petrol,650,178000,1385000
car,Suzuki,Swift,2005,Automatic,Petrol,1300,160000,2295000
car,Mahindra,KUV 100,2019,Manual,Petrol,1200,90,3250000
van,Mitsubishi,Mini Cab,2006,Manual,Petrol,650,122000,1680000
suv,Daihatsu,Terios,2007,Automatic,Petrol,1500,80000,4050000
pickup,Mahindra,Bolero,2016,Manual,Diesel,2500,60000,2275000
car,Micro,Trend,2009,Manual,Petrol,1000,70000,1020000
car,Toyota,Passo,2008,Automatic,Petrol,1000,56000,2375000
car,Toyota,Aqua G Grade,2013,Automatic,Hybrid,1500,68000,3500000
car,Toyota,Vitz,2015,Automatic,Petrol,1000,17502,4575000
suv,Honda,CRV,2017,Automatic,Petrol,1500,54000,10890000
pickup,Mahindra,Bolero,2008,Manual,Diesel,1400,53000,1450000
pickup,Mahindra,Bolero,2015,Manual,Diesel,2500,41000,2195000
car,Tata,Indigo,2005,Manual,Petrol,1400,109000,1275000
car,Suzuki,Alto 800,2015,Manual,Petrol,800,142535,1765000
van,Nissan,Clipper NV100,2013,Automatic,Petrol,650,45000,2497000
car,Honda,Insight,2009,Automatic,Petrol,1300,129000,3300000
car,Suzuki,Wagon R Stingray,2017,Automatic,Hybrid,650,52000,3550000
suv,Honda,Vezel,2019,Automatic,Petrol,1500,6300,8800000
car,Suzuki,SX4,2011,Manual,Petrol,1500,192350,2300000
car,Toyota,Vitz,2000,Automatic,Petrol,1000,140000,2100000
pickup,Toyota,Hilux,2006,Manual,Diesel,2500,160000,5400000
van,Toyota,KDH 223,2015,Automatic,Diesel,3000,42000,9050000
car,Chery,QQ,2006,Manual,Petrol,800,80000,995000
car,Toyota,Corolla 121,2001,Automatic,Diesel,2200,243200,2500000
car,Suzuki,Alto,2015,Manual,Petrol,800,42995,1800000
van,Mazda,Bongo,2006,Manual,Diesel,2000,265300,2990000
car,Toyota,Vios,2005,Automatic,Petrol,1500,120000,2925000
car,Suzuki,Maruti,2006,Manual,Petrol,800,71000,1060000
car,Suzuki,Alto,2010,Manual,Petrol,800,148000,1400000
car,Suzuki,Wagon R FZ,2018,Automatic,Petrol,650,12870,3350000
car,Honda,City,2009,Automatic,Petrol,1500,198360,2850000
car,Suzuki,Wagon R Stingray,2016,Automatic,Hybrid,650,26500,2650000
van,Suzuki,Every DA64,2016,Automatic,Petrol,650,36000,3500000
van,Toyota,KDH GL,2015,Automatic,Diesel,2500,96000,7800000
suv,Toyota,CHR GT TURBO,2017,Automatic,Petrol,1200,27000,8450000
car,Toyota,Vitz,2018,Automatic,Diesel,1000,10020,5200000
suv,Kia,Sportage,2000,Manual,Diesel,2000,200000,2400000
car,Toyota,Carina,2020,Automatic,Petrol,1500,125000,1475000
van,Suzuki,Every,2017,Automatic,Petrol,650,37000,2625000
car,Suzuki,Swift,2011,Automatic,Petrol,1400,67000,3200000
car,Toyota,Premio F EX G Superior,2018,Automatic,Petrol,1500,10000,10385000
van,Nissan,E25,2002,Automatic,Diesel,3000,28500,4100000
car,Perodua,Viva Elite,2011,Manual,Petrol,1000,74000,1840000
car,Toyota,Axio,2010,Automatic,Petrol,1500,100000,4950000
car,Toyota,Vitz,2008,Automatic,Petrol,1000,57500,3375000
car,Suzuki,Wagon R,2014,Automatic,Hybrid,650,68000,2875000
car,Chery,QQ,2015,Manual,Petrol,800,27000,750000
car,Suzuki,Maruti,2005,Manual,Petrol,800,42000,990000
van,Hyundai,Accent,2011,Automatic,Diesel,1600,144000,3100000
car,Suzuki,Alto,2015,Manual,Petrol,800,27764,1810000
car,Suzuki,Wagon R Stingray,2014,Automatic,Hybrid,650,51000,2940000
van,Toyota,KDH 200 Super GL,2006,Automatic,Diesel,2500,170000,3950000
car,Hyundai,Trajet,2001,Automatic,Petrol,2300,141000,2275000
car,Suzuki,Wagon R Stingray,2017,Automatic,Petrol,650,18000,3625000
car,Suzuki,Wagon R FZ,2018,Automatic,Hybrid,650,77000,2975000
car,Mazda,Axela,2004,Automatic,Petrol,1500,110000,2950000
car,Suzuki,Maruti,2011,Manual,Petrol,800,65000,1250000
car,Hyundai,Eon,2015,Manual,Petrol,800,65000,1860000
van,Suzuki,Every,2014,Automatic,Petrol,650,56000,3375000
car,Toyota,Allion,2002,Automatic,Petrol,1500,147000,3460000
car,Toyota,Corolla 121,2006,Manual,Petrol,1300,250650,3075000
van,Suzuki,Every DA64,2007,Manual,Petrol,650,115000,2360000
suv,Honda,Vezel,2014,Automatic,Hybrid,1500,30800,4750000
car,Toyota,Premio,2015,Automatic,Petrol,1500,68000,7975000
car,Suzuki,Wagon R Stingray,2018,Automatic,Petrol,650,9052,3890000
car,Honda,Civic,2017,Automatic,Petrol,1000,25000,6500000
van,Nissan,NV200,2013,Automatic,Petrol,1600,150000,3900000
van,Nissan,Caravan,2016,Automatic,Diesel,2800,128000,5600000
car,Suzuki,Wagon R FZ,2018,Automatic,Hybrid,650,28000,3049999
van,Suzuki,Every,2016,Automatic,Petrol,650,19850,3100000
car,Suzuki,Alto,2015,Manual,Petrol,800,47000,1765000
car,Toyota,Premio,2010,Automatic,Petrol,1500,116200,5560000
car,Suzuki,Alto,2014,Manual,Petrol,800,65000,1725000
car,Suzuki,Alto,2015,Manual,Petrol,800,61000,1770000
suv,Toyota,RAV4,2000,Manual,Petrol,2000,207000,3065000
car,Suzuki,Wagon R Stingray,2018,Automatic,Hybrid,650,9550,3800000
car,Toyota,Vios,2006,Automatic,Petrol,1500,86000,3100000
van,Suzuki,Every,2016,Automatic,Petrol,650,19754,3350000
car,Nissan,AD WAGON VY11,2001,Manual,Petrol,1500,190000,1650000
car,Suzuki,Alto 800 LXI,2015,Manual,Petrol,800,74000,1690000
van,Toyota,KDH 200,2007,Manual,Diesel,2300,192000,5900000
car,Toyota,Aqua,2013,Automatic,Hybrid,1500,89000,3890000
car,Suzuki,Zen,2004,Manual,Petrol,1000,110000,1250000
car,Hyundai,Elantra,2000,Manual,Petrol,1600,125000,1500000
van,Mitsubishi,Mini Cab,2007,Manual,Petrol,650,170000,1725000
suv,Honda,Vezel,2014,Automatic,Petrol,1500,90000,4975000
car,Suzuki,Alto,2007,Manual,Petrol,800,100000,1480000
suv,Kia,Sportage,2008,Automatic,Diesel,2000,192000,4225000
pickup,Toyota,Hilux,2006,Manual,Diesel,2500,190000,5500000
van,Hyundai,H100,2001,Manual,Diesel,2000,245004,2050000
car,Nissan,EX Saloon,2001,Automatic,Petrol,1300,136580,2050000
van,Toyota,KDH 201 Super GL,2015,Automatic,Diesel,3000,68476,8850000
car,Micro,Geely MX7,2012,Manual,Petrol,1500,135000,1650000
car,Toyota,Axio G Grade,2015,Automatic,Petrol,1500,43000,4690000
car,Hyundai,Trajet,2000,Automatic,Diesel,2000,175000,2150000
car,Toyota,Premio G Superior,2016,Automatic,Petrol,1500,80000,8550000
car,Suzuki,Alto,2015,Manual,Petrol,800,11175,1980000
pickup,Tata,Xenon,2015,Manual,Diesel,3000,48950,1750000
car,Suzuki,Wagon R Stingray,2015,Automatic,Hybrid,650,71000,3120000
car,Nissan,Sunny N16,2000,Automatic,Petrol,1500,97000,1950000
car,Toyota,Aqua,2012,Automatic,Hybrid,1500,85000,3525000
car,Toyota,Belta,2008,Automatic,Petrol,1000,80000,3450000
car,Toyota,Allion,2010,Automatic,Petrol,1500,92000,5525000
car,Nissan,Dayz,2017,Automatic,Petrol,650,44576,3200000
car,Nissan,Tiida,2007,Automatic,Petrol,1500,150000,2950009
car,Honda,N WGN,2017,Automatic,Petrol,650,28000,2850000
car,Toyota,Allion 260,2007,Automatic,Petrol,1500,105000,4725000
car,Suzuki,Alto,2015,Manual,Petrol,800,36000,1790000
van,Suzuki,Every,2014,Automatic,Petrol,650,80000,3100000
car,Suzuki,A-Star,2010,Automatic,Petrol,1000,51500,2166000
car,Tata,Indica,2004,Manual,Petrol,1300,145000,1025000
suv,Honda,Vezel,2018,Automatic,Petrol,1500,19000,8475000
car,Nissan,FB15 Super Saloon,2000,Automatic,Petrol,1500,215033,2075000
van,Toyota,KDH 201,2012,Automatic,Diesel,3000,184000,6550000
car,Toyota,Prius,2011,Automatic,Hybrid,1800,90000,3825000
car,Toyota,Axio X Grade,2010,Automatic,Petrol,1500,133000,4375000
van,Toyota,Hiace,2008,Automatic,Diesel,3000,130000,6650000
car,Toyota,Axio,2014,Automatic,Petrol,1500,116000,4900000
car,Suzuki,Celerio VXI,2014,Automatic,Petrol,1000,72000,2790000
van,Suzuki,Every,2011,Automatic,Petrol,650,72000,2325000
van,Suzuki,Every DA17,2016,Automatic,Petrol,650,100000,2925000
car,Nissan,Sunny FB15,2000,Manual,Petrol,1500,170000,2150000
van,Toyota,Townace Noah,2002,Automatic,Petrol,1800,99244,4000000
pickup,Toyota,Hilux,2011,Manual,Diesel,2500,160000,7200000
car,Nissan,Super Saloon,2003,Automatic,Petrol,1500,120000,2875000
car,Toyota,Allion 260,2009,Automatic,Petrol,1500,92000,5150000
car,Suzuki,Maruti,2012,Manual,Petrol,800,47000,1260000
car,Honda,City,2003,Automatic,Petrol,1500,108000,2490000
van,Toyota,CR42,2001,Automatic,Diesel,2200,142500,4300000
pickup,Tata,Xenon,2016,Manual,Diesel,3000,18500,1900000
car,Toyota,Vitz,2017,Automatic,Petrol,1000,31000,4775000
car,Toyota,Aqua S Grade,2014,Automatic,Hybrid,1500,75000,3795000
car,Suzuki,Alto,2015,Manual,Petrol,800,75800,1950000
pickup,Toyota,Hilux Vigo,2009,Manual,Diesel,2500,144000,3725000
car,Toyota,Allion 240,2002,Automatic,Petrol,1500,210000,3550000
van,Suzuki,Spacia,2015,Automatic,Petrol,650,45000,3050000
car,Suzuki,Celerio ZXI,2017,Automatic,Petrol,1000,45000,2560000
van,Toyota,Hiace,2013,Automatic,Petrol,2000,135000,6150000
pickup,Mahindra,Bolero,2018,Manual,Diesel,2500,42000,2375000
car,Toyota,Premio,2019,Automatic,Petrol,1500,610,11500000
car,Toyota,Vitz,2018,Automatic,Petrol,1000,25000,4075000
suv,Nissan,X-Trail,2016,Automatic,Hybrid,2000,57000,8000000
car,Nissan,Bluebird,2010,Automatic,Petrol,1500,98900,3450000
car,Suzuki,Wagon R FZ,2016,Automatic,Petrol,650,67000,2400000
car,Suzuki,Maruti,2010,Manual,Petrol,800,45000,1285000
car,Suzuki,A-Star,2010,Manual,Petrol,1000,76000,1840000
pickup,Nissan,Navara,2007,Manual,Diesel,2500,95000,3800000
car,Mazda,RX-8,2007,Automatic,Petrol,1300,75500,3375000
van,Toyota,KDH 200 Super GL,2006,Manual,Diesel,2500,333000,5800000
car,Suzuki,Maruti 800,2012,Manual,Petrol,650,41200,1330000
car,Suzuki,Swift,2004,Automatic,Petrol,1300,135000,2270000
car,Micro,Panda,2013,Manual,Petrol,1000,58000,1275000
car,Perodua,Axia,2016,Automatic,Petrol,1000,58000,3100000
car,Suzuki,Swift,2004,Automatic,Petrol,1300,80000,2175000
car,Toyota,Soluna,2001,Automatic,Petrol,1500,127000,1775000
car,Suzuki,Alto 800,2015,Manual,Petrol,800,25700,1840000
car,Micro,Panda,2015,Manual,Petrol,1000,38600,1490000
car,Suzuki,Alto K10,2015,Manual,Petrol,1000,77000,2295000
pickup,Mahindra,Bolero,2012,Manual,Diesel,2500,24190,1375000
car,Toyota,Axio Fielder,2015,Automatic,Hybrid,1500,92000,5175000
car,Kia,Rio,2003,Automatic,Petrol,1500,80000,1360000
pickup,Mahindra,Bolero,2015,Manual,Diesel,2500,50000,2325000
car,Suzuki,Celerio VXI,2015,Automatic,Petrol,1000,63000,2385000
car,Nissan,EX Saloon,2000,Automatic,Petrol,1300,182098,2275000
car,Suzuki,Alto,2011,Manual,Petrol,800,89000,1600000
car,Suzuki,Maruti 800,2005,Manual,Petrol,800,250017,1075000
suv,Nissan,X-Trail,2004,Automatic,Petrol,2000,186000,3250000
car,Datsun,Redi-GO,2016,Manual,Petrol,800,39000,1725000
car,Toyota,Aqua,2014,Automatic,Hybrid,1500,78000,3300000
suv,Toyota,CHR GT TURBO,2020,Automatic,Petrol,1200,6250,10500000
car,Toyota,Premio G Superior,2013,Automatic,Petrol,1500,75000,6175000
car,Suzuki,Zen,2006,Manual,Petrol,1000,150000,1225000
car,Toyota,Allion,2004,Automatic,Petrol,1500,120000,3290000
van,Nissan,Caravan,2002,Manual,Diesel,2500,175050,4000000
van,Toyota,Hiace KDH 201 GL,2015,Automatic,Diesel,3000,40000,8100000
van,Suzuki,Every DA64,2017,Automatic,Petrol,650,42890,3880000
car,Suzuki,Alto 800 LXI,2005,Manual,Petrol,800,118000,1245000
car,Nissan,Leaf,2013,Automatic,Electric,80,72000,1375000
van,Suzuki,Every DA64,2016,Automatic,Petrol,650,74250,3975000
car,Suzuki,Alto,2015,Manual,Petrol,800,65500,1985000
car,Toyota,Aqua S Grade,2014,Automatic,Petrol,1500,60000,3700000
car,Hyundai,Accent,2004,Manual,Petrol,1500,136800,1060000
car,Nissan,Sunny N16,2003,Automatic,Petrol,1500,213000,2500000
van,Toyota,Noah KR42,2006,Manual,Petrol,1700,98000,3490000
van,Suzuki,Every,2002,Automatic,Petrol,650,216085,1650000
car,Suzuki,Alto,2008,Manual,Petrol,800,99000,1440000
car,Nissan,FB15 Super Saloon,2004,Automatic,Petrol,1500,132000,2790000
car,Nissan,Bluebird,2000,Manual,Diesel,2000,225000,1520000
car,Honda,Fit GP1,2013,Automatic,Petrol,1300,69286,3695000
car,Toyota,Soluna,2000,Manual,Petrol,1500,92813,1650000
car,Toyota,Premio,2011,Automatic,Petrol,1500,96000,5950000
van,Nissan,Caravan,2012,Automatic,Diesel,3000,200000,4200000
car,Nissan,AD WAGON VY11,2002,Automatic,Petrol,1500,170000,1650000
car,Datsun,Redi-GO,2017,Manual,Petrol,800,59800,1675000
car,Suzuki,Alto,2016,Manual,Petrol,800,89300,2025000
van,Nissan,Vanette,2003,Manual,Diesel,2200,201000,3500000
car,Micro,Panda Cross,2015,Manual,Petrol,1300,64020,1690000
car,Suzuki,Alto Japan,2017,Automatic,Petrol,650,42000,3195000
car,Suzuki,Wagon R FZ,2017,Automatic,Hybrid,650,32150,3395000
car,Honda,Grace EX,2015,Automatic,Hybrid,1500,91000,4925000
van,Toyota,Hiace,2012,Automatic,Petrol,2000,190000,6000000
car,Nissan,N16,2000,Manual,Petrol,1500,99090,2250000
car,Toyota,Premio,2013,Automatic,Petrol,1500,81750,6685000
car,Toyota,Axio,2007,Automatic,Petrol,1500,127000,4080000
car,Honda,Fit GP5,2014,Automatic,Hybrid,1500,45000,4350000
suv,Kia,Sorento,2011,Automatic,Petrol,2200,175000,7475000
car,Suzuki,Wagon R,2015,Automatic,Petrol,650,43000,2885000
car,Chery,QQ,2011,Manual,Petrol,800,29000,1050000
van,Suzuki,Every,2015,Automatic,Petrol,650,79000,3275000
car,Suzuki,Alto,2016,Manual,Petrol,800,35372,1300000
pickup,Tata,Xenon,2015,Manual,Diesel,3000,80100,1650000
car,Toyota,Roomy,2017,Automatic,Petrol,1000,35000,3800000
car,Honda,Fit GP5,2014,Automatic,Hybrid,1500,77000,3875000
car,Toyota,Allion,2007,Automatic,Petrol,1500,120000,4850000
van,Suzuki,Every,2018,Automatic,Petrol,650,25500,3390000
car,Nissan,FB15,2001,Automatic,Petrol,1500,157750,2200000
car,Toyota,Prius S Touring,2014,Automatic,Petrol,1800,30000,5700000
car,Suzuki,Wagon R,2014,Automatic,Hybrid,650,65000,2975000
car,Hyundai,Accent,2001,Automatic,Petrol,1500,152000,1580000
van,Suzuki,Every,2014,Automatic,Petrol,650,70000,2790000
car,Suzuki,Celerio,2014,Automatic,Petrol,1000,84000,2225000
car,Tata,Nano Twist,2015,Manual,Petrol,650,111653,1175000
suv,Toyota,CHR GT TURBO,2018,Automatic,Petrol,1200,39000,7490000
van,Toyota,Dolphin,2008,Automatic,Diesel,1500,83000,4600000
car,Datsun,Redi-GO,2016,Manual,Petrol,800,59000,1760000
van,Suzuki,Every,2001,Manual,Petrol,650,125450,1650000
van,Toyota,KDH 201 Super GL,2011,Automatic,Diesel,3000,128000,7490000
car,Mahindra,KUV 100 NXT,2020,Manual,Petrol,1200,76,3250000
car,Suzuki,Alto,2017,Automatic,Petrol,650,29000,3175000
car,Suzuki,Wagon R Stingray,2015,Automatic,Hybrid,650,94000,3090000
car,Honda,Grace EX,2014,Automatic,Petrol,1500,115000,4875000
car,Toyota,Axio,2007,Automatic,Petrol,1500,159000,3990000
car,Nissan,Cefiro,2001,Automatic,Petrol,2000,150000,2350000
car,Toyota,Wigo,2018,Automatic,Petrol,1000,54000,3900000
car,Nissan,Dayz,2017,Automatic,Petrol,650,22000,2926000
van,Mitsubishi,Mini Cab,2006,Automatic,Petrol,650,95280,2340000
car,Micro,Panda,2017,Manual,Petrol,1000,35800,1650000
car,Honda,Freed,2013,Automatic,Petrol,1500,52500,4200000
car,Hyundai,Sonata,2000,Automatic,Petrol,2000,115800,1275000
car,Honda,Fit Shuttle,2013,Automatic,Petrol,1300,165000,4265000
van,Toyota,Noah,2003,Automatic,Diesel,2000,245100,3575000
car,Tata,Nano,2012,Manual,Petrol,650,120000,850000
car,Mazda,Familia BJ5P,2002,Automatic,Petrol,1500,110000,2300000
car,Toyota,Prius S Touring,2011,Automatic,Petrol,1800,95500,3525000
car,Nissan,Dayz,2018,Automatic,Petrol,650,2000,3715000
car,Nissan,FB14,2006,Automatic,Petrol,1300,130300,1675000
van,Nissan,Clipper NV100,2013,Automatic,Petrol,650,99400,2625000
car,Hyundai,Accent,2000,Manual,Petrol,1300,180000,1175000
car,Suzuki,Estilo,2011,Manual,Petrol,1000,80000,2075000
car,Toyota,Allion,2016,Automatic,Petrol,1500,78000,7890000
car,Suzuki,Alto Japan,2016,Automatic,Petrol,650,45000,2450000
pickup,Tata,Xenon,2013,Manual,Diesel,3000,185000,1345000
car,Hyundai,Elantra,2000,Manual,Petrol,1600,200000,1650000
car,Toyota,Axio Fielder,2008,Automatic,Petrol,1500,135000,3575000
car,Nissan,March AK12,2003,Automatic,Petrol,1300,124000,1775000
car,Toyota,Corolla 121,2005,Automatic,Petrol,1500,153000,2825000
car,Suzuki,Swift Beetle,2010,Automatic,Petrol,1300,97000,3310000
car,Toyota,Vios,2008,Manual,Petrol,1500,164000,2500000
suv,Kia,Sportage,2014,Automatic,Diesel,2000,130000,7200000
car,Toyota,Prius,2013,Automatic,Hybrid,1800,85000,4500000
car,Kia,Rio,2015,Automatic,Petrol,1500,43000,4795000
car,Suzuki,Wagon R Stingray,2015,Automatic,Petrol,650,39000,2625000
car,Suzuki,Alto K10,2015,Manual,Petrol,1000,17000,2425000
car,Toyota,Vios,2004,Automatic,Petrol,1500,141000,2925000
suv,Honda,Vezel RS,2017,Automatic,Hybrid,1500,48000,5950000
car,Honda,N Box,2015,Automatic,Petrol,650,39000,3775000
car,Tata,Indigo,2008,Manual,Petrol,1500,48000,1265000
suv,Mitsubishi,Outlander,2008,Automatic,Petrol,2400,97000,5000000
car,Toyota,Corolla 110,2004,Automatic,Petrol,1300,195000,2490000
car,Toyota,Axio WXB,2017,Automatic,Hybrid,1500,90000,6375000
van,Toyota,KDH,2011,Automatic,Diesel,2900,213000,7450000
car,Honda,Freed,2013,Automatic,Hybrid,1500,39000,5000000
car,Suzuki,Maruti,2006,Manual,Petrol,800,110000,830000
van,Nissan,Vanette,2006,Automatic,Diesel,2200,200000,3175000
car,Suzuki,Wagon R Stingray,2018,Automatic,Petrol,650,37000,1000000
car,Suzuki,Alto,2016,Manual,Petrol,800,58300,2090000
car,Tata,Nano Twist,2015,Manual,Petrol,650,100000,1090000
van,Nissan,Caravan,2002,Manual,Diesel,3000,300000,3620000
car,Suzuki,Alto,2015,Manual,Petrol,800,82150,1750000
car,Hyundai,Accent,2001,Automatic,Petrol,1600,143400,1375000
car,Toyota,Corolla 110,2000,Automatic,Petrol,1500,152000,2590000
car,Suzuki,Alto,2010,Manual,Petrol,800,120000,1460000
pickup,Mahindra,Bolero,2017,Manual,Diesel,2500,30000,2175000
car,Perodua,Viva Elite,2011,Automatic,Petrol,1000,120000,2150000
car,Hyundai,Sonata,2013,Automatic,Petrol,2000,110000,1150000
van,Suzuki,Spacia,2015,Automatic,Hybrid,650,42000,2890000
van,Nissan,Vanette,2002,Manual,Diesel,2000,50000,3050000
suv,Kia,Sportage,2000,Manual,Diesel,1900,19000,2275000
car,Toyota,Corolla 141,2013,Manual,Diesel,2000,123000,3925000
car,Honda,City,2005,Manual,Petrol,1500,170000,1875000
car,Toyota,Axio,2017,Automatic,Hybrid,1500,27000,7000000
car,Perodua,Viva Elite,2013,Automatic,Petrol,1000,65000,2590000
car,Suzuki,Wagon R,2018,Automatic,Hybrid,650,27000,3435000
car,Suzuki,Wagon R,2018,Automatic,Hybrid,650,70000,3295000
car,Toyota,Aqua,2014,Automatic,Hybrid,1500,91000,3850000
car,Toyota,Axio X Grade,2007,Automatic,Petrol,1500,91000,3950000
car,Nissan,Leaf,2015,Automatic,Electric,70,30000,2500000
car,Suzuki,Wagon R,2016,Automatic,Hybrid,650,55000,2590000
car,Suzuki,Wagon R FZ,2017,Automatic,Hybrid,650,53000,3320000
car,Hyundai,Elantra,2000,Manual,Petrol,1600,135000,1600000
car,Toyota,Vitz,2015,Automatic,Petrol,1000,52000,3785000
car,Toyota,Vitz,2007,Automatic,Petrol,1000,98000,3250000
car,Honda,Fit GP5,2014,Automatic,Hybrid,1500,84000,3850000
van,Suzuki,Every,2000,Automatic,Petrol,800,154500,1550000
car,Suzuki,Maruti,2007,Manual,Petrol,800,64000,1060000
car,Toyota,Carina,2000,Manual,Petrol,1600,147000,2175000
car,Suzuki,A-Star,2010,Manual,Petrol,1000,109000,2050000
van,Nissan,Caravan,2005,Automatic,Diesel,3000,295000,3950000
van,Mazda,Bongo,2011,Automatic,Diesel,2000,192300,3750000
car,Suzuki,Alto K10,2011,Manual,Petrol,1000,75000,1775000
suv,Toyota,RAV4,2004,Manual,Petrol,2000,98000,2975000
car,Suzuki,Celerio,2016,Automatic,Petrol,1000,21000,2475000
car,Suzuki,Alto 800 LXI,2005,Manual,Petrol,800,105000,1310000
car,Kia,Spectra,2004,Manual,Petrol,1600,126000,1100000
van,Toyota,Noah,2001,Automatic,Diesel,1800,150000,3950000
car,Toyota,Vitz,2016,Automatic,Petrol,1000,33500,4625000
suv,Toyota,CHR GT TURBO,2017,Automatic,Petrol,1200,37200,6990000
car,Suzuki,Celerio VXI,2016,Manual,Petrol,1000,73000,2575000
pickup,Mahindra,Bolero,2017,Manual,Diesel,2500,111700,2250000
car,Nissan,Dayz,2016,Automatic,Petrol,650,58983,3375000
car,Micro,Panda,2015,Automatic,Petrol,1000,35000,1575000
car,Toyota,Vios,2004,Automatic,Petrol,1500,130000,2525000
car,Nissan,N16,2001,Automatic,Petrol,1600,159000,2000000
car,Mazda,Familia,2001,Automatic,Petrol,1300,135260,2250000
suv,Honda,Vezel,2014,Automatic,Hybrid,1500,49100,4850000
car,Suzuki,Celerio,2015,Automatic,Petrol,1000,43000,2725000
car,Honda,Insight,2009,Automatic,Petrol,1300,117000,3300000
car,Suzuki,Alto,2015,Manual,Petrol,800,70000,1900000
car,Toyota,Axio,2018,Automatic,Hybrid,1500,15807,6400000
van,Nissan,Caravan,2004,Manual,Diesel,3300,387057,3000000
car,Toyota,Premio,2018,Automatic,Petrol,1500,34000,11000000
car,Nissan,Leaf,2013,Automatic,Electric,70,44000,1500000
car,Toyota,Vitz,2016,Automatic,Petrol,1000,57000,4875000
car,Toyota,Vitz,2018,Automatic,Petrol,1000,22000,5100000
car,Suzuki,Wagon R Stingray,2017,Automatic,Petrol,650,37000,3675000
car,Toyota,Axio G Grade,2013,Automatic,Hybrid,1500,110000,4550000
car,Suzuki,Alto,2013,Manual,Petrol,800,53000,1650000
car,Suzuki,Maruti Alto,2015,Manual,Petrol,800,66000,2025000
car,Toyota,Aqua G Sport,2014,Automatic,Hybrid,1500,52000,3975000
car,Toyota,Vitz,2007,Automatic,Petrol,1000,93000,2750000
van,Toyota,Noah KR42,2003,Automatic,Petrol,1800,200000,3390000
car,Perodua,Viva Elite,2013,Automatic,Petrol,1000,17000,2480000
car,Suzuki,Wagon R,2016,Automatic,Petrol,650,52000,2990000
car,Toyota,Aqua,2012,Automatic,Hybrid,1500,220000,3625000
car,Suzuki,Maruti,2011,Manual,Petrol,800,145000,1165000
car,Suzuki,Celerio,2016,Automatic,Petrol,1000,105000,2400000
car,Honda,Fit GP5,2014,Automatic,Hybrid,1500,73000,3925000
car,Toyota,Aqua,2014,Automatic,Petrol,1500,65000,3600000
car,Nissan,FB15 Ex Saloon,2001,Automatic,Petrol,1500,131000,2160000
car,Toyota,Vitz,2008,Automatic,Petrol,1000,73432,3325000
van,Nissan,Clipper,2019,Automatic,Petrol,650,36000,3350000
van,Suzuki,Every,2003,Automatic,Petrol,650,170000,1650000
car,Suzuki,Liana,2002,Manual,Petrol,1300,117000,1740000
car,Nissan,March,2000,Manual,Petrol,1000,210000,1850000
car,Honda,Grace,2016,Automatic,Hybrid,1500,61132,6195000
car,Nissan,Bluebird,2003,Automatic,Petrol,1500,144990,2790000
car,Suzuki,Wagon R Stingray,2017,Automatic,Hybrid,650,34000,3700000
car,Suzuki,Zen,2005,Manual,Petrol,1000,109588,1275000
car,Toyota,Roomy,2019,Automatic,Petrol,1000,3000,4750000
car,Mazda,RX-8,2013,Automatic,Petrol,1300,48000,5900000
car,Honda,City,2003,Automatic,Petrol,1500,200000,2300000
van,Nissan,Clipper NV100,2017,Automatic,Petrol,650,53000,4425000
car,Toyota,Yaris,2008,Automatic,Petrol,1300,120600,3550000
car,Suzuki,Alto,2007,Automatic,Petrol,650,55000,1950000
car,Toyota,Prius,2014,Automatic,Hybrid,1800,72000,4800000
car,Toyota,Corolla 141,2008,Automatic,Petrol,1600,105000,3650000
car,Suzuki,Wagon R,2015,Automatic,Petrol,650,64000,2550000
pickup,Mahindra,Bolero,2015,Manual,Diesel,2500,70000,1550000
car,Suzuki,Wagon R FX,2017,Automatic,Petrol,650,48000,3205000
car,Toyota,Vitz,2005,Automatic,Petrol,1000,88000,2425000
van,Nissan,Vanette Lion Face,2006,Manual,Petrol,2200,120000,3350000
car,Toyota,Axio,2015,Automatic,Hybrid,1500,102000,5150000
car,Perodua,Viva Elite,2013,Automatic,Petrol,1000,69500,2300000
car,Suzuki,Wagon R FZ,2017,Automatic,Petrol,650,39000,3475000
suv,Honda,Vezel,2018,Automatic,Hybrid,1500,45000,7650000
van,Suzuki,Every,2018,Automatic,Petrol,650,14712,3795000
car,Suzuki,Swift Center Antenna,2003,Automatic,Petrol,1300,136000,2450000
van,Suzuki,Spacia,2017,Automatic,Hybrid,650,82500,3195000
car,Suzuki,Alto,2011,Manual,Petrol,800,35000,1530000
car,Suzuki,Alto K10,2011,Manual,Petrol,1000,75000,1690000
car,Nissan,Cefiro,2003,Automatic,Petrol,2000,142000,1975000
car,Nissan,Sunny,2007,Manual,Petrol,1300,201200,2550000
car,Toyota,Vitz,2018,Automatic,Petrol,1000,28500,5225000
car,Nissan,March,2002,Automatic,Petrol,1300,103000,1990000
car,Nissan,Sunny,2000,Automatic,Petrol,1500,160000,2250000
car,Suzuki,Maruti,2011,Manual,Petrol,800,49300,1295000
car,Toyota,Corolla,2001,Automatic,Petrol,1500,196000,3200000
car,Suzuki,Alto 800 LXI,2014,Manual,Petrol,800,60000,1815000
van,Nissan,Clipper,2012,Automatic,Petrol,650,104020,2275000
car,Tata,Indica V2,2014,Manual,Petrol,1500,66000,1250000
car,Toyota,Corolla 121,2002,Automatic,Petrol,1500,100000,2750000
car,Suzuki,Alto Japan,2017,Automatic,Hybrid,650,15000,3175000
car,Toyota,Aqua,2014,Automatic,Hybrid,1500,85000,3550000
van,Toyota,KDH,2007,Automatic,Diesel,2500,200000,6200000
van,Suzuki,Every,2007,Manual,Petrol,650,14456,1975000
car,Honda,Insight,2009,Automatic,Hybrid,1300,140000,3200000
suv,Toyota,Harrier,2014,Automatic,Petrol,2500,78780,10250000
car,Honda,Insight,2009,Automatic,Hybrid,1300,90000,3150000
car,Suzuki,Alto Sport,2010,Manual,Petrol,800,100100,1560000
car,Suzuki,Alto 800,2014,Manual,Petrol,800,66000,1660000
car,Toyota,Aqua,2012,Automatic,Hybrid,1500,69000,3475000
car,Nissan,N17,2001,Manual,Petrol,1500,170000,2150000
suv,Mitsubishi,Montero Sport,2012,Automatic,Diesel,2500,139000,8425000
car,Hyundai,Trajet,2000,Automatic,Petrol,2000,205000,1850000
car,Nissan,March K11,2001,Automatic,Petrol,1000,188743,1750000
pickup,Tata,Xenon,2010,Manual,Diesel,3000,150000,1600000
car,Toyota,Aqua,2015,Automatic,Petrol,1500,152000,3850000
car,Suzuki,Maruti 800,2013,Manual,Petrol,800,75000,1425000
car,Toyota,Premio G Superior,2019,Automatic,Petrol,1500,12000,11150000
car,Toyota,Vitz,2007,Automatic,Petrol,1000,77500,3275000
pickup,Tata,Xenon,2015,Manual,Diesel,3000,30000,1800000
car,Toyota,Premio F EX G Superior,2018,Automatic,Diesel,1500,34263,9875000
car,Micro,Panda,2014,Manual,Petrol,1000,36000,1450000
suv,Mitsubishi,Outlander,2015,Automatic,Hybrid,2000,93759,9175000
car,Toyota,Premio,2016,Automatic,Petrol,1500,56000,8800000
suv,Hyundai,Tuscon,2013,Automatic,Diesel,2000,102000,5490000
car,Suzuki,Alto Japan,2018,Automatic,Hybrid,650,17133,3320000
pickup,Mahindra,Bolero,2017,Manual,Diesel,1500,31223,2185000
car,Toyota,Vitz,2019,Automatic,Petrol,1000,31900,4250000
car,Toyota,Axio,2007,Automatic,Petrol,1500,116000,4075000
car,Toyota,Prius,2016,Automatic,Hybrid,1800,97000,6725000
car,Mitsubishi,CS1,2002,Manual,Petrol,1300,256000,2225000
car,Micro,Trend,2009,Manual,Petrol,1100,75000,1100000
car,Suzuki,Alto Sport,2010,Manual,Petrol,800,55000,1700000
car,Toyota,Aqua S Grade,2015,Automatic,Hybrid,1500,52300,3775000
car,Toyota,Aqua X Urban,2015,Automatic,Hybrid,1500,80000,4575000
car,Toyota,Premio,2019,Automatic,Petrol,1500,16000,9450000
car,Suzuki,Alto,2011,Manual,Petrol,800,43696,1590000
car,Toyota,Prius,2011,Automatic,Hybrid,1800,110000,3550000
van,Toyota,Noah,2007,Automatic,Petrol,1700,100000,3900000
car,Perodua,Viva Elite,2011,Automatic,Petrol,1000,22220,2375000
car,Tata,Nano,2014,Manual,Petrol,650,18500,1125000
car,Toyota,Premio,2018,Automatic,Petrol,1500,27000,12600000
car,Suzuki,Swift,2004,Automatic,Petrol,1300,110000,2395000
car,Toyota,Vitz,2018,Automatic,Petrol,1000,45000,4375000
van,Nissan,Caravan,2007,Automatic,Diesel,3000,190000,3510000
car,Nissan,FB15,2006,Automatic,Petrol,1500,168000,2600000
van,Nissan,Caravan,2011,Manual,Diesel,3000,285000,3850000
car,Honda,Civic FD3,2008,Automatic,Hybrid,1300,89000,3550000
car,Mitsubishi,Lancer,2002,Automatic,Petrol,1300,70000,1975000
suv,Honda,CRV,2019,Automatic,Petrol,1500,17800,10975000
car,Toyota,Prius,2008,Automatic,Petrol,1800,87500,3275000
car,Toyota,Carina,2001,Automatic,Petrol,1500,117000,3100000
van,Suzuki,Every,2014,Automatic,Petrol,650,75000,2850000
suv,Mahindra,Bolero,2010,Manual,Diesel,2800,70000,1890000
van,Toyota,KDH 200 Super GL,2006,Automatic,Diesel,2400,170300,3850000
car,Toyota,Prius W,2016,Automatic,Hybrid,1800,65000,7500000
van,Suzuki,Every,2013,Automatic,Petrol,650,141600,2675000
car,Kia,Rio,2001,Manual,Petrol,1500,125000,1175000
car,Nissan,Dayz Highway Star,2015,Automatic,Petrol,650,9700,3675000
car,Toyota,Premio,2016,Automatic,Petrol,1500,29000,9000000
car,Toyota,Axio,2016,Automatic,Petrol,1500,41000,5800000
car,Suzuki,Wagon R FX,2018,Automatic,Hybrid,650,2508,3220000
car,Honda,Civic ES8,2001,Manual,Petrol,1500,191500,2500000
car,Toyota,Aqua,2013,Automatic,Hybrid,1500,182200,3250000
pickup,Mahindra,Bolero,2014,Manual,Diesel,2500,65000,1650000
car,Nissan,Bluebird,2000,Automatic,Petrol,2000,205000,1575000
car,Nissan,N16 Super Saloon,2004,Automatic,Petrol,1500,150000,1375000
car,Suzuki,Alto Japan,2018,Automatic,Petrol,650,51000,3180000
car,Hyundai,Trajet,2000,Automatic,Petrol,2000,200000,1700000
car,Suzuki,Maruti,2011,Manual,Petrol,800,79000,1290000
car,Hyundai,Matrix,2001,Automatic,Petrol,1600,119770,1395000
car,Suzuki,Alto K10,2011,Manual,Petrol,1000,62000,1785000
car,Suzuki,Alto K10,2015,Manual,Petrol,1000,33000,1975000
van,Suzuki,Omni,2008,Manual,Petrol,800,98000,1100000
car,Suzuki,Swift,2007,Automatic,Petrol,1300,58000,2550000
car,Suzuki,Alto K10,2012,Manual,Petrol,1000,167000,1875000
suv,Nissan,X-Trail,2001,Automatic,Petrol,2000,149000,3350000
car,Suzuki,Ignis,2016,Automatic,Hybrid,1300,31800,4350000
car,Daihatsu,Mira,2018,Automatic,Petrol,650,6590,3810000
car,Toyota,Premio G Superior,2017,Automatic,Petrol,1500,53000,9375000
car,Toyota,Prius 2nd Generation,2008,Automatic,Petrol,1500,129000,3125000
car,Perodua,Kelisa,2007,Manual,Petrol,1000,114411,1850000
car,Toyota,Vitz,2018,Automatic,Petrol,1000,38000,5325000
car,Toyota,Aqua,2013,Automatic,Hybrid,1500,28000,4450000
van,Toyota,KDH 200 Super GL,2006,Automatic,Diesel,2500,137000,6550000
car,Suzuki,Wagon R,2014,Manual,Petrol,650,84000,2780000
car,Nissan,AD WAGON VY11,2002,Automatic,Petrol,1300,178000,1650000
car,Suzuki,Maruti 800,2011,Manual,Petrol,800,65300,1295000
car,Suzuki,Wagon R Stingray,2014,Automatic,Hybrid,650,26140,3100000
car,Nissan,Bluebird,2008,Automatic,Petrol,1500,119142,3500000
car,Toyota,Allion 240,2005,Automatic,Petrol,1500,128000,4150000
suv,Kia,Sportage,2011,Automatic,Petrol,1600,76500,5350000
car,Toyota,Axio WXB,2017,Automatic,Hybrid,1500,22000,7050000
car,Nissan,FB15,2004,Automatic,Petrol,1500,128000,2850000
car,Suzuki,Alto Sport,2015,Manual,Petrol,800,80110,1950000
car,Nissan,N16,2001,Automatic,Petrol,1500,130000,2025000
car,Suzuki,Alto,2015,Manual,Petrol,800,62000,1890000
van,Nissan,Caravan,2006,Automatic,Diesel,3000,246900,4780000
car,Tata,Indica V2,2015,Manual,Petrol,1200,18000,1875000
suv,Honda,Vezel,2014,Automatic,Petrol,1500,63000,4385000
van,Toyota,KDH 201,2008,Automatic,Diesel,3000,143000,7525000
car,Suzuki,Maruti,2007,Manual,Petrol,800,64000,1070000
van,Toyota,KDH 223,2016,Automatic,Diesel,3000,72000,8420000
van,Suzuki,Every,2015,Manual,Petrol,650,15000,2825000
car,Nissan,N16,2000,Automatic,Petrol,1500,193500,2090000
car,Suzuki,Wagon R,2017,Automatic,Hybrid,650,68000,2850000
car,Suzuki,Alto,2005,Manual,Petrol,800,200000,1150000
car,Perodua,Axia,2017,Automatic,Petrol,1000,42500,3550000
car,Suzuki,Alto,2016,Manual,Petrol,800,57000,1937000
car,Nissan,FB15,2000,Automatic,Petrol,1500,160000,2550000
car,Suzuki,Wagon R Stingray,2015,Automatic,Hybrid,650,24000,2525000
car,Suzuki,Alto 800 LXI,2014,Manual,Petrol,800,95000,1900000
car,Suzuki,Wagon R Stingray,2014,Automatic,Hybrid,650,27000,2560000
car,Kia,Rio,2001,Manual,Petrol,1500,195000,1250000
suv,Nissan,X-Trail,2015,Automatic,Hybrid,2000,60000,6500000
car,Toyota,Allion 240,2007,Automatic,Petrol,1500,169000,4385000
car,Suzuki,Alto,2015,Manual,Petrol,800,47000,1750000
pickup,Nissan,Navara,2007,Manual,Diesel,2500,166000,4500000
car,Nissan,March K11,2001,Automatic,Petrol,1000,108000,1575000
pickup,Mahindra,Bolero,2015,Manual,Diesel,2500,78000,2090000
car,Suzuki,Maruti Sport,2012,Manual,Petrol,800,52000,1325000
car,Nissan,Leaf,2014,Automatic,Electric,70,16450,1550000
car,Toyota,Vitz Edition 2,2017,Automatic,Petrol,1000,10800,5275000
car,Suzuki,Alto K10,2012,Manual,Petrol,1000,64500,1850000
van,Toyota,KDH 221,2016,Automatic,Diesel,3000,90000,8500000
car,Honda,Fit Aria,2004,Automatic,Petrol,1500,125000,2450000
van,Mitsubishi,Mini Cab,2012,Manual,Petrol,650,150000,2050000
car,Suzuki,Swift,2003,Automatic,Petrol,1300,132822,2365000
car,Honda,Grace EX,2015,Automatic,Hybrid,1500,130000,4525000
car,Suzuki,Alto,2015,Manual,Petrol,800,64000,1900000
suv,Toyota,CHR,2017,Automatic,Petrol,1500,18500,8075000
car,Suzuki,Alto Sport,2007,Manual,Petrol,800,114000,1615000
car,Suzuki,Swift RS Turbo,2017,Automatic,Petrol,1000,16350,5200000
suv,Honda,Vezel,2014,Automatic,Petrol,1500,70000,4525000
car,Toyota,Aqua X Urban,2015,Automatic,Petrol,1500,93000,4690000
car,Toyota,Vitz KSP90,2007,Automatic,Petrol,1000,126000,3235000
car,Suzuki,Alto,2015,Manual,Petrol,800,80000,1725000
car,Hyundai,Accent,2005,Manual,Petrol,1000,100000,1375000
car,Toyota,Corolla 141,2008,Automatic,Petrol,1600,132000,3150000
car,Nissan,Sunny FB15,2001,Automatic,Petrol,1500,118685,2475000
car,Nissan,Leaf,2014,Automatic,Electric,70,45000,1900000
suv,Mahindra,KUV 100 NXT,2020,Manual,Petrol,1200,132,3250000
car,Suzuki,Wagon R,2018,Automatic,Hybrid,650,26000,3875000
car,Mazda,Axela,2013,Manual,Petrol,1500,18000,2975000
car,Toyota,Allion,2012,Automatic,Petrol,1500,106000,5790000
car,Toyota,Axio,2015,Automatic,Hybrid,1500,82000,4750000
car,Toyota,Aqua,2013,Automatic,Hybrid,1500,62000,3975000
car,Perodua,Viva Elite,2012,Automatic,Petrol,1000,85000,2200000
car,Suzuki,Maruti,2006,Manual,Petrol,800,75000,1065000
car,Toyota,Vitz,2008,Automatic,Petrol,1000,72000,3350000
car,Honda,Fit GP5,2013,Automatic,Hybrid,1500,63675,3660000
van,Nissan,Vanette,2008,Automatic,Diesel,2000,133000,3890000
car,Toyota,Vitz,2018,Automatic,Petrol,1000,17000,5275000
car,Suzuki,Wagon R,2007,Manual,Petrol,650,85000,1800000
car,Chery,QQ,2007,Automatic,Petrol,800,55000,950000
car,Toyota,Premio,2018,Automatic,Petrol,1500,44000,9850000
car,Honda,Civic,2018,Automatic,Petrol,1000,29050,7600000
car,Honda,Fit Shuttle,2013,Automatic,Petrol,1500,80000,4275000
car,Nissan,FB15 Super Saloon,2003,Automatic,Petrol,1500,138000,2800000
car,Toyota,Aqua,2013,Automatic,Hybrid,1500,82600,3650000
van,Suzuki,Spacia,2017,Automatic,Petrol,650,54000,3395000
car,Suzuki,Alto,2017,Automatic,Petrol,650,28700,3275000
car,Nissan,FB15,2004,Manual,Petrol,1300,163000,2230000
car,Suzuki,Swift RS Turbo,2017,Automatic,Hybrid,1300,35000,5375000
car,Suzuki,Alto 800,2015,Manual,Petrol,800,52456,1855000
car,Suzuki,Maruti,2012,Manual,Petrol,800,70000,1295000
car,Suzuki,Maruti,2010,Manual,Petrol,800,97200,1295000
car,Mitsubishi,Lancer CS3,2011,Automatic,Petrol,1600,90762,3595000
car,Suzuki,Wagon R FZ,2015,Automatic,Petrol,650,11640,2400000
pickup,Toyota,Hilux,2007,Manual,Diesel,3000,115000,5075000
pickup,Mahindra,Bolero,2015,Manual,Diesel,2500,64000,2395000
car,Suzuki,Alto 800 LXI,2010,Manual,Petrol,800,75000,1675000
car,Suzuki,Alto 800 LXI,2015,Manual,Petrol,800,58000,1830000
car,Toyota,Premio,2007,Automatic,Petrol,1500,134500,5375000
car,Toyota,Aqua,2016,Automatic,Petrol,1500,60000,4450000
car,Toyota,Aqua X Urban,2015,Automatic,Hybrid,1300,60000,3650000
car,Suzuki,Maruti,2006,Manual,Petrol,800,36000,1055000
car,Suzuki,Wagon R FZ,2017,Automatic,Petrol,650,15850,3475000
pickup,Mahindra,Bolero Maxi Truck,2015,Manual,Diesel,2500,65000,1690000
van,Suzuki,Every,2002,Automatic,Petrol,650,135000,1550000
car,Suzuki,Swift,2017,Automatic,Petrol,1000,27850,5500000
car,Micro,Panda,2014,Manual,Petrol,1000,46758,1425000
car,Micro,Trend,2012,Manual,Petrol,1000,74000,990000
car,Suzuki,Alto,2011,Manual,Petrol,800,95000,1650000
car,Honda,Fit GP5,2014,Automatic,Hybrid,1500,112000,3500000
suv,Nissan,X-Trail,2007,Automatic,Petrol,2000,126000,4300000
car,Honda,City,2003,Manual,Petrol,1500,150000,2250000
car,Nissan,FB15,2001,Automatic,Petrol,1500,150000,2490000
car,Suzuki,Wagon R Stingray,2015,Automatic,Hybrid,650,32000,3000000
pickup,Toyota,Hilux,2007,Manual,Diesel,3000,130000,5300000
car,Toyota,Vitz Edition 3,2018,Automatic,Petrol,1000,31200,5345000
car,Suzuki,Swift Beetle,2007,Automatic,Petrol,1300,80000,2975000
van,Nissan,Super GL,2000,Automatic,Petrol,3000,190000,4700000
car,Toyota,Prius,2012,Automatic,Petrol,1800,74000,4700000
car,Hyundai,Eon,2015,Manual,Petrol,800,112000,2190000
car,Suzuki,Wagon R Stingray,2015,Automatic,Petrol,650,39000,3050000
car,Honda,City,2005,Automatic,Petrol,1500,165000,2575000
pickup,Mahindra,Bolero,2016,Manual,Diesel,2500,32145,2225000
car,Honda,Fit GP1,2013,Automatic,Hybrid,1300,92000,3290000
car,Perodua,Viva Elite Premium,2011,Automatic,Petrol,1000,45200,2450000
car,Suzuki,Wagon R,2018,Automatic,Hybrid,650,39800,3675000
car,Honda,Grace EX,2015,Automatic,Hybrid,1500,66000,4985000
car,Suzuki,Wagon R,2017,Automatic,Petrol,650,106000,3050000
car,Suzuki,Wagon R FX,2018,Automatic,Hybrid,650,30250,3380000
car,Toyota,Prius W,2011,Automatic,Petrol,1800,171500,3980000
car,Nissan,March K11,2003,Automatic,Petrol,1000,156000,1625000
pickup,Toyota,Hilux,2020,Automatic,Diesel,2800,15000,11200000
van,Suzuki,Every,2006,Automatic,Petrol,650,164798,2350000
car,Toyota,Premio,2015,Automatic,Petrol,1500,49000,8175000
car,Suzuki,Maruti,2005,Manual,Petrol,800,67000,1085000
van,Toyota,KDH 201,2013,Automatic,Diesel,3000,160000,7300000
car,Toyota,Vitz,2019,Automatic,Petrol,1000,12505,4593000
car,Suzuki,Maruti Alto,2010,Manual,Petrol,800,48000,1550000
car,Toyota,Premio,2002,Automatic,Petrol,1800,165000,3450000
car,Nissan,Sunny N17,2004,Manual,Petrol,1600,115000,2250000
car,Tata,Nano Twist,2016,Manual,Petrol,650,52000,1300000
suv,Honda,Vezel RS,2017,Automatic,Hybrid,1500,34000,7125000
van,Mazda,Brawny,2003,Manual,Diesel,2500,280000,3275000
car,Nissan,March K12,2007,Automatic,Petrol,1300,114254,2630000
car,Honda,Civic,2018,Automatic,Petrol,1000,22000,6400000
car,Honda,Fit Shuttle,2011,Automatic,Petrol,1300,180000,3350000
car,Honda,Fit Shuttle,2013,Automatic,Petrol,1300,130000,4050000
suv,Kia,Sorento,2004,Manual,Petrol,2300,90000,2650000
car,Suzuki,Maruti,2011,Manual,Petrol,800,68000,1270000
car,Suzuki,Maruti,2006,Manual,Petrol,800,62000,1075000
van,Toyota,KDH,2006,Manual,Diesel,2500,260000,5450000
car,Suzuki,Maruti 800,2006,Manual,Petrol,800,88000,1150000
pickup,Tata,Xenon,2015,Manual,Diesel,3000,115000,1550000
car,Suzuki,Ignis,2016,Automatic,Hybrid,1300,45000,4150000
van,Toyota,Dolphin,2002,Manual,Diesel,1800,100000,4450000
car,Nissan,March,2001,Automatic,Petrol,1000,147000,1725000
car,Chery,QQ,2009,Manual,Petrol,800,90000,890000
car,Toyota,Aqua,2013,Automatic,Hybrid,1500,116000,3320000
car,Suzuki,Maruti Zen,2001,Manual,Petrol,1000,112000,1025000
car,Suzuki,Wagon R Stingray,2017,Automatic,Hybrid,650,40000,3475000
car,Suzuki,Alto 800 LXI,2016,Manual,Petrol,800,30723,2200000
van,Nissan,Caravan,2007,Automatic,Diesel,3000,225000,4550000
car,Suzuki,Maruti 800,2006,Manual,Petrol,800,52000,1125000
car,Toyota,Corolla 121,2005,Automatic,Petrol,1300,99600,3175000
van,Mitsubishi,Mini Cab,2017,Automatic,Petrol,650,14410,2385000
car,Suzuki,Alto 800 LXI,2015,Manual,Petrol,800,42800,1765000
car,Zotye,Z100,2017,Manual,Petrol,1000,12800,1850000
car,Honda,Freed,2013,Automatic,Hybrid,1500,15000,5300000
car,Toyota,Allion 260,2008,Automatic,Petrol,1500,200000,4650000
car,Suzuki,Hustler,2017,Automatic,Petrol,650,50000,3000000
car,Suzuki,Swift,2003,Automatic,Petrol,1300,168000,2375000
car,Kia,Rio,2002,Manual,Petrol,1300,178000,1295000
car,Suzuki,Wagon R ,2018,Automatic,Hybrid,650,59000,3385000
car,Tata,Nano Twist,2016,Manual,Petrol,650,53000,1300000
pickup,Mitsubishi,L200 Sportero,2007,Manual,Diesel,2500,140000,5500000
van,Toyota,KR42,2007,Automatic,Petrol,1700,126000,3650000
car,Perodua,Viva Elite Premium,2012,Automatic,Petrol,1000,83800,2635000
car,Suzuki,Wagon R Stingray,2018,Automatic,Hybrid,650,42910,3640000
car,Toyota,Prius S Touring,2011,Automatic,Hybrid,1800,121000,3950000
car,Suzuki,Wagon R Stingray,2017,Automatic,Hybrid,650,29000,3575000
car,Zotye,Z100,2017,Manual,Petrol,1000,36000,1300000
suv,Mitsubishi,Montero,2012,Automatic,Diesel,2500,161000,8175000
suv,Hyundai,Santa Fe,2008,Automatic,Diesel,2200,175000,3975000
car,Toyota,Vios,2004,Manual,Petrol,1500,210000,2350000
car,Suzuki,Alto,2015,Manual,Petrol,800,33000,1995000
car,Nissan,Dayz,2015,Automatic,Petrol,650,28000,2750000
car,Honda,Grace,2015,Automatic,Hybrid,1500,69000,4900000
car,Suzuki,Swift,2003,Automatic,Petrol,1300,12000,2050000
car,Toyota,Vios,2003,Manual,Petrol,1600,155000,2550000
car,Chery,QQ,2006,Manual,Petrol,800,105000,830000
car,Mitsubishi,Lancer GLX,2006,Manual,Petrol,1300,128000,2450000
car,Suzuki,Maruti 800,2012,Manual,Petrol,800,36000,1390000
car,Micro,Trend,2009,Automatic,Petrol,1000,100000,1050000
car,Nissan,March AK12,2007,Automatic,Petrol,1300,81000,2350000
car,Suzuki,Celerio,2015,Manual,Petrol,1000,44000,2475000
van,Toyota,KDH 201 Super GL,2015,Automatic,Diesel,3000,53000,8450000
car,Micro,Trend,2008,Manual,Petrol,1100,34000,1175000
car,Suzuki,Wagon R,2017,Automatic,Petrol,650,60000,1200000
car,Suzuki,Wagon R FZ,2015,Automatic,Petrol,650,54000,3100000
car,Suzuki,Alto,2010,Manual,Petrol,650,85000,1100000
pickup,Tata,Xenon,2016,Manual,Diesel,3000,50000,1850000
suv,Mitsubishi,Montero V6,2003,Automatic,Petrol,3500,120000,6390000
car,Nissan,Sunny FB15,2000,Automatic,Petrol,1500,125000,2285000
car,Nissan,EX Saloon,2002,Manual,Petrol,1500,180000,2300000
car,Nissan,Super Saloon,2003,Automatic,Petrol,1600,260000,2350000
pickup,Mahindra,Bolero,2015,Manual,Diesel,2500,58270,2425000
van,Suzuki,Every,2016,Automatic,Petrol,650,60000,2375000
pickup,Mahindra,Bolero,2007,Manual,Diesel,2500,95100,1075000
van,Nissan,Vanette,2006,Manual,Diesel,2000,100000,3075000
car,Toyota,Vitz Edition 2,2018,Automatic,Petrol,1000,22000,5285000
car,Suzuki,Swift,2003,Automatic,Petrol,1300,118000,2100000
car,Nissan,FB15,2000,Automatic,Petrol,1500,180000,2280000
van,Suzuki,Spacia G,2018,Automatic,Petrol,650,46400,3250000
van,Suzuki,Every,2018,Automatic,Petrol,650,95000,2950000
car,Honda,Insight,2011,Automatic,Hybrid,1300,112000,3175000
car,Tata,Nano,2011,Manual,Petrol,650,230000,750000
car,Suzuki,Wagon R,2014,Automatic,Petrol,650,58000,2890000
car,Hyundai,Accent,2001,Manual,Petrol,1300,140000,1230000
car,Suzuki,Wagon R,2015,Automatic,Hybrid,650,62000,2900000
car,Suzuki,Alto,2011,Manual,Petrol,800,81000,1650000
car,Mitsubishi,Lancer CS1,2002,Manual,Petrol,1300,200000,2250000
van,Nissan,Caravan,2001,Manual,Diesel,3000,280496,4200000
van,Suzuki,Every,2017,Automatic,Petrol,650,37900,3200000
car,Datsun,Redi-GO,2017,Manual,Petrol,800,42000,1790000
car,Suzuki,Wagon R,2016,Automatic,Petrol,650,59000,2825000
van,Daihatsu,Atrai,2002,Manual,Petrol,650,195000,1625000
car,Nissan,Dayz,2016,Automatic,Petrol,650,34512,3290000
van,Toyota,KDH 201,2008,Manual,Diesel,2500,80000,6300000
car,Toyota,Prius 2nd Generation,2008,Automatic,Hybrid,1500,69000,3400000
car,Tata,Nano,2016,Manual,Petrol,650,18000,1350000
car,Toyota,Corolla,2000,Automatic,Petrol,1500,206000,2000000
van,Nissan,NV200,2010,Automatic,Petrol,1600,118300,4150000
car,Nissan,Primera,2002,Automatic,Petrol,2000,140000,2350000
suv,Mitsubishi,Montero,2001,Manual,Diesel,2800,232000,6850000
car,Toyota,Premio F EX G Superior,2018,Automatic,Petrol,1500,43000,10300000
suv,Nissan,X-Trail,2003,Automatic,Petrol,2000,139000,3350000
van,Daihatsu,Hijet,2000,Manual,Petrol,650,135325,1430000
van,Toyota,Noah,2001,Manual,Diesel,2000,195000,3850000
car,Daihatsu,Mira,2017,Automatic,Petrol,650,9446,3675000
car,Honda,Fit GP5,2013,Automatic,Hybrid,1500,81000,3790000
van,Toyota,KDH,2007,Automatic,Diesel,2500,110000,6850000
car,Toyota,Allion 240,2007,Automatic,Petrol,1800,193000,3990000
car,Suzuki,Alto,2007,Manual,Petrol,800,83000,1450000
car,Hyundai,Accent,2004,Manual,Petrol,1500,95000,1050000
pickup,Toyota,Hilux,2010,Manual,Diesel,3000,140978,4550000
van,Mitsubishi,Mini Cab,2015,Automatic,Petrol,900,144000,2350000
car,Honda,Fit Shuttle,2014,Automatic,Petrol,1300,85000,1800000
car,Toyota,Vitz,2010,Automatic,Petrol,1000,123000,3525000
car,Honda,Fit GP5,2014,Automatic,Hybrid,1500,77500,4250000
car,Toyota,Passo,2008,Automatic,Petrol,1000,112000,2800000
van,Toyota,KDH 200,2007,Automatic,Petrol,2500,35000,6200000
van,Toyota,KDH 201 Super GL,2011,Automatic,Diesel,3000,92000,7475000
car,Nissan,Bluebird,2001,Automatic,Petrol,1500,142000,2315000
pickup,Tata,Xenon,2016,Manual,Diesel,3000,101612,1495000
car,Suzuki,Swift,2004,Automatic,Petrol,1300,81150,2300000
car,Toyota,Prius,2012,Automatic,Hybrid,1800,130000,4625000
car,Suzuki,Alto,2015,Manual,Petrol,800,89000,1830000
car,Suzuki,Wagon R FZ,2014,Automatic,Petrol,650,98000,2450000
car,Chevrolet,Cruze,2004,Automatic,Petrol,1300,195000,2175000
car,Toyota,Allion 260,2007,Automatic,Petrol,1500,74976,4625000
car,Suzuki,Swift,2006,Automatic,Petrol,1300,119000,2190000
pickup,Mahindra,Bolero,2016,Manual,Diesel,1500,45283,2175000
car,Micro,Panda,2013,Manual,Petrol,1000,60000,1350000
car,Honda,Fit GP1,2015,Automatic,Hybrid,1300,95000,3425000
pickup,Mahindra,Bolero,2019,Manual,Diesel,2500,9450,2495000
pickup,Toyota,Hilux,2010,Manual,Diesel,2500,112000,6200000
car,Nissan,FB14,2000,Automatic,Diesel,1500,80000,1725000
car,Suzuki,Maruti 800,2008,Manual,Petrol,800,87000,1200000
car,Toyota,Allion 240,2002,Automatic,Petrol,1500,107960,3450000
car,Suzuki,Maruti 800,2007,Manual,Petrol,800,62000,1190000
car,Toyota,Vitz F,2017,Automatic,Petrol,1000,45000,4475000
car,Toyota,Vitz,2007,Automatic,Petrol,1000,147400,3145000
car,Suzuki,Wagon R Stingray,2015,Automatic,Hybrid,650,71000,2575000
car,Suzuki,Maruti,2007,Manual,Petrol,800,63000,1175000
car,Suzuki,Maruti 800,2003,Manual,Petrol,800,64000,925000
car,Suzuki,Maruti 800,2011,Manual,Petrol,800,52770,1275000
pickup,Mahindra,Bolero,2010,Manual,Diesel,2500,65000,1100000
car,Toyota,Aqua S Grade,2013,Automatic,Petrol,1500,130000,3550000
car,Suzuki,Maruti 800,2006,Manual,Petrol,800,126830,1165000
car,Suzuki,A-Star,2012,Manual,Petrol,1000,112000,1950000
car,Honda,Fit,2007,Automatic,Petrol,1300,11000,2450000
car,Suzuki,Alto,2010,Manual,Petrol,650,45000,1495000
car,Suzuki,Wagon R ,2003,Manual,Petrol,650,180460,1475000
car,Hyundai,Accent,2001,Manual,Petrol,1300,120000,1310000
car,Suzuki,Celerio VXI,2015,Automatic,Petrol,1000,46000,2650000
car,Nissan,FB15,2000,Automatic,Petrol,1500,233000,2200000
car,Suzuki,Celerio,2016,Automatic,Petrol,1000,35000,2450000
car,Suzuki,Alto,2016,Manual,Petrol,800,49000,2175000
car,Suzuki,Wagon R,2014,Automatic,Hybrid,650,70000,2658000
car,Micro,Trend,2013,Manual,Petrol,1000,33500,1150000
van,Daihatsu,Hijet,2003,Automatic,Petrol,650,100000,1400000
car,Toyota,Vitz,2018,Automatic,Petrol,1000,15000,5190000
car,Nissan,Primera,2001,Manual,Petrol,2000,189000,1875000
car,Suzuki,Estilo,2011,Manual,Petrol,1000,81000,1950000
car,Suzuki,Alto,2010,Manual,Petrol,800,78000,1580000
car,Hyundai,Matrix,2001,Automatic,Petrol,1500,130000,1600000
van,Micro,MPV Junior 3,2009,Manual,Petrol,1200,67000,1325000
van,Nissan,Vanette,2003,Manual,Diesel,2200,200000,3300000
van,Nissan,Vanette,2007,Automatic,Petrol,1700,127800,3150000
car,Nissan,Sunny Super Saloon,2010,Manual,Petrol,1600,190000,2850000
car,Toyota,Prius S Touring,2010,Automatic,Hybrid,1800,106000,3425000
car,Toyota,Vitz,2018,Automatic,Petrol,1000,2300,4260000
suv,Mitsubishi,Montero,2013,Automatic,Diesel,3200,73950,13300000
van,Nissan,Vanette,2005,Manual,Petrol,1800,100000,3485000
car,Honda,Fit GP5,2014,Automatic,Hybrid,1500,62000,4700000
car,Kia,Rio,2002,Manual,Petrol,1300,202551,1150000
car,Toyota,Vitz,2003,Automatic,Petrol,1000,72000,1950000
car,Toyota,Vitz,2008,Automatic,Petrol,1000,63500,3450000
car,Kia,Picanto,2016,Automatic,Petrol,1000,16000,3475000
van,Suzuki,Spacia,2016,Automatic,Hybrid,650,34000,2900000
car,Suzuki,Alto Sport,2009,Manual,Petrol,800,106300,1650000
car,Toyota,Vitz,2018,Automatic,Petrol,1000,16900,5225000
car,Toyota,Prius,2008,Automatic,Hybrid,1800,132000,2825000
car,Suzuki,Wagon R Stingray,2018,Automatic,Hybrid,650,31000,3175000
van,Toyota,KDH Super GL,2015,Automatic,Diesel,3000,1100,10500000
car,Suzuki,Wagon R Stingray,2015,Automatic,Hybrid,650,52000,2950000
car,Suzuki,Wagon R FX,2017,Automatic,Hybrid,650,300000,2750000
car,Toyota,Corolla 121,2003,Automatic,Petrol,1500,163000,3350000
suv,Toyota,Raize,2020,Automatic,Petrol,1000,1000,8450000
car,Suzuki,Alto,2009,Manual,Petrol,800,70000,1575000
van,Micro,MPV Junior 3,2013,Manual,Petrol,1100,10000,1600000
car,Toyota,Carina,2000,Automatic,Petrol,1800,150000,3100000
van,Toyota,KR42 Noah,2006,Manual,Diesel,2200,146000,3700000
van,Toyota,KDH 200 Super GL,2005,Automatic,Diesel,2500,130000,5790000
car,Suzuki,Wagon R FZ,2015,Automatic,Petrol,650,64000,2620000
pickup,Mitsubishi,L200,2010,Manual,Diesel,2500,152000,6590000
car,Mitsubishi,Lancer,2002,Manual,Petrol,1300,185000,1950000
pickup,Toyota,Hilux,2007,Manual,Diesel,2500,207595,5350000
car,Toyota,Pixis,2018,Automatic,Petrol,650,20500,2000000
car,Toyota,Premio,2013,Automatic,Petrol,1500,82000,6875000
suv,Honda,Vezel,2014,Automatic,Hybrid,1500,117000,4850000
car,Toyota,Vitz,2018,Automatic,Petrol,1000,18000,5050000
car,Honda,Fit GP1,2013,Automatic,Petrol,1300,111000,3300000
car,Suzuki,Wagon R Stingray,2018,Automatic,Hybrid,650,16500,3675000
car,Hyundai,Eon,2017,Manual,Petrol,800,40000,2100000
car,Suzuki,Maruti,2006,Manual,Petrol,800,92000,1150000
car,Toyota,Vitz,2017,Automatic,Petrol,1000,26100,4900000
suv,Hyundai,Tuscon,2011,Automatic,Petrol,2000,123000,4550000
car,Toyota,Allion,2005,Automatic,Petrol,1500,124000,4275000
car,Suzuki,Wagon R FX,2017,Automatic,Petrol,650,58000,3225000
car,Toyota,Prius,2016,Automatic,Petrol,1800,45000,5490000
car,Toyota,Axio,2015,Automatic,Petrol,1500,82000,4500000
car,Mazda,Familia,2002,Automatic,Petrol,1300,185000,1900000
car,Toyota,Corolla 121,2006,Manual,Diesel,2000,95000,3150000
car,Toyota,Vitz,2016,Automatic,Petrol,1000,18000,4600000
van,Suzuki,Spacia,2016,Automatic,Petrol,650,77000,3275000
van,Suzuki,Spacia,2016,Automatic,Petrol,650,63000,3400000
car,Honda,City,2000,Automatic,Petrol,1500,200000,2200000
car,Honda,Fit Shuttle,2014,Automatic,Petrol,1500,58000,4300000
suv,Honda,Vezel RS Sensing,2017,Automatic,Petrol,1500,52000,7300000
car,Suzuki,Alto,2017,Manual,Petrol,800,48000,2190000
car,Suzuki,Zen,2005,Manual,Petrol,1000,152000,1325000
car,Kia,Picanto,2016,Automatic,Petrol,1000,40000,3175000
car,Toyota,Axio,2008,Automatic,Petrol,1500,130000,4300000
car,Nissan,FB15 Super Saloon,2001,Automatic,Petrol,1500,118000,2190000
car,Toyota,Passo,2007,Automatic,Petrol,1000,63500,2450000
car,Micro,Panda,2013,Manual,Petrol,1000,73000,1450000
car,Suzuki,Wagon R,2018,Automatic,Petrol,650,49000,3575000
car,Suzuki,Alto 800,2014,Manual,Petrol,800,235000,1965000
pickup,Mahindra,Bolero,2011,Manual,Diesel,3000,148000,1525000
car,Suzuki,Alto,2008,Manual,Petrol,800,100000,1450000
car,Renault,KWID,2016,Manual,Petrol,800,29000,1690000
car,Toyota,Allion,2002,Automatic,Petrol,1500,138500,3440000
car,Toyota,Vitz,2008,Automatic,Petrol,1000,71612,3450000
car,Suzuki,Swift,2002,Automatic,Petrol,1300,90000,2290000
suv,Honda,Vezel,2016,Automatic,Hybrid,1500,30000,5650000
car,Suzuki,Wagon R Stingray,2015,Automatic,Hybrid,650,53000,2990000
car,Nissan,Leaf,2017,Automatic,Electric,80,9500,6750000
suv,Hyundai,Santa Fe,2001,Automatic,Petrol,2700,85000,2500000
car,Toyota,Aqua G Sport,2014,Automatic,Hybrid,1500,71000,5150000
car,Hyundai,Matrix,2006,Automatic,Petrol,1500,116000,1575000
car,Suzuki,Wagon R,2017,Automatic,Hybrid,650,39300,2650000
van,Suzuki,Every DA17,2017,Automatic,Petrol,650,53000,3275000
van,Nissan,E25,2007,Automatic,Diesel,3000,165000,4890000
car,Honda,Civic,2006,Automatic,Petrol,1500,150000,2550000
car,Toyota,Allion,2008,Automatic,Petrol,1500,156000,4290000
van,Toyota,Noah KR42,2006,Automatic,Petrol,1800,161000,3850000
van,Toyota,KDH,2007,Automatic,Diesel,2900,300000,7450000
car,Suzuki,Alto,2011,Manual,Petrol,800,75000,1675000
car,Suzuki,Alto,2011,Manual,Petrol,800,92000,1485000
car,Suzuki,Wagon R,2016,Automatic,Petrol,650,55000,3050000
car,Suzuki,Maruti,2007,Manual,Petrol,800,37500,1095000
car,Suzuki,Wagon R Stingray,2017,Automatic,Hybrid,650,39000,3625000
car,Nissan,March K11,2002,Automatic,Petrol,1000,122000,1685000
car,Nissan,N16,2002,Manual,Petrol,1500,150000,2450000
car,Toyota,Vitz,2015,Automatic,Petrol,1000,44000,4400000
car,Suzuki,Alto,2006,Manual,Petrol,800,75000,1425000
car,Suzuki,Wagon R Stingray,2014,Automatic,Petrol,650,76000,2850000
car,Chery,QQ,2006,Manual,Petrol,800,92000,875000
car,Daihatsu,Mira,2002,Automatic,Petrol,650,135000,1475000
car,Toyota,IST,2008,Automatic,Petrol,1500,80000,3975000
car,Toyota,Avanza,2010,Manual,Petrol,1300,103000,3175000
van,Daihatsu,Hijet,2002,Automatic,Petrol,1300,85000,1400000
pickup,Tata,207,2015,Manual,Diesel,3000,25200,1800000
car,Suzuki,Alto,2015,Manual,Petrol,800,56000,1985000
car,Suzuki,Maruti,2006,Manual,Petrol,800,50000,1050000
van,Suzuki,Every,2007,Manual,Petrol,650,148000,2350000
van,Suzuki,Every,2012,Automatic,Petrol,650,78500,2325000
car,Toyota,Aqua,2014,Automatic,Hybrid,1500,65000,3860000
car,Suzuki,Alto,2018,Automatic,Petrol,650,19600,2580000
car,Perodua,Viva Elite,2013,Automatic,Petrol,1000,62773,2275000
pickup,Mahindra,Bolero Maxi Truck,2012,Manual,Petrol,2500,41500,1775000
car,Suzuki,A-Star,2011,Manual,Petrol,1000,104050,1875000
car,Daihatsu,Mira,2009,Automatic,Petrol,650,90000,2575000
car,Suzuki,Maruti,2012,Manual,Petrol,800,106451,1300000
suv,Mitsubishi,Pajero,2000,Automatic,Petrol,2000,150000,925000
pickup,Toyota,Hilux Rocco,2020,Automatic,Diesel,2800,4700,16000000
car,Suzuki,Alto,2015,Manual,Petrol,800,75640,1935000
car,Toyota,Axio,2007,Automatic,Petrol,1500,149000,4000000
car,Suzuki,Alto,2015,Manual,Petrol,800,12500,1825000
car,Toyota,Vitz,2016,Automatic,Petrol,1000,43325,4450000
pickup,Nissan,Navara Aventura,2011,Manual,Diesel,2500,137000,3500000
pickup,Mahindra,Bolero Maxi Truck,2015,Manual,Diesel,2500,55000,2090000
suv,Honda,Vezel,2017,Automatic,Hybrid,1500,12642,7200000
van,Suzuki,Every,2006,Automatic,Petrol,650,99300,2295000
car,Toyota,Vitz,2007,Automatic,Petrol,1000,97750,3275000
van,Nissan,Vanette,2008,Automatic,Petrol,2200,130000,3450000
car,Tata,Indigo,2015,Manual,Petrol,1300,23200,1825000
car,Suzuki,Wagon R,2018,Automatic,Hybrid,650,35000,3450000
car,Suzuki,Wagon R FX,2017,Automatic,Petrol,650,26500,3175000
car,Suzuki,Alto 800 LXI,2015,Manual,Petrol,800,33000,1800000
van,Suzuki,Every,2016,Automatic,Petrol,650,40500,3450000
car,Suzuki,Alto,2010,Manual,Petrol,800,59000,1575000
car,Nissan,Cefiro,2000,Automatic,Petrol,2000,120000,1750000
car,Perodua,Viva Elite,2011,Automatic,Petrol,1000,86000,2185000
car,Suzuki,Swift,2005,Automatic,Petrol,1300,91000,2565000
car,Micro,Panda,2013,Manual,Petrol,1000,11000,1700000
car,Suzuki,Wagon R,2018,Automatic,Petrol,650,68000,3450000
van,Toyota,KR42 Noah,2004,Automatic,Diesel,2200,270000,4500000
pickup,Toyota,Hilux,2017,Automatic,Diesel,2800,19200,11800000
pickup,Mitsubishi,L200,2006,Manual,Diesel,2500,190000,3850000
car,Suzuki,Alto,2000,Automatic,Petrol,650,101400,1565000
suv,Mitsubishi,Montero Sport,2012,Automatic,Diesel,2500,180000,5900000
car,Micro,MPV Junior,2016,Manual,Petrol,1100,61000,1495000
car,Suzuki,Alto,2014,Manual,Petrol,800,51000,1825000
car,Toyota,Vitz,2011,Automatic,Petrol,1000,85000,3120000
car,Toyota,Allion 240,2001,Automatic,Petrol,1800,165000,3350000
car,Toyota,Axio WXB,2017,Automatic,Hybrid,1500,51000,6325000
car,Micro,MX 7,2015,Manual,Petrol,1500,95000,2225000
van,Suzuki,Spacia,2016,Automatic,Petrol,650,66000,2650000
car,Suzuki,Alto,2015,Manual,Petrol,800,51000,1995000
car,Nissan,Bluebird,2000,Automatic,Diesel,2000,31116,1975000
car,Suzuki,Wagon R Stingray,2014,Automatic,Petrol,650,44800,2550000
car,Suzuki,Maruti,2000,Manual,Petrol,800,120000,1000000
car,Nissan,N17,2008,Manual,Petrol,1300,119000,2350000
car,Honda,Fit Shuttle,2012,Automatic,Hybrid,1300,115000,4150000
car,Suzuki,Wagon R,2018,Automatic,Petrol,650,7600,3300000
car,Suzuki,Wagon R,2015,Automatic,Petrol,650,42000,2825000
car,Suzuki,Alto 800,2015,Manual,Petrol,800,19000,1925000
car,Suzuki,Alto,2013,Automatic,Petrol,650,59000,2850000
car,Toyota,Premio G Superior,2010,Automatic,Petrol,1500,90000,5950000
van,Toyota,KR42,2008,Automatic,Petrol,1800,125000,4300000
car,Toyota,Aqua,2012,Automatic,Petrol,1500,140000,3500000
car,Suzuki,Alto,2011,Manual,Petrol,800,111000,1690000
car,Suzuki,Maruti,2011,Manual,Petrol,800,71459,1250000
car,Suzuki,Wagon R,2016,Automatic,Petrol,650,46000,2545000
car,Suzuki,Maruti,2007,Manual,Petrol,800,53000,1145000
car,Suzuki,Alto Japan,2004,Manual,Petrol,650,104500,1585000
car,Honda,Grace EX,2017,Automatic,Petrol,1500,68262,5875000
van,Nissan,Vanette,2011,Automatic,Petrol,2200,220500,2750000
car,Nissan,Leaf,2012,Automatic,Electric,70,52000,1600000
car,Toyota,Vitz,2005,Automatic,Petrol,1000,125000,3000000
car,Toyota,Axio,2014,Automatic,Hybrid,1500,80000,4700000
suv,Kia,Sorento,2003,Automatic,Petrol,3500,90000,2700000
car,Nissan,Sunny,2001,Automatic,Petrol,1500,88000,2050000
car,Honda,Fit GP1,2014,Automatic,Hybrid,1300,88000,2750000
car,Suzuki,Alto 800 LXI,2015,Manual,Petrol,800,109000,1945000
car,Suzuki,Maruti,2010,Manual,Petrol,800,92000,1250000
car,Suzuki,Alto,2003,Manual,Petrol,1000,180000,1550000
suv,Micro,Kyron,2008,Manual,Diesel,2000,132000,2800000
car,Toyota,Vitz,2008,Automatic,Petrol,1000,76000,2775000
car,Toyota,Prius,2012,Automatic,Petrol,1800,110000,3150000
car,Toyota,Premio,2018,Automatic,Petrol,1500,12500,10590000
car,Honda,Fit GP5,2013,Automatic,Hybrid,1500,44000,3890000
car,Toyota,Aqua,2012,Automatic,Hybrid,1500,155000,3475000
car,Nissan,Wingroad,2001,Automatic,Petrol,1500,266000,2225000
van,Toyota,KDH,2008,Automatic,Diesel,3000,128304,6375000
car,Renault,KWID,2016,Manual,Petrol,800,23600,1845000
car,Toyota,Vitz,2017,Automatic,Petrol,1000,21078,3875000
car,Suzuki,Swift,2008,Manual,Petrol,1300,142345,1990000
car,Hyundai,Accent,2000,Manual,Petrol,1500,198000,1080000
car,Toyota,Axio,2014,Automatic,Hybrid,1500,63100,4650000
car,Toyota,Aqua,2013,Automatic,Hybrid,1500,74000,3890000
car,Kia,Carens,2000,Automatic,Diesel,1800,149510,1800000
car,Toyota,Premio G Superior,2018,Automatic,Petrol,1500,14000,10300000
car,Toyota,Vitz,2009,Automatic,Petrol,1000,115000,3675000
car,Suzuki,Maruti Sport,2009,Manual,Petrol,800,60000,1125000
car,Toyota,Axio,2014,Automatic,Petrol,1500,87000,4950000
car,Perodua,Viva Elite,2011,Automatic,Petrol,1000,96000,2260000
car,Toyota,Vitz,2015,Automatic,Petrol,1000,58907,4500000
car,Hyundai,Eon,2018,Manual,Petrol,800,28000,2250000
car,Suzuki,Swift RS Turbo,2017,Automatic,Petrol,1000,20000,5200000
car,Honda,N WGN,2015,Automatic,Petrol,650,65000,2975000
car,Nissan,N16 Super Saloon,2000,Automatic,Petrol,1600,160000,2450000
suv,Toyota,CHR,2019,Automatic,Petrol,1200,7900,9350000
van,Suzuki,Every,2018,Automatic,Petrol,650,10200,3485000
suv,Mitsubishi,Montero,2001,Manual,Petrol,1800,200000,2650000
car,Honda,Insight,2009,Automatic,Hybrid,1300,185000,3350000
car,Honda,Civic FD3,2007,Automatic,Hybrid,1600,174000,3275000
car,Tata,Indigo,2015,Manual,Petrol,1200,59000,1995000
car,Mazda,Familia,2000,Automatic,Petrol,1300,148000,1925000
car,Toyota,Tank,2018,Automatic,Petrol,1000,5300,4225000
car,Suzuki,Wagon R,2014,Automatic,Petrol,650,63500,2775000
car,Honda,Fit,2014,Automatic,Petrol,1500,27000,4500000
car,Mazda,Familia BJ5P,2000,Manual,Petrol,1500,132000,1690000
car,Toyota,Prius S Grade,2013,Automatic,Petrol,1800,83000,4200000
car,Toyota,Allion 240,2004,Automatic,Petrol,1500,92000,3975000
car,Suzuki,Maruti Sport,2011,Manual,Petrol,800,51000,1245000
van,Toyota,Noah,2007,Automatic,Petrol,1800,112000,5700000
car,Suzuki,Alto,2014,Automatic,Petrol,650,30000,2875000
suv,Mitsubishi,Montero V6,2010,Automatic,Petrol,3000,110000,9875000
car,Suzuki,Wagon R Stingray,2014,Automatic,Hybrid,650,69000,2550000
suv,Nissan,X-Trail,2000,Manual,Petrol,2000,145000,2550000
van,Toyota,KDH 201 Super GL,2011,Automatic,Diesel,3000,155080,7275000
car,Suzuki,Wagon R Stingray,2014,Automatic,Petrol,650,60000,3190000
car,Toyota,IST,2007,Automatic,Petrol,1500,99000,3425000
car,Honda,Insight,2011,Automatic,Hybrid,1300,68000,3400000
car,Toyota,Vitz,2015,Automatic,Petrol,1000,60000,4425000
car,Toyota,Corolla 110,2000,Automatic,Diesel,1500,335000,1650000
car,Suzuki,Wagon R Stingray,2018,Automatic,Hybrid,650,30000,3235000
van,Toyota,KDH,2015,Automatic,Diesel,3000,110000,8600000
car,Suzuki,Celerio ZXI,2016,Manual,Petrol,1000,23500,2600000
van,Toyota,KDH Dark Prime,2015,Automatic,Diesel,2800,126000,9550000
car,Toyota,Axio G Grade,2015,Automatic,Hybrid,1500,85000,5475000
pickup,Mahindra,Bolero Maxi Truck,2016,Manual,Diesel,2500,49500,2250000
car,Suzuki,Wagon R Stingray,2018,Automatic,Petrol,650,42100,3695000
car,Suzuki,Wagon R,2015,Automatic,Petrol,650,65000,2475000
car,Toyota,Vitz,2018,Automatic,Petrol,1000,13000,4600000
car,Suzuki,Wagon R,2016,Automatic,Petrol,650,46000,2910000
van,Toyota,KDH 200 Super GL,2006,Automatic,Diesel,2500,156000,6725000
car,Toyota,Premio,2010,Automatic,Petrol,1500,66500,5945000
car,Toyota,Prius,2013,Automatic,Petrol,1800,109500,4685000
car,Suzuki,Wagon R FZ,2017,Automatic,Petrol,650,22917,3000000
car,Chery,QQ,2015,Manual,Petrol,800,20000,1550000
car,Toyota,Premio,2010,Automatic,Petrol,1500,60800,5650000
car,Toyota,Passo,2015,Automatic,Petrol,1000,50000,3980000
car,Suzuki,Maruti,2010,Manual,Petrol,800,112043,1275000
car,Perodua,Viva Elite,2013,Automatic,Petrol,1000,77883,2630000
van,Suzuki,Every DA64,2016,Automatic,Petrol,650,74000,3975000
car,Suzuki,Wagon R FX,2017,Automatic,Petrol,650,60000,3150000
suv,Mitsubishi,Montero,2003,Manual,Petrol,3500,180000,5200000
car,Toyota,Vitz,2007,Automatic,Petrol,1000,92500,2800000
car,Suzuki,Alto,2011,Manual,Petrol,800,95000,1640000
car,Toyota,Premio G Superior,2011,Automatic,Petrol,1500,105000,5995000
car,Toyota,Corolla 121,2004,Automatic,Petrol,1600,141000,3150000
car,Suzuki,Alto,2015,Manual,Petrol,800,67500,1950000
car,Toyota,Yaris,2012,Automatic,Petrol,1300,90000,4175000
car,Suzuki,Wagon R Stingray,2018,Automatic,Hybrid,650,8500,3890000
car,Toyota,Roomy,2017,Automatic,Petrol,1000,28500,4965000
suv,Honda,Vezel RS Sensing,2018,Automatic,Hybrid,1500,10815,7475000
car,Micro,Panda Cross,2016,Manual,Petrol,1300,36000,1755000
van,Nissan,Vanette,2006,Manual,Diesel,2200,200000,3625000
car,Suzuki,Maruti,2011,Manual,Petrol,800,48400,1335000
car,Toyota,Premio G Superior,2017,Automatic,Petrol,1500,55000,9750000
car,Suzuki,Alto K10,2011,Manual,Petrol,1000,134000,1785000
car,Toyota,Passo,2011,Automatic,Petrol,1000,131000,2775000
car,Toyota,Premio G Superior,2020,Automatic,Petrol,1500,2300,11950000
van,Toyota,KDH,2006,Automatic,Diesel,2500,195000,6200000
car,Toyota,Carina,2000,Automatic,Petrol,1800,201000,2470000
car,Toyota,Aqua,2013,Automatic,Hybrid,1500,120000,3375000
van,Toyota,KDH 200,2010,Manual,Diesel,2500,150000,5825000
suv,Zotye,Nomad,2012,Manual,Petrol,1500,60000,2075000
car,Toyota,Tank,2018,Automatic,Petrol,1000,14654,5350000
van,Nissan,Caravan,2012,Automatic,Diesel,3000,149500,3800000
car,Tata,Indigo,2008,Manual,Diesel,1400,130000,1425000
car,Mazda,6,2019,Automatic,Petrol,2000,13852,14700000
car,Toyota,Corolla 141,2008,Automatic,Petrol,1600,120100,3600000
car,Toyota,Prius,2008,Automatic,Petrol,1800,145000,3040000
car,Toyota,Allion,2008,Automatic,Petrol,1500,97000,4950000
car,Toyota,Belta,2008,Automatic,Petrol,1300,122000,3125000
car,Toyota,Corolla Axio,2011,Automatic,Petrol,1500,110000,4950000
van,Mazda,Bongo,2006,Manual,Diesel,2200,255000,3290000
car,Perodua,Viva Elite,2011,Automatic,Petrol,1000,79800,2200000
car,Suzuki,Wagon R Stingray,2017,Automatic,Hybrid,650,39000,3685000
car,Suzuki,Wagon R FX,2017,Automatic,Hybrid,650,49000,3220000
car,Honda,Fit GP5,2013,Manual,Petrol,1300,85000,3800000
car,Toyota,Vios,2007,Automatic,Petrol,1500,131000,3225000
car,Suzuki,Alto,2010,Manual,Diesel,800,59000,1675000
car,Suzuki,Swift,2007,Automatic,Petrol,1500,98000,2590000
car,Mazda,Familia BJ5P,2000,Automatic,Petrol,1500,130000,1890000
car,Mazda,Axela,2004,Automatic,Petrol,1500,160000,3225000
car,Chery,QQ,2007,Manual,Petrol,800,99750,835000
car,Suzuki,Alto,2015,Manual,Petrol,800,26000,1850000
car,Suzuki,Swift,2006,Manual,Petrol,1300,85000,1950000
car,Suzuki,Alto,2006,Manual,Petrol,800,130000,1360000
car,Suzuki,Alto,2011,Manual,Petrol,800,71000,1685000
car,Suzuki,Maruti,2011,Manual,Petrol,800,76000,1295000
car,Toyota,Soluna,2003,Automatic,Petrol,1500,170000,1900000
car,Nissan,N17,2006,Automatic,Petrol,1500,110000,2850000
car,Honda,Civic,2009,Automatic,Petrol,1600,104000,3300000
van,Toyota,KDH 221,2014,Automatic,Diesel,3000,90500,8250000
car,Suzuki,Alto,2014,Manual,Petrol,800,57300,1730000
van,Toyota,KDH 200 Super GL,2007,Automatic,Diesel,2500,139538,6850000
car,Suzuki,Alto,2002,Manual,Petrol,800,100000,1325000
pickup,Mahindra,Bolero,2015,Manual,Diesel,2500,39850,2075000
car,Suzuki,Swift RS,2017,Automatic,Hybrid,1300,8800,4850000
car,Suzuki,Wagon R,2006,Manual,Petrol,650,150000,1525000
car,Suzuki,Alto 800 LXI,2011,Manual,Petrol,1000,79500,1640000
car,Honda,Fit GP1,2016,Automatic,Hybrid,1300,57000,2950000
car,Daihatsu,Mira,2015,Automatic,Diesel,650,39000,3050000
car,Renault,KWID,2017,Automatic,Petrol,1000,51000,2100000
car,Toyota,Allion 240,2003,Automatic,Petrol,1500,120000,3850000
car,Hyundai,Elantra,2001,Automatic,Petrol,1600,170000,1600000
car,Suzuki,Alto,2017,Automatic,Petrol,600,120000,2990000
car,Micro,Panda,2012,Manual,Petrol,1000,43000,1385000
car,Toyota,Allion 240,2007,Automatic,Petrol,1500,156800,4600000
car,Toyota,Premio 240,2001,Automatic,Petrol,1500,135000,3475000
car,Tata,Indica,2004,Manual,Petrol,1400,99854,975000
van,Nissan,Clipper,2017,Automatic,Petrol,650,49000,3200000
van,Honda,Freed,2012,Automatic,Petrol,1500,119000,3700000
van,Suzuki,Every,2014,Automatic,Petrol,650,105000,2975000
car,Suzuki,Estilo,2011,Manual,Petrol,1000,87000,2025000
car,Suzuki,Alto,2015,Automatic,Petrol,800,69000,1775000
van,Nissan,Vanette Lion Face,2000,Automatic,Diesel,2200,142000,2750000
car,Nissan,Sunny N17,2003,Manual,Petrol,1300,160000,2125000
suv,Toyota,CHR,2019,Automatic,Petrol,1500,6850,9550000
car,Toyota,Premio,2012,Automatic,Petrol,1500,111000,6350000
car,Toyota,Premio,2019,Automatic,Petrol,1500,12000,11000000
car,Suzuki,Alto,2015,Manual,Petrol,800,43700,2100000
car,Honda,Fit GP1,2013,Automatic,Petrol,1300,81000,2940000
car,Suzuki,Swift Center Antenna,2004,Automatic,Petrol,1400,121000,2375000
pickup,Mahindra,Bolero,2016,Manual,Diesel,2500,39000,2085000
car,Toyota,Axio G Grade,2007,Automatic,Petrol,1500,120000,4190000
van,Nissan,Clipper,2007,Automatic,Petrol,650,115000,1875000
car,Suzuki,Wagon R FZ,2014,Automatic,Hybrid,650,34000,2825000
van,Toyota,KDH Super GL,2008,Automatic,Diesel,2500,145000,6675000
car,Suzuki,Swift,2007,Automatic,Petrol,1300,128000,2520000
pickup,Toyota,Hilux,2017,Automatic,Diesel,3000,138500,11500000
car,Honda,Fit Shuttle,2016,Automatic,Hybrid,1500,61000,5225000
suv,Mitsubishi,Pajero,2001,Automatic,Diesel,3200,217000,10250000
van,Toyota,Dolphin,2003,Automatic,Diesel,3000,250000,6350000
suv,Mahindra,KUV 100 NXT,2020,Manual,Petrol,1200,119,3395000
car,Suzuki,Alto Japan,2016,Automatic,Petrol,650,16150,3425000
car,Suzuki,Maruti 800,2007,Manual,Petrol,800,90000,1100000
car,Toyota,Aqua,2016,Automatic,Hybrid,1500,58000,4690000
car,Honda,Civic,2017,Automatic,Petrol,1000,45000,5600000
car,Suzuki,Maruti 800,2005,Manual,Petrol,800,63000,1030000
van,Nissan,Clipper,2015,Automatic,Petrol,650,84000,3200000
car,Nissan,Leaf Azeo,2014,Automatic,Electric,70,85000,1950000
car,Honda,Fit GP5,2014,Automatic,Hybrid,1500,46000,3942000
car,Toyota,Allion 240,2002,Automatic,Petrol,1500,218000,3400000
car,Toyota,Aqua,2014,Automatic,Petrol,1500,88000,3600000
car,Toyota,Prius G Touring,2011,Automatic,Hybrid,1800,83500,4175000
van,Nissan,Clipper,2014,Automatic,Petrol,650,112000,2690000
car,Nissan,Super Saloon,2003,Automatic,Petrol,1500,136000,2050000
van,Nissan,Clipper,2016,Manual,Petrol,650,20000,1050000
suv,Mitsubishi,Outlander,2014,Automatic,Hybrid,2000,65000,8000000
car,Toyota,Axio,2007,Automatic,Petrol,1500,133250,4175000
car,Toyota,Aqua,2012,Automatic,Petrol,1500,71000,3050000
suv,Honda,Vezel Z Orange,2014,Automatic,Hybrid,1500,69800,5300000
car,Suzuki,Wagon R FX,2018,Automatic,Hybrid,650,17000,3590000
car,Tata,Indigo,2010,Manual,Petrol,1300,96000,1210000
car,Nissan,Super Saloon,2002,Manual,Petrol,1500,120000,2075000
car,Mitsubishi,CS1,2004,Automatic,Petrol,1300,240000,2450000
car,Nissan,Wingroad,2002,Automatic,Petrol,1500,110000,2050000
suv,Zotye,Nomad,2012,Manual,Petrol,1500,44400,1850000
pickup,Mahindra,Bolero,2016,Manual,Diesel,2500,42000,1665000
car,Toyota,Corolla 121,2003,Automatic,Petrol,1500,162800,3050000
car,Suzuki,Maruti 800,2006,Manual,Petrol,800,79000,1030000
car,Suzuki,Swift Beetle,2004,Automatic,Petrol,1300,137000,2390000
van,Micro,MPV Junior,2016,Manual,Petrol,1100,37500,1550000
car,Nissan,EX Saloon,2000,Automatic,Petrol,1500,73000,2295000
car,Nissan,FB15,2002,Automatic,Petrol,1500,150000,2500000
car,Nissan,Primera,2006,Manual,Petrol,1600,156000,1950000
car,Suzuki,Maruti,2005,Manual,Petrol,800,79135,1150000
suv,Honda,HRV,2000,Automatic,Petrol,1600,120000,2650000
van,Hyundai,H100,2001,Manual,Diesel,1700,426271,2000000
car,Perodua,Kelisa,2007,Automatic,Petrol,1000,88000,1750000
van,Daihatsu,Atrai,2016,Automatic,Petrol,650,32925,3160000
pickup,Nissan,Navara Aventura,2008,Manual,Diesel,2500,115000,3900000
van,Nissan,Vanette,2006,Manual,Diesel,2200,241000,2960000
car,Suzuki,Hustler,2017,Automatic,Petrol,650,58500,3285000
van,Toyota,Dolphin,2001,Manual,Diesel,2800,223340,4875000
car,Kia,Spectra,2002,Manual,Petrol,1600,145000,1060000
van,Toyota,KR42 Noah,2001,Automatic,Diesel,2200,150000,3650000
car,Suzuki,Wagon R Stingray,2018,Automatic,Hybrid,650,42000,3575000
van,Nissan,Caravan,2007,Automatic,Diesel,3000,190000,3490000
suv,Honda,Vezel RS,2016,Automatic,Hybrid,1500,57000,6525000
car,Toyota,Vitz,2009,Automatic,Petrol,1000,82300,3450000
car,Suzuki,Alto,2010,Manual,Petrol,800,140000,1630000
car,Micro,Panda LC 1.0,2015,Manual,Petrol,1000,58000,1525000
car,Suzuki,Alto,2015,Manual,Petrol,800,66000,1835000
car,Micro,Panda,2016,Manual,Petrol,1000,35128,1495000
car,Nissan,March,2007,Automatic,Petrol,1300,120000,2500000
car,Suzuki,Swift,2004,Automatic,Petrol,1300,141000,2425000
van,Suzuki,Every,2007,Automatic,Petrol,650,98250,2415000
car,Suzuki,Maruti 800,2006,Manual,Petrol,800,50900,1125000
car,Suzuki,Alto,2015,Manual,Petrol,800,260003,2230000
car,Toyota,Aqua,2013,Automatic,Petrol,1500,20000,3680000
car,Suzuki,Alto,2015,Manual,Petrol,800,54000,1910000
car,Toyota,Axio,2015,Automatic,Petrol,1500,54000,4700000
car,Micro,MX 7,2014,Manual,Petrol,1500,111372,1075000
car,Suzuki,Wagon R FZ,2015,Automatic,Hybrid,650,30000,3000000
van,Nissan,Clipper,2017,Automatic,Petrol,650,56000,3185000
car,Suzuki,Maruti,2011,Manual,Petrol,800,50000,1265000
suv,Hyundai,Tuscon,2012,Automatic,Diesel,2000,77300,5430000
pickup,Nissan,Navara,2007,Manual,Diesel,2500,133600,3750000
car,Toyota,Aqua X Urban,2015,Automatic,Hybrid,1500,9000,6500000
car,Suzuki,Maruti,2010,Manual,Petrol,800,65000,1190000
car,Suzuki,Wagon R Stingray,2014,Automatic,Petrol,650,16500,2800000
car,Mazda,Familia,2001,Automatic,Petrol,1500,134000,2175000
car,Honda,Fit GP5,2013,Automatic,Hybrid,1500,75000,3875000
car,Toyota,Vitz,2017,Automatic,Petrol,1000,23000,4800000
car,Suzuki,Wagon R,2015,Automatic,Hybrid,650,67000,2925000
car,Suzuki,Swift,2006,Manual,Petrol,1300,11100,2095000
car,Suzuki,Wagon R Stingray,2017,Automatic,Hybrid,650,20600,3150000
pickup,Toyota,Hilux Vigo,2007,Automatic,Diesel,3000,134000,6600000
car,Suzuki,SX4,2007,Automatic,Petrol,1500,100000,3150000
pickup,Mahindra,Bolero,2006,Manual,Diesel,2500,76500,1050000
car,Nissan,N17,2007,Automatic,Petrol,1300,235000,2825000
car,Nissan,March AK12,2008,Automatic,Petrol,1300,119000,2745000
car,Tata,Indica V2,2005,Manual,Petrol,1300,48000,975000
car,Honda,Civic FD3,2008,Automatic,Petrol,1400,190000,3350000
car,Honda,Insight,2011,Automatic,Hybrid,1300,115000,3200000
car,Suzuki,Maruti,2002,Manual,Petrol,800,421625,850000
car,Toyota,Corolla 121,2004,Automatic,Petrol,1500,179050,2950000
van,Toyota,KDH,2006,Manual,Diesel,2500,238800,5550000
van,Suzuki,Every,2000,Manual,Petrol,650,168650,1525000
car,Nissan,N16,2002,Automatic,Petrol,1500,132000,2590000
van,Suzuki,Every,2016,Automatic,Petrol,650,12280,3350000
van,Suzuki,DA64,2014,Automatic,Petrol,650,88000,2500000
car,Toyota,Vitz,2018,Automatic,Petrol,1000,3100,4275000
car,Daihatsu,Mira,2018,Automatic,Petrol,650,9850,3725000
car,Toyota,Prius,2009,Automatic,Hybrid,1800,145000,3150000
car,Suzuki,Alto K10,2011,Manual,Petrol,1000,77000,2250000
car,Toyota,Corolla,2000,Automatic,Diesel,2000,195000,1450000
pickup,Tata,Xenon,2016,Manual,Diesel,2500,59000,1825000
suv,Nissan,X-Trail,2015,Automatic,Hybrid,2000,49500,6251700
van,Toyota,KDH 200 Super GL,2006,Automatic,Diesel,2500,142000,6450000
car,Honda,Fit Shuttle,2013,Automatic,Hybrid,1300,79200,3750000
car,Toyota,Axio G Grade,2014,Automatic,Hybrid,1500,72000,4400000
car,Suzuki,Wagon R FX,2017,Automatic,Petrol,650,56300,3200000
car,Honda,Civic,2006,Automatic,Petrol,1800,203000,3650000
car,Toyota,Vitz,2008,Automatic,Petrol,1000,129000,3265000
car,Suzuki,Alto,2015,Manual,Petrol,800,56700,1795000
car,Nissan,March AK12,2003,Automatic,Petrol,1300,145000,2225000
car,Honda,Insight,2009,Automatic,Hybrid,1300,99791,2890000
car,Toyota,Axio X Grade,2008,Automatic,Petrol,1500,130000,4275000
van,Toyota,Noah,2007,Automatic,Petrol,1800,76000,4150000
car,Toyota,Premio G Superior,2013,Automatic,Petrol,1500,78500,6175000
car,Micro,Kyron,2012,Automatic,Diesel,2000,130000,4100000
car,Micro,Panda LC 1.0,2012,Manual,Petrol,1000,53450,1365000
car,Suzuki,Hustler,2017,Automatic,Petrol,650,48325,3490000
car,Perodua,Viva Elite,2011,Automatic,Petrol,1000,87000,2300000
car,Suzuki,Swift,2008,Automatic,Petrol,1500,101000,2700000
van,Toyota,KDH 201,2011,Automatic,Diesel,3000,96000,7490000
van,Toyota,KDH TRH GL,2015,Automatic,Petrol,2000,39700,6950000
car,Toyota,Corolla 110,2007,Automatic,Petrol,1500,159500,2050000
van,Mazda,Bongo,2006,Automatic,Diesel,2000,320000,3850000
car,Suzuki,Wagon R,2016,Automatic,Petrol,650,39000,2495000
car,Toyota,Aqua S Grade,2012,Automatic,Hybrid,1500,78000,3475000
car,Toyota,Allion,2010,Automatic,Petrol,1500,97000,5525000
car,Suzuki,Wagon R Stingray,2017,Automatic,Petrol,650,34000,2990000
suv,Mitsubishi,Outlander,2014,Automatic,Hybrid,2000,87000,7900000
pickup,Mahindra,Bolero,2016,Manual,Diesel,2500,51000,2125000
car,Nissan,Tiida,2008,Automatic,Petrol,1500,120000,3225000
car,Toyota,Vios,2005,Automatic,Petrol,1500,115000,3000000
pickup,Mitsubishi,L200,2007,Manual,Diesel,2500,233000,4950000
car,Toyota,Axio G Grade,2015,Automatic,Hybrid,1500,72000,5075000
car,Suzuki,Maruti,2001,Manual,Petrol,800,73000,850000
car,Nissan,N16,2005,Automatic,Petrol,1500,166000,2400000
car,Toyota,Axio,2016,Automatic,Hybrid,1500,61000,5790000
car,Suzuki,Alto,2015,Manual,Petrol,800,39800,1985000
van,Toyota,Dolphin 172 Super GL,2004,Manual,Diesel,3000,210400,5575000
car,Suzuki,Wagon R FZ,2017,Automatic,Hybrid,650,42000,3295000
pickup,Mahindra,Bolero,2015,Manual,Diesel,2500,40000,2290000
suv,Nissan,X-Trail,2016,Automatic,Petrol,2000,38000,7109000
car,Nissan,March K11,2002,Automatic,Petrol,1000,120250,1685000
car,Toyota,Aqua G Grade,2014,Automatic,Hybrid,1500,70000,3980000
van,Toyota,KDH Super GL,2015,Automatic,Petrol,2000,47900,7635900
car,Toyota,Axio,2014,Automatic,Hybrid,1500,128000,4775000
car,Honda,Grace,2017,Automatic,Petrol,1500,32000,5700000
van,Suzuki,Every,2007,Automatic,Petrol,800,110000,2360000
car,Mazda,Familia,2001,Automatic,Petrol,1500,96763,2595000
car,Toyota,Axio G Grade,2010,Automatic,Petrol,1500,148000,4850000
suv,Mitsubishi,Montero V6,2002,Automatic,Petrol,3500,123800,6000000
van,Suzuki,Every,2014,Automatic,Petrol,650,40240,2550000
car,Toyota,Premio,2016,Automatic,Petrol,1500,41800,8150000
car,Kia,Rio,2002,Manual,Petrol,1500,137000,1200000
car,Toyota,Carina,2000,Manual,Petrol,1500,120000,2450000
car,Suzuki,Alto,2016,Manual,Petrol,600,41800,2800000
car,Nissan,March K12,2003,Automatic,Petrol,1300,132000,2350000
car,Chery,QQ,2011,Manual,Petrol,800,104000,1000000
van,Suzuki,Every,2016,Automatic,Petrol,650,100000,2300000
car,Nissan,March,2010,Automatic,Petrol,1000,79000,2400000
car,Suzuki,Estilo,2010,Manual,Petrol,1000,245000,1650000
car,Suzuki,Wagon R,2007,Manual,Petrol,650,88300,1770000
car,Toyota,Allion 240,2004,Automatic,Petrol,1500,177000,3875000
car,Honda,N Box,2016,Automatic,Petrol,650,70000,3600000
car,Toyota,Allion,2009,Automatic,Petrol,1500,113000,4650000
suv,Mitsubishi,Montero V6,2004,Automatic,Petrol,3000,120000,5850000
car,Suzuki,Alto,2006,Manual,Petrol,800,112355,1275000
car,Suzuki,SX4,2011,Automatic,Petrol,1500,100000,3400000
car,Suzuki,Maruti,2005,Manual,Petrol,800,98000,1075000
car,Suzuki,Alto 800,2013,Manual,Petrol,800,73000,1880000
car,Suzuki,Alto Sport,2010,Manual,Petrol,800,120000,1565000
car,Mitsubishi,Lancer CS1,2004,Manual,Petrol,1300,173000,2290000
car,Honda,Fit Aria,2003,Automatic,Petrol,1500,150000,2750000
suv,Kia,Sorento,2011,Manual,Petrol,2300,27000,5500000
van,Mitsubishi,Mini Cab,2013,Automatic,Electric,650,58000,1750000
car,Suzuki,Alto Japan,2004,Automatic,Petrol,650,126100,1750000
car,Suzuki,Maruti 800,2005,Manual,Petrol,800,90000,1025000
car,Toyota,Allion,2008,Automatic,Petrol,1500,133000,4775000
van,Suzuki,Spacia,2016,Automatic,Electric,650,56000,3590000
car,Toyota,Prius,2013,Automatic,Hybrid,1800,77000,4490000
van,Nissan,Clipper,2017,Automatic,Petrol,650,60000,3250000
suv,Toyota,CHR GT TURBO,2019,Automatic,Petrol,1200,14000,7790000
car,Toyota,Avanza,2012,Automatic,Petrol,1500,48000,1200000
car,Toyota,Prius,2014,Automatic,Petrol,1800,85500,4950000
car,Suzuki,Liana,2006,Manual,Petrol,1300,162000,1980000
car,Toyota,Axio WXB,2019,Automatic,Hybrid,1500,4500,8085000
car,Suzuki,Swift,2005,Automatic,Petrol,1300,112295,2495000
suv,Honda,Vezel,2014,Automatic,Hybrid,1500,57000,4200000
car,Toyota,Aqua,2013,Automatic,Hybrid,1500,129050,3650000
car,Micro,Panda,2015,Manual,Petrol,1000,21000,1390000
car,Nissan,Leaf Azeo,2013,Automatic,Electric,70,37926,1550000
car,Perodua,Viva Elite,2011,Automatic,Petrol,1000,140000,2090000
van,Toyota,CR42,2001,Manual,Diesel,2200,110000,3950000
car,Toyota,Corolla 141,2007,Automatic,Petrol,1600,118000,3590000
car,Micro,MX 7,2009,Manual,Petrol,1600,79000,1800000
car,Suzuki,Alto Japan,2003,Automatic,Petrol,650,140000,1890000
car,Nissan,March K11,2000,Automatic,Petrol,1000,160000,1675000
car,Suzuki,Swift,2007,Manual,Petrol,1300,90000,2175000
van,Toyota,Noah,2000,Automatic,Petrol,1800,190000,3650000
car,Suzuki,Wagon R Stingray,2018,Automatic,Hybrid,650,29500,3750000
car,Toyota,Allion 260,2009,Automatic,Petrol,1500,90150,5250000
car,Toyota,Vitz,2007,Automatic,Petrol,1000,70000,3075000
van,Nissan,Caravan,2007,Automatic,Diesel,3000,200000,4500000
car,Toyota,Aqua,2012,Automatic,Hybrid,1500,159000,3450000
van,Nissan,Vanette,2000,Automatic,Diesel,2200,300500,3000000
car,Suzuki,Maruti 800,2012,Manual,Petrol,800,36200,1390000
car,Nissan,N17,2003,Manual,Petrol,1300,190000,2070000
car,Nissan,March K11,2000,Automatic,Petrol,1000,70000,1675000
car,Suzuki,Wagon R FZ,2017,Automatic,Hybrid,650,41100,2825000
suv,Toyota,RAV4,2000,Automatic,Petrol,2000,180000,3100000
car,Suzuki,Alto,2015,Manual,Petrol,800,66400,1720000
car,Suzuki,Alto Japan,2004,Automatic,Petrol,650,82711,1680000
car,Micro,Panda Cross,2017,Manual,Petrol,1300,24500,2300000
car,Suzuki,Wagon R Stingray,2018,Automatic,Hybrid,650,15000,3790000
car,Suzuki,Alto,2007,Manual,Petrol,800,97000,1325000
van,Toyota,KDH,2009,Automatic,Diesel,3000,190000,6300000
car,Nissan,Dayz,2017,Automatic,Petrol,650,22000,2925000
van,Suzuki,Every,2018,Automatic,Petrol,650,5000,4100000
suv,Toyota,CHR,2019,Automatic,Petrol,1200,3600,9200000
car,Honda,Insight,2018,Automatic,Petrol,1500,9800,10200000
car,Toyota,Axio,2016,Automatic,Hybrid,1500,54600,5850000
car,Suzuki,Maruti,2006,Manual,Petrol,800,89200,1075000
car,Suzuki,SX4,2012,Automatic,Petrol,1500,137000,3250000
car,Suzuki,Alto Sport,2011,Manual,Petrol,800,88000,1485000
car,Toyota,Corolla 141,2007,Manual,Diesel,2000,135000,3900000
car,Suzuki,Celerio VXI,2015,Automatic,Petrol,1000,55000,2225000
van,Suzuki,Every,2002,Automatic,Petrol,650,211268,1650000
van,Toyota,KDH 221,2012,Automatic,Diesel,3000,179800,7750000
car,Suzuki,Wagon R FX,2017,Automatic,Hybrid,650,80000,2825000
suv,Hyundai,Santa Fe,2007,Automatic,Diesel,2200,116000,4800000
van,Nissan,Clipper,2018,Automatic,Petrol,650,82000,2350000
van,Toyota,Noah KR42,2007,Automatic,Petrol,1200,140000,4100000
car,Toyota,IST,2007,Automatic,Petrol,1500,130000,3875000
suv,Honda,Vezel,2017,Automatic,Hybrid,1500,80000,7400000
van,Toyota,KDH,2006,Automatic,Petrol,2000,244000,4800000
car,Hyundai,Accent,2000,Manual,Petrol,1400,166000,1300000
suv,Mahindra,KUV 100,2020,Manual,Petrol,1200,89,3395000
van,Nissan,E25,2010,Automatic,Diesel,3000,220000,3800000
car,Suzuki,Swift,2003,Automatic,Petrol,1200,86000,2250000
car,Suzuki,Swift,2018,Automatic,Petrol,1000,18500,5975000
car,Suzuki,Wagon R FZ,2018,Automatic,Hybrid,650,15951,3130000
car,Chery,QQ,2011,Manual,Petrol,800,81000,975000
car,Nissan,N16,2003,Manual,Petrol,1300,156200,2100000
car,Nissan,N16,2002,Manual,Petrol,1500,189625,2275000
car,Micro,Panda,2015,Manual,Petrol,1000,20500,1575000
pickup,Toyota,Hilux Vigo,2007,Automatic,Diesel,3000,183000,6150000
car,Suzuki,Wagon R,2014,Automatic,Petrol,650,32000,2600000
car,Toyota,Axio X Grade,2017,Automatic,Hybrid,1500,51000,5725000
car,Suzuki,Wagon R Stingray,2016,Automatic,Hybrid,650,31500,3190000
car,Suzuki,Alto,2015,Manual,Petrol,800,51362,1962000
car,Suzuki,Wagon R Stingray,2015,Automatic,Hybrid,650,48600,2600000
van,Suzuki,Spacia,2019,Automatic,Hybrid,650,59800,3175000
suv,Toyota,Harrier,2003,Automatic,Petrol,3000,167000,4390000
car,Toyota,Premio,2019,Automatic,Petrol,1500,23500,10925000
car,Suzuki,Swift,2005,Manual,Petrol,1300,203000,1980000
car,Honda,Fit GP5,2013,Automatic,Hybrid,1500,81000,3500000
car,Perodua,Viva Elite,2010,Manual,Petrol,800,67000,1950000
suv,Mitsubishi,Montero,2000,Manual,Diesel,2800,165000,6050000
suv,Mitsubishi,Montero Sport,2012,Automatic,Diesel,2500,119000,8450000
car,Suzuki,Wagon R FX,2018,Automatic,Hybrid,650,35000,2700000
suv,Mitsubishi,Montero V6,2005,Manual,Diesel,2800,185000,6650000
car,Toyota,Allion,2008,Automatic,Petrol,1500,133000,4175000
suv,Micro,Rexton,2007,Automatic,Diesel,2700,169000,4250000
car,Suzuki,Maruti,2010,Manual,Petrol,800,61000,1265000
van,Toyota,KR42,2003,Automatic,Diesel,1800,150000,4150000
van,Toyota,Noah KR42,2006,Manual,Petrol,1900,138960,3600000
car,Honda,Fit GP5,2014,Automatic,Hybrid,1500,67000,3825000
car,Suzuki,Alto 800,2015,Manual,Petrol,800,75082,1800000
car,Toyota,Vitz,2005,Automatic,Petrol,1000,92000,3075000
car,Honda,Fit Shuttle,2012,Automatic,Petrol,1300,110000,3320000
car,Toyota,Vios,2004,Automatic,Petrol,1500,138000,2600000
car,Toyota,Vitz Edition 2,2018,Automatic,Petrol,1000,4000,5700000
car,Toyota,Camry,2003,Automatic,Petrol,2000,167000,3150000
car,Suzuki,Wagon R,2015,Automatic,Petrol,650,84000,3000000
pickup,Mahindra,Bolero,2016,Manual,Diesel,2500,27800,2055000
car,Suzuki,Wagon R,2015,Automatic,Petrol,650,72000,3025000
car,Tata,Nano,2011,Manual,Petrol,650,12000,695000
car,Chevrolet,Aveo,2008,Manual,Petrol,1300,78000,1750000
car,Hyundai,Matrix,2005,Automatic,Petrol,1600,140000,1850000
van,Nissan,Caravan,2005,Automatic,Diesel,3000,275800,4000000
car,Toyota,Premio,2011,Automatic,Petrol,1500,93000,5590000
car,Suzuki,Wagon R,2018,Automatic,Petrol,650,8014,3350000
car,Honda,Fit GP5,2014,Automatic,Hybrid,1500,63000,4500000
car,Suzuki,Alto,2018,Automatic,Petrol,650,9000,3750000
car,Nissan,Wingroad,2009,Automatic,Petrol,1500,139600,2950000
car,Micro,Trend,2012,Manual,Petrol,1100,55000,1095000
car,Nissan,FB15,2001,Automatic,Petrol,1500,136000,2475000
car,Suzuki,Wagon R FZ,2017,Automatic,Petrol,650,51000,2815000
car,Toyota,Premio F EX G Superior,2005,Automatic,Petrol,1500,149000,4050000
suv,Honda,Vezel,2017,Automatic,Hybrid,1500,32000,7550000
suv,Nissan,X-Trail,2015,Automatic,Petrol,2000,58100,6375000
suv,Honda,Vezel,2019,Automatic,Hybrid,1500,19000,8950000
car,Micro,Panda,2012,Manual,Petrol,1000,68000,1385000
car,Suzuki,Alto 800,2015,Manual,Petrol,800,35000,1765000
car,Toyota,Prius,2012,Automatic,Hybrid,1800,58200,4490000
car,Toyota,Corolla 121,2003,Automatic,Petrol,1500,110000,3185000
car,Micro,Panda,2014,Automatic,Petrol,1000,87423,1490000
car,Toyota,Aqua,2012,Automatic,Hybrid,1500,89600,3195000
car,Suzuki,Maruti 800,2006,Manual,Petrol,800,68000,1120000
car,Suzuki,Swift,2007,Automatic,Petrol,1300,51000,2460000
suv,Zotye,Nomad,2008,Manual,Petrol,1300,16000,1580000
car,Suzuki,Alto Sport,2016,Manual,Petrol,800,35600,1990000
van,Hyundai,H100,2000,Manual,Diesel,2200,300000,1200000
car,Suzuki,Wagon R Stingray,2018,Automatic,Petrol,650,18000,3750000
car,Suzuki,Maruti,2011,Manual,Petrol,800,76000,1225000
car,Suzuki,Wagon R,2017,Automatic,Hybrid,650,50000,2800000
car,Suzuki,Maruti,2005,Manual,Petrol,800,71000,990000
car,Chevrolet,Cruze,2003,Automatic,Petrol,1300,135000,2225000
pickup,Mahindra,Bolero,2013,Manual,Diesel,2500,107852,1475000
van,Toyota,KDH,2008,Automatic,Diesel,2900,100000,6700000
car,Suzuki,Maruti,2010,Manual,Petrol,800,53000,1175000
car,Suzuki,Wagon R,2017,Automatic,Petrol,650,29595,3425000
car,Suzuki,Alto,2015,Manual,Petrol,800,55000,1820000
car,Nissan,N17,2004,Manual,Petrol,1300,168000,2050000
van,Suzuki,Every,2007,Manual,Petrol,650,135000,2435000
car,Nissan,Sunny,2006,Automatic,Petrol,1500,138000,2525000
car,Toyota,Prius S Grade,2012,Automatic,Hybrid,1800,116000,3700000
car,Toyota,Axio G Grade,2015,Automatic,Hybrid,1500,55000,5500000
car,Toyota,Yaris,2007,Manual,Petrol,1300,133000,2975000
car,Nissan,March K12,2002,Automatic,Petrol,1300,221150,2400000
car,Toyota,Prius,2016,Automatic,Hybrid,1800,59000,7500000
suv,Mahindra,KUV 100 NXT,2020,Manual,Petrol,1200,180,3295000
car,Suzuki,Swift,2004,Automatic,Petrol,1300,81000,2150000
car,Suzuki,Wagon R FX,2018,Automatic,Hybrid,650,16000,3450000
car,Toyota,Axio Fielder,2014,Automatic,Hybrid,1500,145000,4450000
car,Suzuki,Alto,2015,Manual,Petrol,800,31000,1800000
car,Suzuki,Wagon R Stingray,2018,Automatic,Petrol,650,15300,3860000
pickup,Mahindra,Bolero,2018,Manual,Diesel,1500,21450,2375000
car,Perodua,Viva Elite,2010,Automatic,Petrol,1000,148979,2225000
van,Nissan,Vanette,2006,Manual,Diesel,2200,160000,2950000
car,Tata,Indigo,2006,Manual,Petrol,1400,128500,1275000
car,Suzuki,Alto,2015,Manual,Petrol,800,43000,1925000
car,Suzuki,Wagon R,2018,Automatic,Hybrid,650,52000,3360000
car,Honda,Fit,2012,Automatic,Hybrid,1300,94000,2875000
car,Honda,Grace,2015,Automatic,Hybrid,1500,48500,5275000
suv,Toyota,CHR,2017,Automatic,Hybrid,1800,24998,8300000
car,Toyota,Allion,2007,Automatic,Petrol,1500,140000,4600000
suv,Honda,Vezel,2014,Automatic,Petrol,1500,71000,4350000
car,Honda,Fit Shuttle,2013,Automatic,Hybrid,1300,104420,3475000
car,Suzuki,Wagon R FZ,2017,Automatic,Hybrid,650,40200,2990000
van,Toyota,KDH 201,2015,Automatic,Diesel,3000,98000,9425000
car,Toyota,Vios,2004,Automatic,Petrol,1500,165000,2850000
car,Suzuki,Alto,2012,Manual,Petrol,800,112000,1660000
car,Suzuki,Alto,2004,Manual,Petrol,800,130000,1220000
car,Suzuki,Alto,2015,Manual,Petrol,800,24000,2150000
car,Mazda,Familia,2000,Automatic,Petrol,1500,195000,1650000
car,Toyota,Premio G Superior,2019,Automatic,Petrol,1500,500,11800000
car,Suzuki,Wagon R Stingray,2015,Automatic,Petrol,650,70000,2550000
car,Nissan,FB15 Super Saloon,2002,Automatic,Petrol,1500,162300,2275000
car,Suzuki,Wagon R FX,2018,Automatic,Hybrid,650,33700,2725000
car,Chery,QQ,2011,Manual,Petrol,800,41000,1125000
car,Nissan,N16,2000,Manual,Petrol,1300,148548,1750000
van,Daihatsu,Atrai,2015,Automatic,Petrol,650,40000,2550000
suv,Toyota,CHR,2018,Automatic,Petrol,1200,10000,8510000
car,Suzuki,Wagon R FX,2017,Automatic,Hybrid,650,71525,3050000
suv,Hyundai,Santa Fe,2009,Automatic,Diesel,2200,200000,4450000
car,Suzuki,Wagon R FZ,2015,Automatic,Hybrid,650,17000,3400000
van,Suzuki,Every,2007,Automatic,Petrol,650,116000,2350000
car,Toyota,Vitz,2016,Automatic,Petrol,1000,26338,4950000
car,Suzuki,Wagon R,2016,Automatic,Hybrid,650,28000,2960000
car,Toyota,Corolla 121,2002,Automatic,Petrol,1500,170000,3325000
car,Toyota,Vitz,2016,Automatic,Petrol,1000,18600,5130000
van,Toyota,Noah KR42,2000,Automatic,Diesel,1800,206000,3200000
car,Mitsubishi,Lancer CS1,2008,Manual,Petrol,1300,124000,2850000
suv,Mitsubishi,Montero,2008,Automatic,Diesel,2800,185000,9850000
car,Toyota,Axio,2015,Automatic,Hybrid,1500,78000,5000000
car,Hyundai,Trajet,2000,Automatic,Diesel,2000,286323,1990000
car,Toyota,Premio,2015,Automatic,Petrol,1500,71000,7700000
car,Honda,Fit GP1,2013,Automatic,Hybrid,1300,93000,3300000
car,Toyota,Avanza,2007,Manual,Petrol,1300,88800,3325000
car,Toyota,Corolla 121,2003,Manual,Petrol,1500,181000,3190000
car,Honda,City,2000,Automatic,Petrol,1500,132000,1850000
car,Toyota,Vitz,2015,Automatic,Petrol,1000,36900,3597000
car,Suzuki,Wagon R Stingray,2015,Automatic,Petrol,650,63000,2925000
van,Suzuki,Every,2007,Manual,Petrol,650,60000,2050000
van,Toyota,Hiace KDH 201 GL,2008,Automatic,Diesel,2500,140000,6850000
car,Suzuki,Estilo,2011,Manual,Petrol,1000,41000,1750000
car,Toyota,Prius,2013,Automatic,Hybrid,1800,93000,4850000
car,Toyota,Premio,2019,Automatic,Petrol,1500,15000,11300000
car,Toyota,Axio,2013,Automatic,Hybrid,1500,105305,4700000
car,Suzuki,Alto,2015,Manual,Petrol,800,47000,1980000
car,Tata,Nano,2012,Manual,Petrol,650,60000,1110000
car,Suzuki,Alto,2015,Manual,Petrol,800,103900,1815000
car,Toyota,Prius G Touring,2014,Automatic,Petrol,1800,110000,4900000
car,Toyota,Premio,2018,Automatic,Petrol,1500,33000,10550000
van,Daihatsu,Hijet,2004,Manual,Petrol,650,120000,1375000
car,Toyota,Axio G Grade,2015,Automatic,Hybrid,1500,76400,5390000
car,Suzuki,Maruti 800,2011,Manual,Petrol,800,69000,1290000
suv,Mitsubishi,Outlander,2016,Automatic,Petrol,2000,17000,11000000
car,Toyota,Vitz,2015,Automatic,Petrol,1000,81000,4375000
car,Toyota,Carina,2000,Automatic,Petrol,1500,180356,2275000
car,Suzuki,Wagon R Stingray,2014,Automatic,Petrol,650,66400,2825000
car,Suzuki,Wagon R,2018,Automatic,Petrol,650,20000,3690000
car,Toyota,Premio,2018,Automatic,Petrol,1500,11960,10575000
car,Suzuki,Ignis,2016,Automatic,Hybrid,1300,41000,4250000
car,Suzuki,Alto Sport,2015,Manual,Petrol,800,2896,2200000
van,Suzuki,Every,2017,Automatic,Petrol,650,18500,2900000
car,Tata,Nano Twist,2015,Manual,Petrol,800,58213,1275000
van,Nissan,Caravan,2007,Manual,Diesel,2600,163000,4250000
car,Toyota,Axio,2007,Automatic,Petrol,1500,134000,3975000
car,Suzuki,Wagon R,2017,Automatic,Hybrid,650,28000,3450000
car,Toyota,Corolla 141,2008,Automatic,Petrol,1600,106094,3735000
car,Toyota,Allion 240,2003,Automatic,Petrol,1500,120000,3450000
car,Nissan,N16,2001,Manual,Petrol,1500,196000,2300000
car,Suzuki,Wagon R Stingray,2019,Automatic,Hybrid,650,22000,3250000
car,Suzuki,Wagon R Stingray,2017,Automatic,Petrol,650,39000,3600000
car,Toyota,Aqua,2012,Automatic,Petrol,1500,124000,2970000
car,Renault,KWID,2016,Manual,Petrol,800,98000,1750000
car,Hyundai,Sonata,2000,Automatic,Petrol,2000,154000,920000
car,Suzuki,Wagon R FZ,2017,Automatic,Hybrid,650,40000,3150000
car,Suzuki,Alto,2008,Manual,Petrol,800,55000,1390000
car,Toyota,Premio G Superior,2017,Automatic,Petrol,1500,49000,9390000
car,Toyota,Aqua,2014,Automatic,Hybrid,1500,69000,3800000
car,Zotye,Z100,2017,Manual,Petrol,1000,25000,1950000
van,Nissan,Vanette Lion Face,2000,Automatic,Diesel,2200,198000,2575000
car,Toyota,Prius 3rd Generation,2011,Automatic,Petrol,1800,120000,4000000
car,Toyota,Vios,2005,Automatic,Petrol,1500,182000,2700000
car,Hyundai,Elantra,2000,Automatic,Petrol,1600,115000,1425000
car,Honda,Insight,2011,Automatic,Petrol,1100,140000,3100000
van,Toyota,KDH 201,2008,Automatic,Diesel,3000,196000,6100000
car,Tata,Indigo,2015,Manual,Petrol,1200,68540,1900000
car,Honda,Fit GP5,2015,Automatic,Hybrid,1500,37594,4175000
van,Suzuki,Every,2012,Automatic,Petrol,650,139000,2585000
car,Toyota,Axio G Grade,2007,Automatic,Petrol,1500,158000,3975000
suv,Toyota,CHR GT TURBO,2019,Automatic,Petrol,1200,6230,9225000
van,Suzuki,Every,2007,Automatic,Petrol,650,180300,2375000
van,Suzuki,Every,2000,Manual,Petrol,650,105000,1675000
suv,Kia,Sorento,2011,Manual,Diesel,2200,112000,5800000
van,Suzuki,Spacia,2017,Automatic,Hybrid,650,80000,3195000
car,Suzuki,Wagon R Stingray,2018,Automatic,Petrol,650,31100,3850000
car,Tata,Indigo,2008,Manual,Petrol,1500,85000,1275000
suv,Mitsubishi,Montero,2006,Automatic,Diesel,2800,86000,9350000
car,Toyota,Corolla 141,2008,Automatic,Petrol,1600,140000,3560000
car,Toyota,Vitz,2018,Automatic,Petrol,1000,4780,4175000
car,Toyota,Premio,2014,Automatic,Petrol,1500,121000,6000000
car,Toyota,Vitz,2007,Automatic,Petrol,1000,88000,2780000
car,Chevrolet,Cruze,2001,Automatic,Petrol,1300,189500,1875000
car,Micro,Trend,2009,Manual,Petrol,1000,65000,925000
car,Nissan,Dayz Highway Star,2016,Automatic,Petrol,650,22900,2900000
car,Zotye,Z100,2016,Manual,Petrol,1000,10000,1900000
car,Kia,Picanto,2016,Automatic,Petrol,1000,55000,3140000
car,Suzuki,Alto,2015,Manual,Petrol,800,73000,1760000
car,Tata,Indica,2005,Manual,Petrol,1500,74000,960000
car,Toyota,Prius,2015,Automatic,Hybrid,1800,111000,4650000
car,Micro,Trend,2012,Manual,Petrol,1300,48000,1175000
car,Honda,Fit Shuttle,2013,Automatic,Hybrid,1300,137000,3490000
pickup,Mitsubishi,L200,2014,Manual,Diesel,2500,99649,4795000
car,Toyota,Roomy,2017,Automatic,Petrol,1000,11520,4650000
car,Suzuki,Wagon R Stingray,2017,Automatic,Hybrid,650,58000,3200000
van,Micro,MPV Junior,2012,Manual,Petrol,1000,51883,1350000
car,Tata,Nano,2011,Manual,Petrol,650,100000,880000
car,Suzuki,A-Star,2010,Manual,Petrol,1000,63000,1800000
van,Daihatsu,Hijet,2018,Automatic,Petrol,650,13500,2625000
car,Micro,Panda,2011,Manual,Petrol,1000,9400,1265000
car,Suzuki,Wagon R Stingray,2014,Automatic,Petrol,650,43000,2750000
car,Suzuki,Celerio,2014,Automatic,Petrol,1000,30000,2990000
car,Nissan,N16,2001,Manual,Petrol,1500,244600,2225000
pickup,Mahindra,Bolero,2015,Manual,Diesel,2500,52452,1670000
car,Toyota,Premio,2004,Automatic,Petrol,1500,180000,3550000
car,Tata,Indica,2007,Manual,Petrol,1400,51000,1090000
car,Nissan,Sunny,2000,Automatic,Petrol,1300,160000,2125000
car,Toyota,Prius S Touring,2013,Automatic,Hybrid,1800,68000,4990000
car,Nissan,AD WAGON VY11,2008,Automatic,Petrol,1500,175000,2350000
car,Toyota,Premio G Superior,2016,Automatic,Petrol,1500,25000,8990000
car,Suzuki,Wagon R ,2007,Automatic,Petrol,650,123000,2050000
car,Toyota,Prius S Touring,2014,Automatic,Petrol,1800,52000,4350000
car,Nissan,FB15,2003,Automatic,Petrol,1500,150000,2600000
van,Toyota,KDH 201 Super GL,2011,Automatic,Diesel,3000,103000,7750000
car,Toyota,Vitz,2002,Automatic,Petrol,1000,147000,2200000
car,Tata,Indica V2,2006,Manual,Petrol,1400,110000,995000
car,Suzuki,Alto K10,2015,Automatic,Petrol,1000,39000,2495000
car,Suzuki,Maruti 800,2006,Manual,Petrol,800,57000,1090000
van,Toyota,KDH TRH GL,2014,Automatic,Petrol,2000,70000,7590000
car,Nissan,N16 Super Saloon,2004,Automatic,Petrol,1300,136000,2350000
car,Micro,Trend,2009,Manual,Petrol,1000,63000,1050000
suv,Mitsubishi,Montero,2004,Automatic,Petrol,3000,106071,6150000
van,Suzuki,Omni,2000,Manual,Petrol,800,80000,1130000
car,Toyota,Axio X Grade,2013,Automatic,Hybrid,1500,66000,4450000
van,Suzuki,Spacia Custom,2018,Automatic,Hybrid,650,91000,3500000
car,Toyota,Corolla 121,2004,Manual,Petrol,1500,186000,3100000
car,Toyota,Vitz,2018,Automatic,Petrol,1000,35000,5375000
car,Suzuki,Alto 800 LXI,2014,Manual,Petrol,800,76000,1785000
car,Toyota,Axio,2015,Automatic,Hybrid,1500,87000,5275000
car,Micro,MX 7,2012,Manual,Petrol,1500,82000,1675000
car,Toyota,Axio,2015,Automatic,Hybrid,1500,13000,5475000
car,Nissan,Leaf,2015,Automatic,Electric,80,70000,1900000
car,Toyota,Axio,2007,Automatic,Petrol,1500,135000,3550000
car,Suzuki,Estilo,2011,Manual,Petrol,1000,89000,2060000
car,Toyota,Vitz,2018,Automatic,Petrol,1000,9300,5375000
car,Zotye,Z100,2017,Manual,Petrol,1000,37000,1625000
van,Suzuki,Every,2006,Automatic,Petrol,650,50000,1575000
car,Perodua,Viva Elite,2010,Manual,Petrol,1000,80165,2075000
car,Honda,Fit GP1,2013,Automatic,Hybrid,1500,100050,3480000
suv,Kia,Sportage,2011,Automatic,Petrol,2000,98000,4800000
car,Toyota,Prius 2nd Generation,2009,Automatic,Hybrid,1500,148300,3600000
car,Honda,Grace,2014,Automatic,Hybrid,1500,64000,4750000
car,Toyota,Corolla 121,2001,Automatic,Petrol,1500,174000,3350000
car,Suzuki,SX4,2008,Automatic,Petrol,1500,126140,3025000
car,Nissan,Cefiro,2000,Automatic,Petrol,2000,195000,1860000
car,Suzuki,A-Star,2012,Manual,Petrol,1000,72000,2025000
car,Suzuki,Wagon R Stingray,2018,Automatic,Hybrid,650,20000,3975000
car,Toyota,Allion,2010,Automatic,Petrol,1500,86000,5600000
car,Suzuki,Wagon R,2018,Automatic,Hybrid,650,49850,3425000
car,Tata,Nano,2012,Manual,Petrol,650,93000,925000
car,Suzuki,Alto 800 LXI,2011,Manual,Petrol,800,30477,1550000
car,Toyota,Axio,2014,Automatic,Hybrid,1500,119000,4300000
car,Nissan,Wingroad,2000,Automatic,Petrol,1500,150000,1800000
car,Toyota,Axio G Grade,2008,Automatic,Petrol,1800,194000,4390000
car,Toyota,Prius,2011,Automatic,Petrol,1800,68000,3800000
car,Chevrolet,Cruze,2004,Automatic,Petrol,1300,103000,2375000
car,Suzuki,Alto,2015,Manual,Petrol,800,128000,1965000
van,Toyota,KR42 Noah,2001,Manual,Diesel,2200,110000,3575000
van,Toyota,KDH 201,2011,Automatic,Diesel,3000,104330,7850000
car,Honda,City,2020,Automatic,Petrol,1000,1650,8850000
car,Renault,KWID,2016,Manual,Petrol,800,23400,1840000
car,Toyota,Passo,2004,Automatic,Petrol,1000,124000,2050000
van,Nissan,Caravan,2004,Manual,Diesel,2700,200000,2950000
car,Suzuki,Alto,2015,Manual,Petrol,800,60000,1920000
car,Datsun,Redi-GO,2017,Manual,Petrol,800,32500,1810000
car,Honda,Fit,2012,Automatic,Hybrid,1300,66600,3525000
van,Mazda,Brawny,2008,Manual,Diesel,2000,207008,3190000
car,Toyota,Premio,2016,Automatic,Petrol,1500,34900,8750000
suv,Honda,Vezel,2014,Automatic,Hybrid,1500,72000,4975000
car,Mazda,Demio,2010,Automatic,Petrol,1300,82000,3000000
car,Mazda,Familia,2003,Manual,Petrol,1300,125000,1750000
van,Toyota,KDH Super GL,2008,Automatic,Diesel,2500,145100,6675000
car,Suzuki,Wagon R Stingray,2014,Automatic,Hybrid,650,24621,3175000
car,Hyundai,Accent,2001,Manual,Petrol,1300,170000,1310000
car,Toyota,Aqua,2015,Automatic,Petrol,1500,80000,4500000
van,Nissan,E25,2005,Manual,Diesel,3000,105000,4475000
car,Toyota,Allion,2013,Automatic,Petrol,1400,190000,4950000
car,Toyota,Prius 3rd Generation,2012,Automatic,Petrol,1800,161000,4550000
car,Suzuki,Maruti,2008,Manual,Petrol,800,66200,1150000
suv,Toyota,CHR,2018,Automatic,Petrol,1200,14000,8425000
car,Suzuki,Maruti,2006,Manual,Petrol,800,62000,1120000
car,Chevrolet,Cruze,2003,Automatic,Petrol,1300,112000,1950000
car,Nissan,Bluebird,2005,Automatic,Petrol,1500,209000,2750000
car,Suzuki,Alto Sport,2015,Manual,Petrol,800,42400,2057000
car,Suzuki,Wagon R,2008,Manual,Petrol,650,100000,2000000
car,Tata,Indica,2012,Manual,Petrol,1200,51000,1195000
car,Hyundai,Accent,2006,Manual,Petrol,1500,165900,1590000
car,Toyota,Vitz,2018,Automatic,Petrol,1000,23500,5200000
car,Honda,Grace,2017,Automatic,Hybrid,1500,61000,5775000
car,Suzuki,Alto K10,2012,Manual,Petrol,1000,117000,1600000
van,Toyota,KDH Super GL,2009,Automatic,Diesel,3000,135000,6900000
car,Toyota,Corolla 141,2007,Automatic,Petrol,1600,123000,3475000
car,Toyota,Vitz,2001,Automatic,Petrol,1000,130000,2100000
car,Datsun,Redi-GO,2016,Manual,Petrol,800,38000,1775000
car,Suzuki,Maruti 800,2006,Manual,Petrol,800,75000,1065000
pickup,Mahindra,Bolero,2015,Manual,Diesel,2500,99000,1850000
car,Toyota,Belta,2008,Automatic,Petrol,1300,105000,3400000
pickup,Toyota,Hilux Revo,2016,Automatic,Diesel,3000,89000,8600000
car,Suzuki,Alto,2012,Manual,Petrol,800,73000,1690000
car,Toyota,Corolla 141,2011,Automatic,Petrol,1500,87000,3900000
car,Chery,QQ,2007,Manual,Petrol,800,62248,1100000
car,Micro,Trend,2012,Manual,Petrol,1000,80000,1125000
car,Suzuki,Zen,2004,Manual,Petrol,1000,142000,1200000
pickup,Mitsubishi,L200 Sportero,2005,Manual,Diesel,2800,200000,3750000
car,Hyundai,Sonata,2000,Automatic,Petrol,2000,179874,1195000
suv,Honda,Vezel RS Sensing,2020,Automatic,Petrol,1500,3800,9290000
car,Nissan,FB15 Super Saloon,2005,Automatic,Petrol,1500,171000,2500000
car,Honda,Civic ES8,2001,Manual,Petrol,1500,131000,2390000
car,Toyota,Prius,2014,Automatic,Hybrid,1800,56000,4700000
car,Toyota,Corolla 121,2003,Automatic,Petrol,1500,114300,3200000
car,Suzuki,Wagon R Stingray,2017,Automatic,Petrol,650,7563,3950000
car,Suzuki,Maruti,2007,Manual,Diesel,800,40384,1150000
car,Suzuki,Alto Sport,2015,Manual,Petrol,800,48000,1895000
van,Toyota,Townace Noah,2011,Automatic,Petrol,1800,85000,3275000
car,Suzuki,Zen,2000,Manual,Petrol,1000,90350,975000
car,Suzuki,Maruti,2010,Manual,Petrol,800,70000,1275000
car,Suzuki,Alto,2006,Manual,Petrol,800,93500,1400000
van,Nissan,Vanette,2001,Automatic,Petrol,1800,250000,2650000
car,Suzuki,Alto,2015,Manual,Petrol,800,25000,2150000
car,Mazda,RX-8,2016,Manual,Diesel,1300,35820,1450000
car,Daihatsu,Mira,2007,Automatic,Petrol,650,87000,2250000
car,Suzuki,Swift,2008,Automatic,Petrol,1300,72100,2300000
suv,Mitsubishi,Montero,2000,Automatic,Petrol,3500,140000,5100000
car,Toyota,Premio,2007,Automatic,Petrol,1500,165000,5150000
pickup,Mahindra,Bolero,2014,Manual,Diesel,2500,32500,1320000
car,Toyota,Avanza,2012,Manual,Petrol,1300,71000,4025000
car,Toyota,Aqua,2012,Automatic,Hybrid,1500,120000,3600000
suv,Honda,Vezel RS Sensing,2018,Automatic,Hybrid,1500,59000,7850000
car,Suzuki,Alto,2014,Manual,Petrol,800,94000,1750000
car,Toyota,Prius S Grade,2013,Automatic,Hybrid,1800,104000,4390000
suv,Toyota,Fortuner,2013,Automatic,Diesel,3000,80000,10700000
car,Perodua,Viva Elite,2011,Manual,Petrol,1000,52000,1850000
van,Mitsubishi,Mini Cab,2015,Automatic,Petrol,900,144500,2350000
car,Toyota,Axio,2018,Automatic,Hybrid,1500,3751,7300000
van,Toyota,KDH 200 Super GL,2007,Automatic,Diesel,2500,220000,6650000
car,Renault,KWID,2016,Manual,Petrol,800,35857,2095000
car,Toyota,Aqua,2012,Automatic,Hybrid,1500,105000,3425000
suv,Honda,Vezel RS,2017,Automatic,Petrol,1500,67000,7200000
van,Toyota,KDH 200 Super GL,2005,Manual,Diesel,2500,307000,5200000
car,Suzuki,Alto Sport,2011,Manual,Petrol,800,79450,1675000
car,Suzuki,Maruti,2006,Manual,Petrol,800,76000,1080000
van,Mazda,Bongo,2006,Manual,Diesel,2000,263100,2750000
car,Nissan,FB15,2000,Automatic,Petrol,1500,150000,2375000
car,Honda,City,2000,Automatic,Petrol,1500,164000,1800000
car,Nissan,Leaf,2003,Automatic,Electric,70,43000,1350000
car,Nissan,Leaf G Grade,2014,Automatic,Electric,70,51000,2050000
car,Honda,Fit Shuttle,2014,Automatic,Petrol,1300,40000,4490000
car,Toyota,Premio,2008,Automatic,Petrol,1500,145000,4375000
suv,Honda,Vezel Z Orange,2014,Automatic,Hybrid,1500,68879,4875000
suv,Honda,Vezel Z Grade,2014,Automatic,Petrol,1500,112863,4825000
car,Toyota,Belta,2007,Automatic,Petrol,1300,93000,3725000
car,Toyota,Allion,2007,Automatic,Petrol,1500,120000,4250000
car,Suzuki,Alto,2015,Manual,Petrol,800,82000,1950000
car,Nissan,Leaf,2014,Automatic,Electric,70,75000,2195000
van,Toyota,Voxy,2014,Automatic,Petrol,1800,59600,6990000
car,Suzuki,Alto,2015,Manual,Petrol,800,47056,1815000
car,Nissan,Bluebird,2001,Automatic,Petrol,1800,210000,1825000
car,Honda,Fit GP5,2014,Automatic,Hybrid,1500,56000,3650000
car,Suzuki,Wagon R FX,2018,Automatic,Petrol,650,47000,3200000
suv,Toyota,CHR GT TURBO,2017,Automatic,Petrol,1200,16000,8890000
van,Suzuki,Every,2006,Manual,Petrol,650,207000,1725000
car,Nissan,Leaf,2012,Automatic,Electric,80,90261,1975000
car,Nissan,March K11,2000,Automatic,Petrol,1300,220000,1650000
car,Nissan,March K11,2001,Automatic,Petrol,1000,96000,1885000
car,Suzuki,Celerio VXI,2015,Automatic,Petrol,1000,44000,2310000
car,Hyundai,Sonata,2001,Automatic,Petrol,2000,160000,1095000
car,Toyota,Corolla,2004,Automatic,Petrol,1500,140000,4000000
van,Nissan,E25,2007,Automatic,Diesel,3000,100300,4050000
car,Suzuki,Hustler,2015,Automatic,Petrol,650,71000,3075000
van,Toyota,KR42,2002,Automatic,Petrol,1800,142000,3250000
van,Suzuki,Every DA64,2012,Automatic,Petrol,650,21576,2675000
car,Kia,Rio,2002,Automatic,Petrol,1500,89000,1325000
car,Suzuki,A-Star,2011,Automatic,Petrol,1000,78000,2050000
car,Suzuki,Alto 800,2006,Manual,Petrol,800,120000,1345000
car,Suzuki,Hustler,2016,Automatic,Hybrid,650,48000,2450000
car,Honda,Fit Shuttle,2012,Automatic,Petrol,1300,107500,3350000
suv,Honda,Vezel Z Grade,2016,Automatic,Petrol,1500,79500,5975000
car,Suzuki,Alto Japan,2003,Automatic,Petrol,650,140000,1880000
car,Micro,Trend,2011,Manual,Petrol,1100,50000,995000
car,Toyota,Aqua,2014,Automatic,Petrol,1500,3875,4875000
car,Suzuki,Maruti,2006,Manual,Petrol,800,110000,1110000
car,Toyota,Axio,2015,Automatic,Hybrid,1500,76500,4750000
car,Toyota,Prius,2014,Automatic,Hybrid,1800,140000,5160000
van,Suzuki,Every,2017,Automatic,Petrol,650,58000,3100000
van,Nissan,Vanette,2006,Manual,Diesel,2000,95855,3100000
car,Kia,Spectra,2001,Automatic,Petrol,1600,144433,1375000
car,Suzuki,Wagon R,2006,Manual,Petrol,650,103000,1620000
van,Suzuki,Every,2009,Manual,Petrol,650,174000,1590000
car,Toyota,Premio 240,2002,Automatic,Petrol,1500,198000,3475000
car,Suzuki,Alto,2015,Manual,Petrol,800,78000,1790000
car,Toyota,Vitz Edition 2,2018,Automatic,Petrol,1000,18000,5125000
pickup,Toyota,Hilux,2007,Manual,Diesel,3000,100000,5700000
suv,Toyota,CHR,2017,Automatic,Petrol,1200,43000,7650000
car,Toyota,Roomy,2018,Automatic,Petrol,1000,7200,5300000
car,Honda,Civic FD3,2010,Automatic,Hybrid,1300,116000,3190000
car,Toyota,Allion 260,2009,Automatic,Petrol,1500,72500,5275000
car,Honda,Fit GP5,2014,Automatic,Hybrid,1500,82000,3850000
car,Nissan,Sunny,2001,Manual,Petrol,1300,140000,1775000
car,Nissan,Bluebird,2000,Manual,Diesel,2000,169000,1750000
car,Suzuki,Maruti 800,2005,Manual,Petrol,800,100000,1100000
car,Honda,Fit GP1,2012,Automatic,Petrol,1300,84000,3290000
car,Toyota,Aqua,2012,Automatic,Petrol,1500,50000,3150000
car,Toyota,Aqua G Grade,2014,Automatic,Hybrid,1500,59000,3990000
car,Toyota,Premio,2006,Automatic,Petrol,1500,205000,4290000
car,Suzuki,Alto,2015,Manual,Petrol,800,44000,1890000
car,Toyota,Vitz,2017,Automatic,Petrol,1000,44000,4790000
car,Suzuki,Wagon R,2018,Automatic,Hybrid,650,2300,3700000
car,Micro,Panda,2015,Manual,Petrol,1000,37000,1600000
car,Perodua,Viva Elite,2009,Automatic,Petrol,1000,112000,2150000
car,Toyota,Aqua,2014,Automatic,Hybrid,1500,55227,3850000
van,Toyota,KDH GL,2012,Automatic,Petrol,2000,74207,5700000
car,Toyota,Vitz,2016,Automatic,Petrol,1000,30700,4350000
car,Suzuki,Alto 800,2015,Manual,Petrol,800,72000,1980000
van,Toyota,KDH Super GL,2014,Automatic,Diesel,3000,85083,8275000
car,Toyota,IST,2009,Automatic,Petrol,1500,86600,4200000
car,Suzuki,Wagon R Stingray,2014,Automatic,Petrol,650,61000,2935000
suv,Nissan,X-Trail,2007,Automatic,Petrol,2000,131000,4450000
van,Toyota,Dolphin 172 Super GL,2000,Manual,Diesel,2800,225000,5500000
car,Chery,QQ,2008,Manual,Petrol,800,107200,980000
suv,Honda,Vezel Z Orange,2014,Automatic,Hybrid,1500,89000,4890000
car,Perodua,Viva Elite,2011,Automatic,Petrol,1000,45000,2090000
car,Suzuki,Maruti,2003,Manual,Petrol,800,104811,1450000
car,Suzuki,Swift,2008,Automatic,Petrol,1500,109000,2650000
car,Suzuki,Maruti,2005,Manual,Petrol,800,55000,935000
car,Suzuki,Alto K10,2012,Manual,Petrol,1000,117000,1890000
suv,Kia,Sorento,2004,Manual,Diesel,2200,100000,3200000
car,Toyota,Premio G Superior,2014,Automatic,Petrol,1500,67000,6790000
car,Nissan,Sunny FB15,2000,Automatic,Petrol,1500,140000,2275000
car,Toyota,Vitz,2010,Automatic,Petrol,1000,150000,3500000
van,Nissan,Vanette,2000,Automatic,Petrol,1800,94300,2490000
car,Honda,Fit Aria,2007,Automatic,Petrol,1500,118000,2850000
car,Suzuki,Maruti,2007,Manual,Petrol,800,70000,1135000
car,Toyota,Prius S Touring,2011,Automatic,Hybrid,1800,126306,3800000
car,Suzuki,Swift,2017,Automatic,Petrol,1300,6000,5500000
car,Suzuki,Wagon R Stingray,2015,Automatic,Hybrid,650,64000,2650000
van,Toyota,KDH,2017,Automatic,Diesel,2500,75000,9500000
car,Suzuki,Wagon R Stingray,2014,Automatic,Petrol,650,40000,2650000
car,Tata,Nano,2015,Manual,Petrol,650,63976,1145000
car,Toyota,Vios,2003,Automatic,Petrol,1500,135000,2600000
car,Suzuki,Swift,2008,Manual,Petrol,1300,160000,2075000
car,Toyota,Aqua,2012,Automatic,Hybrid,1500,76000,3350000
pickup,Mahindra,Bolero,2011,Manual,Diesel,2500,112000,1450000
car,Suzuki,Alto Japan,2010,Automatic,Petrol,650,87000,2635000
van,Toyota,KR42,2003,Automatic,Petrol,1800,123000,3790000
car,Honda,Civic ES8,2004,Automatic,Petrol,1500,205000,2975000
car,Toyota,Aqua X Urban,2015,Automatic,Petrol,1500,35000,4550000
car,Suzuki,Wagon R Stingray,2015,Automatic,Petrol,650,67500,2500000
pickup,Mahindra,Bolero,2015,Manual,Diesel,2500,25600,1720000
car,Nissan,Dayz,2016,Automatic,Petrol,650,42000,3050000
suv,Honda,Vezel RS,2018,Automatic,Petrol,1500,48000,7250000
car,Suzuki,Swift,2004,Automatic,Petrol,1300,96200,2350000
car,Suzuki,Wagon R FX,2018,Automatic,Hybrid,650,39000,2750000
pickup,Nissan,Navara Aventura,2007,Automatic,Diesel,2500,111550,4250000
car,Suzuki,Maruti,2004,Manual,Petrol,800,108000,1040000
car,Tata,Indica,2007,Manual,Petrol,1300,120000,1350000
car,Nissan,FB15 Ex Saloon,2001,Automatic,Petrol,1500,138000,2475000
car,Suzuki,Maruti,2009,Manual,Petrol,800,62000,1273000
car,Toyota,Aqua G Sport,2014,Automatic,Petrol,1500,53156,5250000
car,Toyota,Corolla 121,2003,Automatic,Petrol,1500,107000,3690000
car,Suzuki,Swift,2003,Automatic,Petrol,1300,121000,2280000
van,Nissan,Vanette,2008,Automatic,Petrol,1800,89000,3650000
car,Toyota,Prius,2007,Automatic,Hybrid,1800,90000,2800000
car,Nissan,FB15,2005,Automatic,Petrol,1500,125000,2700000
car,Suzuki,Wagon R FZ,2015,Automatic,Petrol,650,29000,2885000
car,Mazda,Familia,2000,Manual,Petrol,1500,115000,1800000
van,Suzuki,Every,2018,Manual,Petrol,650,8130,4080000
car,Suzuki,Swift Center Antenna,2004,Automatic,Petrol,1300,91350,2465000
van,Nissan,E25,2006,Automatic,Diesel,3000,325450,3950000
pickup,Mahindra,Bolero,2019,Manual,Diesel,2500,11241,2495000
suv,Toyota,Harrier,2008,Automatic,Petrol,2400,147000,5800000
car,Suzuki,Wagon R,2017,Automatic,Hybrid,650,69000,3325000
car,Nissan,March K11,2000,Automatic,Petrol,1300,115500,1790000
suv,Honda,Vezel,2015,Automatic,Hybrid,1500,60000,4875000
car,Nissan,March,2004,Automatic,Petrol,1000,75000,1850000
car,Renault,KWID,2016,Manual,Petrol,800,88000,1825000
car,Chery,QQ,2007,Manual,Petrol,800,76000,875000
car,Perodua,Viva Elite,2010,Automatic,Petrol,1000,85000,2325000
car,Toyota,Aqua,2013,Automatic,Hybrid,1500,60000,3250000
car,Nissan,Leaf,2013,Automatic,Electric,70,61000,1650000
car,Honda,Civic FD4,2011,Automatic,Petrol,1600,94000,3875000
car,Nissan,March K11,2000,Automatic,Petrol,1000,160000,1650000
car,Honda,Fit GP1,2012,Automatic,Hybrid,1300,49920,2975000
van,Hyundai,H100,2004,Manual,Diesel,2500,365800,1830000
car,Toyota,Premio G Superior,2011,Automatic,Petrol,1500,102000,5975000
car,Micro,Geely,2008,Manual,Petrol,1500,58000,1525000
car,Nissan,Sunny,2004,Automatic,Petrol,1300,95000,2200000
pickup,Toyota,Hilux Revo,2016,Manual,Diesel,2500,100000,8950000
car,Toyota,Premio G Superior,2007,Automatic,Petrol,1500,112000,5390000
van,Toyota,KDH GL,2007,Automatic,Diesel,3000,129000,5850000
car,Toyota,Vitz,2009,Automatic,Petrol,1000,91800,3475000
car,Suzuki,Swift,2003,Automatic,Petrol,1300,110000,2400000
car,Toyota,Vitz,2008,Automatic,Petrol,1000,75800,2900000
car,Honda,City,2005,Automatic,Petrol,1500,68000,2475000
pickup,Mahindra,Bolero,2016,Manual,Diesel,2500,55000,2235000
car,Nissan,N16,2004,Manual,Petrol,1300,170000,2080000
suv,Toyota,CHR,2018,Automatic,Petrol,1200,41850,8696000
car,Suzuki,Celerio VXI,2015,Automatic,Petrol,1000,69000,2250000
van,Mazda,Scrum,2007,Automatic,Petrol,650,102328,2250000
car,Toyota,Vitz,2015,Automatic,Petrol,1000,68000,4250000
car,Toyota,Corolla 121,2004,Automatic,Petrol,1500,180000,2950000
car,Suzuki,Alto,2015,Manual,Petrol,800,26000,2075000
car,Suzuki,Alto,2015,Manual,Petrol,800,66000,1980000
car,Honda,Fit GP5,2015,Automatic,Hybrid,1500,52000,3950000
car,Toyota,Corolla 121,2001,Automatic,Petrol,1500,170000,2825000
pickup,Tata,Xenon,2016,Manual,Diesel,3000,40000,1775000
car,Nissan,March AK12,2010,Automatic,Petrol,1500,107200,2690000
van,Mazda,Bongo,2007,Manual,Diesel,2200,195000,3310000
car,Toyota,Premio G Superior,2013,Automatic,Petrol,1500,174000,6650000
car,Toyota,Vitz,2017,Automatic,Petrol,1000,7450,3850000
van,Nissan,Vanette,2006,Manual,Diesel,2000,265000,3425000
van,Suzuki,Every,2007,Automatic,Petrol,650,137000,2535000
car,Toyota,Aqua,2014,Automatic,Hybrid,1500,92000,3970000
van,Suzuki,Every,2016,Automatic,Petrol,650,22000,2650000
car,Honda,Fit GP1,2011,Automatic,Hybrid,1300,69000,2650000
car,Nissan,FB15 Super Saloon,2001,Automatic,Petrol,1500,128000,2275000
car,Nissan,AD WAGON VY11,2000,Automatic,Petrol,1300,182700,1650000
car,Suzuki,Wagon R Stingray,2014,Automatic,Hybrid,650,56000,2875000
car,Suzuki,Alto,2015,Manual,Petrol,800,43587,1765000
car,Toyota,Vitz Edition 3,2020,Automatic,Petrol,1000,3700,6290000
car,Honda,Fit Shuttle,2013,Automatic,Petrol,1300,117000,3925000
car,Toyota,Prius,2014,Automatic,Petrol,1800,79677,4450000
suv,Kia,Sportage,2007,Automatic,Diesel,2500,140000,3550000
car,Toyota,Passo,2012,Automatic,Petrol,1000,50228,3125000
car,Nissan,N16 Ex Saloon,2002,Automatic,Petrol,1500,210000,2225000
suv,Honda,Vezel,2014,Automatic,Petrol,1500,71000,5050000
car,Honda,Civic FD4,2008,Automatic,Petrol,1600,110000,3850000
van,Mitsubishi,Mini Cab,2011,Automatic,Petrol,650,92000,2250000
car,Suzuki,Maruti Alto,2011,Manual,Petrol,800,73000,1570000
car,Mitsubishi,Lancer CS3,2007,Manual,Petrol,1600,144000,2975000
car,Toyota,Vitz Edition 3,2019,Automatic,Petrol,1000,3000,5750000
car,Toyota,Aqua S Grade,2013,Automatic,Hybrid,1500,71000,3475000
car,Suzuki,Alto K10,2011,Manual,Petrol,1000,90974,1750000
van,Suzuki,Every,2007,Automatic,Petrol,650,122000,2350000
car,Suzuki,Maruti,2011,Manual,Petrol,800,80000,1275000
car,Toyota,Belta,2007,Automatic,Petrol,1300,147000,3495000
suv,Honda,Vezel RS,2018,Automatic,Hybrid,1500,24000,7990000
car,Nissan,N16,2000,Automatic,Petrol,1500,145000,2175000
car,Suzuki,Maruti Alto,2011,Manual,Petrol,800,114000,1490000
car,Suzuki,Wagon R Stingray,2018,Automatic,Petrol,650,45000,3285000
car,Suzuki,Alto,2015,Manual,Petrol,800,38000,1725000
suv,Toyota,CHR,2018,Automatic,Petrol,1200,10000,8490000
van,Daihatsu,Hijet,2007,Automatic,Petrol,650,91500,2075000
car,Kia,Picanto,2016,Automatic,Petrol,1000,26000,3290000
car,Toyota,Prius,2011,Automatic,Petrol,1800,93500,4000000
car,Mazda,6,2015,Automatic,Petrol,2000,80000,7000000
car,Micro,MX 7,2015,Manual,Petrol,1500,70000,1950000
suv,Toyota,CHR GT TURBO,2018,Automatic,Petrol,1200,12500,9800000
suv,Toyota,Raize,2019,Automatic,Petrol,1000,8000,8290000
car,Toyota,Axio,2013,Automatic,Hybrid,1500,97500,4895000
car,Perodua,Viva Elite,2015,Manual,Petrol,800,10900,2850000
car,Toyota,Prius,2008,Automatic,Hybrid,1800,168900,2890000
car,Suzuki,Alto,2015,Manual,Petrol,800,64000,1950000
van,Suzuki,Every,2004,Manual,Petrol,650,150000,1475000
van,Suzuki,Spacia Custom Z,2017,Automatic,Petrol,650,22000,3050000
car,Micro,MX 7,2010,Manual,Petrol,1500,160000,1525000
car,Suzuki,Wagon R Stingray,2014,Automatic,Petrol,650,40000,2475000
car,Suzuki,Alto,2015,Manual,Petrol,800,23000,2075000
car,Toyota,Axio,2016,Automatic,Hybrid,1500,76500,5750000
pickup,Toyota,Hilux Vigo,2011,Automatic,Diesel,3000,120000,6750000
car,Suzuki,Maruti,2009,Manual,Petrol,800,80000,1225000
pickup,Mahindra,Bolero,2014,Manual,Diesel,2500,63000,1475000
pickup,Mahindra,Bolero,2019,Manual,Diesel,2500,41000,2450000
car,Tata,Nano,2011,Manual,Petrol,650,138000,845000
car,Toyota,Allion,2010,Automatic,Petrol,1500,87456,6050000
car,Daihatsu,Mira,2001,Automatic,Petrol,650,70000,1500000
car,Toyota,Vitz,2009,Automatic,Petrol,1000,100000,3575000
pickup,Mahindra,Bolero,2018,Manual,Diesel,2500,10800,2050000
car,Suzuki,Alto K10,2012,Manual,Petrol,1000,89000,1790000
van,Nissan,Clipper NV100,2012,Automatic,Petrol,650,87000,2350000
car,Toyota,Axio X Grade,2007,Automatic,Petrol,1500,124000,4150000
car,Kia,Rio,2003,Manual,Petrol,1500,92800,1375000
car,Kia,Picanto,2016,Manual,Petrol,1000,69000,2875000
car,Honda,Fit Shuttle,2016,Automatic,Hybrid,1300,129000,3800000
van,Toyota,Noah,2000,Manual,Diesel,2000,140000,3700000
car,Nissan,Leaf,2014,Automatic,Electric,70,48500,1965000
car,Nissan,N16,2000,Automatic,Petrol,1500,155000,2150000
car,Toyota,Allion,2003,Automatic,Petrol,1500,120000,3275000
car,Suzuki,Wagon R FX,2017,Automatic,Hybrid,650,31000,2590000
car,Tata,Nano,2011,Manual,Petrol,650,121725,975000
car,Toyota,Corolla 110,2000,Automatic,Petrol,1500,200000,2280000
car,Suzuki,Maruti 800,2005,Manual,Petrol,800,98000,1035000
car,Suzuki,Alto K10,2012,Manual,Petrol,1000,51000,1650000
car,Toyota,Prius 2nd Generation,2007,Automatic,Hybrid,1500,211000,3050000
suv,Honda,Vezel,2014,Automatic,Hybrid,1500,68000,4875000
car,Suzuki,Wagon R Stingray,2016,Automatic,Hybrid,650,62000,3075000
car,Nissan,Wingroad,2004,Automatic,Petrol,1500,112000,2675000
car,Toyota,Vitz Edition 3,2019,Automatic,Petrol,1000,8000,4625000
pickup,Mahindra,Bolero,2010,Manual,Diesel,2500,49505,1230000
van,Toyota,Noah,2012,Automatic,Hybrid,2000,100000,5150000
van,Suzuki,Every DA64,2014,Automatic,Petrol,650,38000,2700000
car,Micro,Panda,2011,Manual,Petrol,1000,158000,1195000
car,Nissan,N16,2010,Manual,Petrol,1300,125000,2600000
car,Honda,Grace,2014,Automatic,Hybrid,1500,4500,5975000
car,Suzuki,Alto,2014,Manual,Petrol,800,86000,1875000
car,Toyota,Axio,2015,Automatic,Hybrid,1500,84000,5440000
car,Suzuki,Maruti,2015,Manual,Petrol,800,75000,1040000
car,Suzuki,Wagon R Stingray,2018,Automatic,Hybrid,650,23000,3175000
car,Suzuki,Alto Sport,2012,Manual,Petrol,800,100000,1675000
van,Suzuki,Every,2017,Automatic,Petrol,650,94000,3375000
car,Toyota,Premio,2007,Automatic,Petrol,1800,84900,2800000
car,Nissan,Cefiro,2001,Automatic,Petrol,2000,140000,1800000
car,Hyundai,Accent,2002,Automatic,Petrol,1500,180000,1500000
van,Suzuki,Every,2005,Automatic,Petrol,650,89000,1500000
pickup,Tata,Xenon,2014,Manual,Diesel,3000,80000,1850000
car,Chevrolet,Cruze,2003,Automatic,Petrol,1300,112000,1925000
car,Toyota,Allion,2018,Automatic,Petrol,1500,9875,9890000
car,Nissan,Leaf,2015,Automatic,Electric,80,57300,1650000
car,Suzuki,Wagon R FX,2018,Automatic,Hybrid,650,28800,2750000
car,Mitsubishi,Lancer GLX,2011,Automatic,Petrol,1600,90000,3600000
suv,Honda,Vezel,2014,Automatic,Petrol,1500,72600,4950000
car,Nissan,N16,2003,Automatic,Petrol,1500,150000,2300000
car,Micro,Panda,2015,Manual,Petrol,1000,40000,1580000
car,Toyota,Vitz,2019,Automatic,Petrol,1000,17000,5850000
car,Nissan,Dayz Highway Star,2019,Automatic,Petrol,650,10600,4795000
car,Renault,KWID,2016,Manual,Petrol,800,57000,1850000
car,Toyota,Vitz,2019,Automatic,Petrol,1000,25000,6000000
car,Mahindra,KUV 100,2020,Manual,Petrol,1200,74,3250000
car,Toyota,Prius,2012,Automatic,Hybrid,1800,110000,4350000
suv,Nissan,X-Trail,2016,Automatic,Hybrid,2000,83000,6250000
suv,Toyota,CHR,2018,Automatic,Petrol,1200,21000,8600000
car,Toyota,Corolla Axio,2007,Automatic,Petrol,1500,137000,4050000
van,Suzuki,Spacia,2016,Automatic,Petrol,650,41209,2900000
car,Suzuki,Celerio VXI,2015,Automatic,Petrol,1000,47000,2680000
car,Toyota,Avanza,2011,Manual,Petrol,1300,80000,3150000
car,Suzuki,Alto,2018,Manual,Petrol,800,54000,1950000
car,Suzuki,Swift RS,2017,Automatic,Hybrid,1200,15000,5100000
car,Nissan,N16,2000,Manual,Petrol,1500,120000,2175000
car,Nissan,FB14,2000,Automatic,Diesel,1500,185220,2300000
car,Suzuki,Alto,2015,Manual,Petrol,800,57105,1899000
car,Suzuki,Maruti 800,2010,Manual,Petrol,800,104000,1200000
car,Toyota,IST,2004,Automatic,Petrol,1300,135000,2975000
van,Mazda,Bongo,2009,Automatic,Petrol,1800,99000,3700000
car,Renault,KWID,2016,Manual,Petrol,800,90617,1780000
car,Toyota,Aqua,2014,Automatic,Petrol,1500,68850,3950000
car,Nissan,Primera,2004,Automatic,Petrol,1900,120000,1975000
car,Perodua,Viva Elite,2012,Automatic,Petrol,1000,90000,2095000
car,Suzuki,Alto Japan,2003,Manual,Petrol,650,147000,1550000
car,Toyota,Prius,2012,Automatic,Petrol,1800,95000,3700000
pickup,Mahindra,Bolero,2012,Manual,Diesel,2800,125000,1585000
suv,Kia,Sorento,2011,Automatic,Diesel,2000,84000,6500000
car,Toyota,Vios,2004,Automatic,Petrol,1500,195000,2850000
suv,Honda,Vezel,2017,Automatic,Petrol,1500,40000,6950000
car,Toyota,Premio,2007,Automatic,Petrol,1500,152000,4575000
car,Micro,MX 7,2013,Manual,Petrol,1300,79000,1700000
car,Suzuki,Maruti,2004,Manual,Petrol,800,79000,975000
car,Mitsubishi,Lancer CS1,2003,Manual,Petrol,1300,101000,2375000
car,Toyota,Vitz,2016,Automatic,Petrol,1000,63000,4550000
car,Toyota,Aqua S Grade,2012,Automatic,Petrol,1500,66000,3625000
car,Toyota,Aqua,2012,Automatic,Hybrid,1500,79000,3475000
car,Toyota,Axio,2015,Automatic,Hybrid,1500,68000,5290000
suv,Toyota,RAV4,2000,Automatic,Petrol,2000,180000,3300000
car,Datsun,Redi-GO,2017,Manual,Petrol,800,59000,1575000
pickup,Mahindra,Bolero,2013,Manual,Diesel,2500,74000,1485000
car,Toyota,Vitz,2007,Automatic,Petrol,1000,80500,3195000
car,Toyota,Axio G Grade,2016,Automatic,Hybrid,1500,48000,5475000
car,Suzuki,Alto K10,2015,Manual,Petrol,1000,30000,2200000
pickup,Tata,207,2016,Manual,Diesel,2400,53100,1350000
car,Suzuki,Swift,2009,Automatic,Petrol,1300,106000,3225000
van,Suzuki,Every,2018,Automatic,Petrol,650,69000,3490000
car,Toyota,Axio WXB,2018,Automatic,Hybrid,1500,12500,7800000
car,Toyota,Tank,2017,Automatic,Petrol,1000,50000,3990000
car,Toyota,Vitz,2016,Automatic,Petrol,1000,51000,4500000
car,Suzuki,Maruti,2010,Manual,Petrol,800,92000,1170000
car,Suzuki,Alto K10,2015,Manual,Petrol,1000,66000,2495000
car,Zotye,Z100,2020,Manual,Petrol,1000,1011,2150000
car,Toyota,Allion,2013,Automatic,Petrol,1800,75000,6500000
car,Honda,Fit GP5,2014,Automatic,Hybrid,1500,108000,3750000
car,Toyota,Prius,2012,Automatic,Hybrid,1800,106000,4000000
car,Tata,Nano Twist,2015,Manual,Petrol,650,56473,1090000
car,Toyota,Prius,2008,Automatic,Petrol,1800,148000,2790000
car,Suzuki,Alto 800,2006,Manual,Petrol,800,125000,1485000
car,Nissan,Sunny Super Saloon,2006,Automatic,Petrol,1500,120000,2950000
car,Suzuki,Alto 800 LXI,2015,Manual,Petrol,800,79000,2040000
car,Toyota,Aqua,2013,Automatic,Hybrid,1500,99324,3385000
car,Micro,Panda,2015,Manual,Petrol,1000,53800,1575000
car,Toyota,Aqua S Grade,2014,Automatic,Petrol,1500,83400,4075000
car,Toyota,Allion 240,2005,Automatic,Petrol,1500,126500,4350000
car,Toyota,Vitz,2018,Automatic,Petrol,1000,4900,4375000
car,Toyota,Prius 3rd Generation,2013,Automatic,Petrol,1300,120020,3750000
car,Honda,Fit Shuttle,2014,Automatic,Hybrid,1300,140000,3800000
car,Toyota,Vitz,2010,Automatic,Petrol,1000,61000,3425000
van,Toyota,KR42 Noah,2006,Automatic,Petrol,1800,168500,3850000
car,Nissan,Y11,2002,Automatic,Petrol,1300,217000,1675000
suv,Mitsubishi,Outlander,2008,Automatic,Petrol,2400,97025,5000000
car,Toyota,IST,2004,Automatic,Petrol,1300,163000,3225000
van,Suzuki,Spacia,2017,Automatic,Hybrid,650,38000,2650000
car,Suzuki,Wagon R FZ,2017,Automatic,Hybrid,650,21000,3100000
car,Toyota,Axio WXB,2017,Automatic,Hybrid,1500,51000,6695000
car,Suzuki,Maruti,2005,Manual,Petrol,800,78950,950000
car,Toyota,Axio,2011,Automatic,Petrol,1500,102000,3890000
van,Suzuki,Every,2017,Automatic,Petrol,650,48000,3425000
car,Suzuki,Alto,2010,Manual,Petrol,800,98000,1580000
van,Suzuki,Spacia Custom Z,2018,Automatic,Petrol,650,48000,3650000
pickup,Mahindra,Bolero,2018,Automatic,Diesel,2500,16753,2385000
car,Micro,Panda,2017,Manual,Petrol,1000,44000,1815000
car,Suzuki,Wagon R Stingray,2017,Automatic,Petrol,650,35000,3145000
car,Toyota,Corolla 121,2005,Automatic,Petrol,1500,210000,3850000
car,Toyota,Vios,2004,Automatic,Petrol,1500,130000,2975000
car,Nissan,Sunny N16,2003,Manual,Petrol,1500,225000,2200000
car,Suzuki,Estilo,2010,Manual,Petrol,1000,66000,1800000
car,Suzuki,Maruti Sport,2011,Manual,Petrol,800,68000,1310000
car,Toyota,Vitz,2018,Automatic,Petrol,1000,31300,5265000
car,Toyota,Axio,2015,Automatic,Hybrid,1500,10100,5225000
car,Toyota,Vitz KSP90,2008,Automatic,Petrol,1000,65000,2780000
suv,Honda,Vezel,2018,Automatic,Hybrid,1500,58000,7850000
car,Toyota,IST,2007,Automatic,Petrol,1500,126000,3950000
car,Suzuki,Wagon R Stingray,2017,Automatic,Hybrid,650,13000,3690000
van,Mitsubishi,Mini Cab,2006,Automatic,Petrol,650,210000,1575000
car,Toyota,Aqua,2012,Automatic,Hybrid,1200,79000,3390000
car,Suzuki,Alto,2008,Manual,Petrol,800,29860,1575000
car,Suzuki,Celerio,2015,Automatic,Petrol,1000,62000,2675000
van,Suzuki,Spacia,2018,Automatic,Hybrid,650,47000,4175000
van,Toyota,KDH,2007,Manual,Petrol,2000,187000,4950000
car,Toyota,Aqua,2012,Automatic,Petrol,1300,120000,3400000
car,Honda,Fit GP5,2015,Automatic,Petrol,1500,38000,4690000
car,Suzuki,Maruti,2009,Manual,Petrol,650,132000,1175000
car,Suzuki,Alto K10,2015,Manual,Petrol,1000,17500,1890000
car,Tata,Nano,2013,Manual,Petrol,650,130000,800000
car,Suzuki,Maruti 800,2011,Manual,Petrol,800,151000,1150000
car,Honda,N WGN,2018,Automatic,Petrol,650,19000,3700000
car,Toyota,Vios,2003,Automatic,Petrol,1500,133000,2775000
suv,Toyota,CHR GT TURBO,2017,Automatic,Petrol,1200,40000,7650000
car,Toyota,Vitz,2016,Automatic,Petrol,1000,56000,1390000
car,Perodua,Kenari,2008,Manual,Petrol,1000,105000,1625000
car,Honda,Fit GP1,2012,Automatic,Hybrid,1300,88000,2950000
suv,Toyota,Harrier,2008,Automatic,Hybrid,3300,140000,5950000
car,Suzuki,Maruti,2006,Manual,Petrol,800,81000,1175000
pickup,Nissan,Navara Aventura,2011,Manual,Diesel,3100,194000,4900000
van,Suzuki,Every,2018,Automatic,Petrol,650,13000,3400000
suv,Kia,Sportage,2007,Automatic,Petrol,2000,118000,3475000
suv,Toyota,Fortuner,2006,Automatic,Petrol,2700,127000,5800000
car,Suzuki,Swift,2008,Automatic,Petrol,1200,104000,2675000
car,Suzuki,Wagon R,2014,Automatic,Hybrid,650,62000,2500000
car,Suzuki,Alto Japan,2018,Automatic,Petrol,650,51600,3180000
car,Nissan,N16,2004,Manual,Petrol,1500,130000,2150000
van,Toyota,KDH Super GL,2015,Automatic,Diesel,3000,120000,9475000
pickup,Mahindra,Bolero,2015,Manual,Diesel,2500,83000,1625000
car,Suzuki,Alto,2015,Manual,Petrol,800,18995,1850000
car,Micro,Panda,2013,Manual,Petrol,1000,63000,1350000
suv,Kia,Sportage,2011,Manual,Petrol,2000,140100,4975000
car,Nissan,Sunny N16,2000,Manual,Petrol,1500,143000,1975000
van,Mazda,Brawny,2000,Manual,Diesel,2500,350000,2725000
car,Suzuki,Maruti Zen,2006,Manual,Petrol,1000,90000,1325000
car,Nissan,March,2001,Automatic,Petrol,1000,120000,1700000
car,Renault,KWID,2016,Manual,Petrol,800,38000,1890000
suv,Honda,Vezel,2014,Automatic,Hybrid,1500,89020,5000000
car,Toyota,Vitz,2018,Automatic,Petrol,1000,32000,4390000
van,Suzuki,Spacia Custom Z,2018,Automatic,Hybrid,650,57000,3875000
suv,Mitsubishi,Montero Sport,2003,Automatic,Petrol,3000,89000,4600000
pickup,Toyota,Hilux,2017,Automatic,Diesel,3000,43000,12000000
van,Toyota,KDH,2007,Manual,Diesel,2500,226000,7450000
van,Mazda,Bongo,2010,Automatic,Diesel,2000,144000,3525000
car,Suzuki,Alto,2015,Manual,Petrol,800,63000,1840000
car,Suzuki,Zen,2005,Manual,Petrol,1000,126000,1300000
van,Toyota,Noah,2000,Manual,Diesel,1800,230000,3300000
car,Suzuki,Alto,2013,Manual,Petrol,800,62000,1845000
car,Toyota,Premio G Superior,2018,Automatic,Petrol,1500,10500,10390000
van,Suzuki,Every,2011,Automatic,Petrol,650,78000,2875000
car,Suzuki,Alto 800,2010,Manual,Petrol,800,48630,1690000
pickup,Mahindra,Bolero,2016,Manual,Diesel,2500,19000,2050000
car,Toyota,Axio G Grade,2017,Automatic,Hybrid,1500,44000,5190000
car,Suzuki,Alto 800,2015,Manual,Petrol,800,86528,1975000
suv,Nissan,X-Trail,2001,Automatic,Petrol,1500,75000,3150000
car,Toyota,Passo,2008,Automatic,Petrol,1000,98000,2725000
car,Toyota,Vitz,2011,Automatic,Petrol,1000,83000,3785000
van,Nissan,Super GL,2015,Automatic,Diesel,3000,43000,9750000
suv,Hyundai,Santa Fe,2012,Automatic,Petrol,2500,109000,6400000
car,Toyota,Vios,2007,Manual,Petrol,1500,143000,2565000
car,Suzuki,Alto,2015,Manual,Petrol,800,51000,1900000
car,Perodua,Viva Elite,2010,Manual,Petrol,1000,97035,2000000
car,Toyota,Premio G Superior,2012,Automatic,Petrol,1500,111000,6375000
car,Suzuki,Wagon R,2016,Automatic,Petrol,650,12000,2585000
car,Tata,Nano,2012,Manual,Petrol,650,10000,850000
car,Zotye,Z100,2018,Manual,Petrol,1000,16900,1895000
car,Tata,Indigo,2009,Manual,Petrol,1300,68000,1460000
van,Nissan,Caravan,2005,Manual,Diesel,3000,105000,4425000
car,Toyota,Allion 240,2003,Automatic,Petrol,1500,135000,3900000
car,Toyota,Corolla 121,2003,Automatic,Petrol,1500,140000,3325000
car,Suzuki,Alto K10,2016,Automatic,Petrol,1000,33791,2550000
car,Nissan,Sunny Super Saloon,2000,Automatic,Petrol,1500,140000,2325000
car,Nissan,Leaf,2013,Automatic,Electric,70,165000,1825000
car,Suzuki,Zen,2006,Manual,Petrol,1000,137000,1430000
car,Toyota,Aqua,2012,Automatic,Petrol,1500,111200,2850000
car,Perodua,Viva Elite,2013,Automatic,Petrol,1000,52000,2215000
van,Suzuki,Spacia Custom,2018,Automatic,Hybrid,650,40000,3375000
car,Honda,Grace EX,2015,Automatic,Hybrid,1500,71000,5190000
car,Suzuki,Wagon R,2016,Automatic,Hybrid,650,55000,2475000
van,Suzuki,Every,2007,Manual,Petrol,650,115000,1640000
car,Honda,Freed,2012,Automatic,Hybrid,1500,59000,3750000
van,Nissan,Clipper,2014,Automatic,Petrol,650,89000,2820000
car,Mazda,Axela,2003,Automatic,Petrol,1500,138588,2800000
car,Suzuki,Maruti 800,2012,Manual,Petrol,800,69900,1190000
car,Suzuki,Maruti,2008,Manual,Petrol,800,72000,1200000
pickup,Toyota,Hilux,2008,Manual,Diesel,2500,84000,5650000
car,Chevrolet,Cruze,2003,Automatic,Petrol,1300,142100,1975000
car,Suzuki,Wagon R FZ,2017,Automatic,Hybrid,650,52000,3350000
car,Nissan,Tiida Latio,2012,Automatic,Petrol,1500,95124,3375000
car,Nissan,N16,2004,Automatic,Petrol,1500,150000,2350000
car,Micro,Panda,2012,Manual,Petrol,1000,103000,1330000
van,Suzuki,Spacia,2016,Automatic,Petrol,650,96100,3000000
car,Toyota,Vitz,2017,Automatic,Petrol,1000,23000,5750000
car,Hyundai,Accent,2001,Automatic,Petrol,1500,132500,1485000
car,Perodua,Viva Elite,2011,Automatic,Petrol,1000,93000,2425000
car,Toyota,Vitz,2010,Automatic,Petrol,1000,60000,2950000
suv,Mitsubishi,Montero Sport,2012,Automatic,Diesel,2500,160000,8590000
suv,Toyota,CHR GT TURBO,2019,Automatic,Petrol,1200,12560,7900000
car,Toyota,Axio,2017,Automatic,Hybrid,1500,60000,5275000
car,Honda,Fit Shuttle,2014,Automatic,Petrol,1300,76700,4275000
car,Suzuki,Alto,2010,Manual,Petrol,800,117000,1625000
car,Suzuki,Wagon R,2017,Automatic,Petrol,650,49940,3180000
car,Suzuki,Alto,2015,Manual,Petrol,800,75000,1800000
suv,Suzuki,Grand Vitara,2013,Automatic,Petrol,2800,64000,4650000
car,Toyota,Corolla,2005,Automatic,Petrol,1500,116000,2950000
car,Suzuki,Wagon R,2015,Automatic,Petrol,650,115000,2350000
car,Toyota,Starlet,2007,Automatic,Petrol,1300,110000,1800000
van,Nissan,Vanette,2003,Manual,Diesel,1800,255250,1900000
van,Nissan,Super GL,2017,Automatic,Diesel,3000,41000,9750000
car,Honda,Civic FD4,2010,Automatic,Petrol,1600,63000,4275000
suv,Mitsubishi,Montero Sport,2011,Automatic,Diesel,2800,78000,8475000
car,Suzuki,Maruti,2012,Manual,Petrol,800,58000,1190000
car,Micro,Panda Cross,2016,Manual,Petrol,1300,18400,1800000
van,Toyota,KDH 201,2015,Automatic,Diesel,3000,47900,950000
car,Micro,Panda,2016,Manual,Petrol,1000,29000,1550000
car,Perodua,Viva Elite,2011,Automatic,Petrol,1000,80660,2245000
car,Nissan,Sunny N17,2003,Automatic,Petrol,1500,169000,2150000
car,Micro,Panda,2015,Manual,Petrol,1000,30100,1625000
car,Suzuki,Maruti,2010,Manual,Petrol,800,94000,1250000
car,Toyota,Vitz,2017,Automatic,Petrol,1000,36000,4475000
car,Toyota,Corolla 121,2003,Automatic,Petrol,1500,190000,2975000
car,Micro,Panda,2014,Manual,Petrol,1000,59000,1360000
suv,Zotye,Nomad,2015,Manual,Petrol,1300,37300,2260000
car,Toyota,Premio G Superior,2018,Automatic,Petrol,1500,46000,9675000
van,Toyota,KDH 200,2007,Manual,Diesel,3000,180000,5800000
van,Nissan,Vanette,2006,Manual,Diesel,2200,227000,3250000
car,Suzuki,Alto,2015,Manual,Petrol,800,65283,1950000
car,Suzuki,Wagon R,2016,Automatic,Petrol,650,53000,2950000
car,Suzuki,Swift,2017,Automatic,Hybrid,1200,9000,5500000
car,Hyundai,Accent,2004,Manual,Petrol,1300,150000,1550000
car,Suzuki,Alto,2014,Manual,Petrol,800,35000,1760000
car,Toyota,Allion 240,2003,Automatic,Petrol,1500,154000,4300000
car,Suzuki,Swift,2006,Manual,Petrol,1300,106000,1690000
car,Toyota,Passo,2010,Automatic,Petrol,1000,68500,2750000
car,Toyota,Allion,2002,Automatic,Petrol,1500,200000,3500000
car,Toyota,Corolla,2002,Automatic,Petrol,1500,164720,3000000
car,Honda,Freed,2013,Automatic,Petrol,1500,97350,4750000
suv,Mitsubishi,Montero,2003,Automatic,Diesel,2800,120000,7850000
car,Toyota,Carina,2000,Automatic,Diesel,2200,285000,2875000
car,Suzuki,Estilo,2010,Manual,Petrol,1000,77000,1750000
van,Micro,MPV Junior 3,2012,Manual,Petrol,1100,58000,1100000
car,Kia,Rio,2003,Automatic,Petrol,1500,117212,1525000
car,Toyota,Prius 3rd Generation,2012,Automatic,Hybrid,1800,155000,4200000
car,Suzuki,Wagon R FX,2016,Automatic,Petrol,650,73200,2900000
suv,Honda,Vezel,2015,Automatic,Petrol,1500,85000,5300000
van,Micro,MPV Junior 3,2013,Manual,Petrol,1100,25000,1280000
car,Toyota,Aqua G Sport,2014,Automatic,Hybrid,1500,53000,5300000
car,Nissan,N16,2003,Manual,Petrol,1500,198000,2175000
pickup,Toyota,Hilux,2008,Manual,Diesel,2500,127000,5650000
pickup,Mahindra,Bolero Maxi Truck,2012,Manual,Diesel,2500,83056,1350000
car,Suzuki,Maruti,2006,Manual,Petrol,800,75800,1095000
van,Micro,MPV Junior 3,2015,Manual,Petrol,1100,26761,1800000
car,Toyota,Corolla 121,2001,Automatic,Diesel,2200,187000,3050000
van,Suzuki,Spacia,2018,Automatic,Hybrid,650,28000,4375000
van,Nissan,Vanette,2005,Manual,Diesel,2200,440000,2750000
car,Micro,Panda,2016,Manual,Petrol,1000,57000,1660000
car,Tata,Nano,2015,Manual,Petrol,650,116000,1050000
van,Nissan,Caravan,2003,Automatic,Diesel,2500,245000,4125000
car,Toyota,Vitz,2008,Automatic,Petrol,1000,73500,3475000
car,Tata,Indica,2004,Manual,Petrol,1000,131000,1100000
car,Chery,QQ,2007,Manual,Petrol,800,73000,975000
car,Suzuki,Wagon R,2014,Automatic,Petrol,650,59473,2650000
car,Suzuki,Alto,2015,Manual,Petrol,800,29000,1810000
car,Micro,Panda,2014,Manual,Petrol,1000,45352,1425000
car,Toyota,Allion,2010,Automatic,Petrol,1500,85000,5300000
van,Toyota,Dolphin,2010,Manual,Diesel,2900,452500,3850000
car,Toyota,Vitz,2008,Automatic,Petrol,1000,89000,3285000
van,Nissan,Clipper,2015,Automatic,Petrol,650,37000,3075000
car,Honda,Civic,2008,Automatic,Hybrid,1400,200748,3700000
car,Mazda,Familia BJ5P,2003,Automatic,Petrol,1500,157892,2395000
car,Hyundai,Matrix,2001,Automatic,Petrol,1600,118515,1680000
car,Toyota,Corolla,2000,Automatic,Petrol,1500,205000,2075000
car,Toyota,Prius,2008,Automatic,Hybrid,1800,104174,3100000
car,Suzuki,Maruti,2004,Manual,Petrol,800,125700,1050000
car,Toyota,Prius,2008,Automatic,Hybrid,1800,138000,2850000
car,Nissan,Bluebird,2003,Automatic,Petrol,1800,160000,1875000
car,Toyota,Premio,2013,Automatic,Petrol,1500,106000,6900000
car,Toyota,Soluna,2005,Automatic,Petrol,1500,188542,1750000
van,Mazda,Bongo,2006,Manual,Diesel,2000,307990,3150000
van,Nissan,Vanette,2003,Manual,Diesel,2200,200000,3500000
car,Suzuki,Swift,2003,Automatic,Petrol,1300,130000,2320000
car,Toyota,Aqua,2013,Automatic,Hybrid,1500,83300,3465000
car,Suzuki,Alto,2008,Manual,Petrol,800,104400,1450000
pickup,Mahindra,Bolero,2016,Manual,Diesel,2500,61500,1650000
car,Mazda,Familia,2001,Automatic,Petrol,1300,150000,1925000
suv,Honda,Vezel RS,2017,Automatic,Hybrid,1500,51000,6650000
car,Toyota,Corolla 121,2006,Manual,Petrol,1300,159000,3050000
car,Toyota,Premio,2017,Automatic,Petrol,1500,35000,8350000
car,Toyota,Roomy,2016,Automatic,Petrol,1000,28000,5000000
car,Toyota,Vitz,2017,Automatic,Petrol,1000,25000,4175000
suv,Mahindra,KUV 100,2020,Manual,Petrol,1200,164,3250000
car,Toyota,Aqua,2012,Automatic,Hybrid,1500,140000,3790000
car,Nissan,Sunny Super Saloon,2004,Manual,Petrol,1600,190200,2350000
car,Hyundai,Sonata,2001,Automatic,Petrol,2000,174400,1490000
suv,Mitsubishi,Montero Sport,2012,Automatic,Diesel,2500,104000,8100000
car,Suzuki,Wagon R,2017,Automatic,Hybrid,650,37000,2795000
car,Micro,Panda,2014,Manual,Petrol,1000,65000,1450000
car,Honda,Fit GP5,2015,Automatic,Petrol,1500,94000,3750000
car,Toyota,Vitz,2018,Automatic,Petrol,1000,18000,5150000
car,Suzuki,Alto,2015,Manual,Petrol,800,56200,1745000
van,Nissan,Vanette,2002,Manual,Diesel,2000,180000,3200000
car,Toyota,Vitz,2015,Automatic,Petrol,1000,51900,4200000
pickup,Mahindra,Bolero,2016,Manual,Diesel,1500,37846,2175000
car,Toyota,Prius,2008,Automatic,Petrol,1800,120000,2850000
car,Renault,KWID,2016,Manual,Petrol,800,86600,1675000
car,Toyota,Prius,2008,Automatic,Hybrid,1500,131000,3125000
van,Suzuki,Every,2014,Automatic,Petrol,650,106200,2975000
car,Toyota,Passo,2009,Automatic,Petrol,1000,28000,2925000
car,Tata,Nano,2011,Manual,Petrol,650,61000,825000
car,Nissan,Leaf,2013,Automatic,Electric,70,34000,1375000
suv,Toyota,RAV4,2003,Automatic,Petrol,2000,150000,3800000
car,Toyota,Axio WXB,2018,Automatic,Hybrid,1500,30000,7750000
car,Toyota,Axio,2007,Automatic,Petrol,1500,123000,4350000
car,Micro,Panda,2012,Automatic,Petrol,1000,78000,1525000
van,Nissan,Caravan,2003,Manual,Diesel,3300,198500,3600000
car,Toyota,Vitz,2008,Automatic,Petrol,1000,78367,3495000
car,Micro,Panda,2011,Manual,Petrol,1000,55000,1325000
van,Suzuki,Every,2011,Automatic,Petrol,650,86000,2775000
suv,Micro,Rexton,2007,Automatic,Diesel,2700,102000,4550000
car,Toyota,AE110 ,2000,Automatic,Petrol,1500,200000,2290000
car,Toyota,Aqua,2013,Automatic,Hybrid,1500,83000,3400000
car,Toyota,Yaris,2007,Manual,Petrol,1300,75000,2850000
car,Toyota,Prius,2013,Automatic,Hybrid,1800,67000,4000000
car,Toyota,Corolla,2017,Automatic,Hybrid,1500,70000,5990000
car,Nissan,Sunny Super Saloon,2007,Automatic,Petrol,1300,191000,2540000
car,Nissan,FB15,2003,Automatic,Petrol,1500,172773,2815000
car,Toyota,Premio,2016,Automatic,Petrol,1500,55772,8625000
pickup,Mahindra,Bolero,2015,Manual,Diesel,2500,100500,1975000
car,Nissan,FB15,2003,Automatic,Petrol,1500,189000,2690000
car,Toyota,Vitz,2017,Automatic,Petrol,1000,29838,4990000
suv,Honda,Vezel,2014,Automatic,Hybrid,1500,57524,4750000
van,Suzuki,Every,2006,Automatic,Petrol,650,88000,1675000
car,Nissan,FB15,2001,Automatic,Petrol,1300,210000,1990000
car,Toyota,Aqua,2012,Automatic,Petrol,1500,90000,2990000
van,Mitsubishi,Mini Cab,2007,Automatic,Petrol,650,141760,1795000
car,Tata,Nano,2014,Manual,Petrol,650,150000,1250000
car,Suzuki,Maruti,2010,Manual,Petrol,800,90000,1160000
suv,Toyota,Harrier,2017,Automatic,Petrol,2000,17000,15500000
car,Nissan,FB15 Super Saloon,2000,Automatic,Petrol,1500,162000,2150000
car,Micro,MX 7,2012,Manual,Petrol,1500,101000,1550000
car,Suzuki,Wagon R Stingray,2015,Automatic,Hybrid,650,67000,2690000
car,Honda,Civic ES8,2001,Automatic,Petrol,1500,178000,2650000
car,Tata,Nano,2012,Manual,Petrol,650,160000,740000
car,Hyundai,Elantra,2000,Automatic,Petrol,1600,345000,1200000
car,Suzuki,Celerio VXI,2016,Automatic,Petrol,1000,36000,2475000
car,Toyota,Prius 3rd Genaration,2011,Automatic,Hybrid,1800,87000,1250000
car,Suzuki,Wagon R FZ,2015,Automatic,Petrol,650,60000,2755000
car,Honda,Grace,2018,Automatic,Petrol,1500,75000,6850000
car,Nissan,EX Saloon,2002,Manual,Petrol,1500,120000,2450000
van,Nissan,Caravan,2008,Automatic,Diesel,3000,57000,6500000
suv,Toyota,Raize,2020,Automatic,Petrol,1000,486,6700000
van,Nissan,Clipper,2016,Automatic,Petrol,650,46070,2790000
car,Suzuki,Wagon R FX,2018,Automatic,Hybrid,650,11000,3495000
car,Daihatsu,Mira,2016,Automatic,Petrol,650,75000,2850000
car,Suzuki,Alto 800,2015,Manual,Petrol,800,19000,1775000
car,Suzuki,Wagon R Stingray,2017,Automatic,Petrol,650,52600,3150000
car,Micro,Trend,2010,Manual,Petrol,1000,64500,1175000
suv,Honda,Vezel RS Sensing,2017,Automatic,Hybrid,1500,63500,7090000
car,Toyota,Axio,2015,Automatic,Hybrid,1500,87000,5400000
car,Zotye,Z100,2018,Manual,Petrol,1000,38000,1750000
car,Toyota,Prius,2008,Automatic,Hybrid,1800,223500,3250000
car,Suzuki,Wagon R FZ,2018,Manual,Petrol,650,43000,3525000
suv,Honda,Vezel,2013,Automatic,Petrol,1500,91000,4480000
car,Nissan,March AK12,2008,Automatic,Petrol,1300,112000,2502500
car,Suzuki,Alto Sport,2015,Manual,Petrol,800,46000,1775000
car,Toyota,Allion 240,2005,Automatic,Petrol,1500,99000,4750000
car,Suzuki,Alto 800,2005,Manual,Petrol,800,110000,1500000
car,Suzuki,Alto,2015,Manual,Petrol,800,57000,1780000
car,Honda,Fit,2012,Automatic,Hybrid,1300,55000,3150000
car,Honda,Civic ES8,2000,Automatic,Petrol,1500,213264,2575000
pickup,Mahindra,Bolero,2012,Manual,Diesel,2800,65423,1375000
suv,Daihatsu,Terios,2001,Automatic,Petrol,1300,168000,2550000
suv,Nissan,X-Trail,2015,Automatic,Hybrid,2000,78000,5700000
car,Micro,Panda,2015,Manual,Petrol,1000,21000,1570000
car,Toyota,Prius,2015,Automatic,Hybrid,1800,56000,6000000
car,Nissan,Leaf,2013,Automatic,Electric,70,63000,1585000
pickup,Mahindra,Bolero,2015,Manual,Diesel,2500,60000,1685000
car,Nissan,Bluebird,2000,Manual,Diesel,2000,105000,1650000
car,Suzuki,SX4,2008,Automatic,Petrol,1500,121000,3050000
car,Toyota,Prius 3rd Generation,2013,Automatic,Petrol,1800,130000,3350000
car,Suzuki,Alto,2011,Manual,Petrol,800,74235,1475000
car,Honda,Insight,2011,Automatic,Hybrid,1300,84000,2850000
car,Suzuki,Wagon R FZ,2017,Automatic,Hybrid,650,23000,3475000
car,Nissan,FB15,2003,Automatic,Petrol,1500,115000,3150000
car,Toyota,Corolla 121,2002,Automatic,Petrol,1500,164500,3150000
car,Suzuki,Alto Sport,2011,Manual,Petrol,800,85000,1495000
car,Mazda,BJ5P,2005,Manual,Petrol,1500,180000,1800000
car,Toyota,Vitz,2008,Automatic,Petrol,1000,106000,3350000
car,Toyota,Prius,2010,Automatic,Hybrid,1800,96000,3850000
car,Nissan,FB15,2004,Automatic,Petrol,1500,128100,2850000
pickup,Tata,207,2015,Manual,Diesel,3000,28894,1600000
car,Mazda,Axela,2004,Automatic,Petrol,1500,150000,2840000
car,Nissan,Sunny FB15,2002,Automatic,Petrol,1500,116000,2450000
car,Suzuki,Alto Japan,2007,Automatic,Petrol,650,118700,1750000
car,Toyota,Prius,2012,Manual,Hybrid,1800,83000,4675000
suv,Honda,Vezel,2014,Automatic,Hybrid,1500,60000,4525000
car,Suzuki,A-Star,2011,Manual,Petrol,1000,87900,2250000
car,Toyota,Corolla 121,2003,Automatic,Petrol,1500,152000,3500000
van,Suzuki,Every,2013,Automatic,Petrol,650,76500,2320000
car,Suzuki,Maruti,2005,Manual,Petrol,800,56300,1150000
van,Toyota,Noah,2005,Manual,Diesel,1700,202719,4100000
van,Suzuki,Every,2018,Automatic,Petrol,650,50000,3375000
van,Suzuki,Spacia,2016,Automatic,Petrol,650,96000,3000000
car,Tata,Indica,2006,Manual,Petrol,1200,150000,1095000
van,Suzuki,Every,2017,Automatic,Petrol,650,20980,3250000
car,Micro,Geely MX7,2013,Manual,Petrol,1500,91150,2225000
car,Tata,Nano,2017,Automatic,Petrol,650,24250,1725000
car,Honda,Insight,2012,Automatic,Petrol,1300,138000,925000
van,Toyota,KDH TRH GL,2007,Automatic,Petrol,2000,93500,5200000
car,Toyota,Axio WXB,2016,Automatic,Hybrid,1500,36500,6700000
car,Suzuki,Maruti,2006,Manual,Petrol,800,100000,1090000
suv,Mitsubishi,Montero,2001,Automatic,Petrol,3500,100000,5750000
car,Suzuki,Maruti Sport,2004,Manual,Petrol,800,52000,960000
suv,Kia,Sportage,2000,Manual,Diesel,2000,257100,2575000
car,Toyota,Aqua,2015,Automatic,Hybrid,1500,88000,4000000
car,Suzuki,Wagon R Stingray,2018,Automatic,Hybrid,650,38000,3050000
car,Suzuki,Alto 800 LXI,2015,Manual,Petrol,800,25666,1890000
car,Suzuki,Wagon R Stingray,2015,Automatic,Hybrid,650,67000,2565000
van,Toyota,Hiace KDH 201 GL,2014,Automatic,Diesel,3000,88000,8350000
car,Suzuki,Wagon R,2016,Automatic,Petrol,650,57200,2600000
car,Nissan,Sunny N16,2000,Automatic,Petrol,1500,175000,2075000
suv,Honda,HRV,2000,Automatic,Petrol,1600,168000,2550000
car,Toyota,Corolla 121,2006,Automatic,Petrol,1500,165000,3250000
car,Nissan,Sunny,2001,Automatic,Petrol,1500,109430,2250000
car,Suzuki,Wagon R FZ,2018,Automatic,Hybrid,650,40000,3350000
car,Mazda,Axela,2014,Automatic,Hybrid,2000,120000,5700000
van,Suzuki,Every,2016,Automatic,Petrol,650,17000,3050000
car,Suzuki,Wagon R,2018,Automatic,Petrol,650,44500,2700000
car,Renault,KWID RXT,2016,Manual,Petrol,800,95000,1695000
car,Nissan,Leaf,2013,Automatic,Electric,70,98000,1600000
van,Toyota,KDH 200 Super GL,2006,Automatic,Diesel,2500,162000,6750000
car,Toyota,Axio,2016,Automatic,Hybrid,1500,73200,5300000
car,Mazda,Familia,2002,Automatic,Petrol,1300,140000,2250000
car,Suzuki,Maruti,2006,Manual,Petrol,800,98000,1075000
car,Tata,Nano Twist,2015,Manual,Petrol,650,210000,1075000
car,Toyota,Premio,2019,Automatic,Petrol,1500,20000,11800000
car,Suzuki,Swift RS Turbo,2017,Automatic,Petrol,1000,10000,4790000
van,Daihatsu,Hijet,2000,Manual,Petrol,650,243700,925000
car,Micro,Panda,2018,Manual,Petrol,1000,50000,2400000
van,Toyota,Hiace KDH 201 GL,2015,Automatic,Diesel,3000,83000,8600000
car,Nissan,N16,2001,Automatic,Petrol,1300,197000,2090000
car,Mitsubishi,Ek Wagon,2016,Automatic,Petrol,650,52500,2960000
car,Tata,Indica,2015,Manual,Petrol,1300,85000,1490000
car,Kia,Picanto,2017,Manual,Petrol,1000,34000,2950000
car,Suzuki,Alto,2017,Automatic,Petrol,650,18053,3195000
car,Chery,QQ,2009,Manual,Petrol,800,95400,980000
suv,Mitsubishi,Montero,2013,Automatic,Diesel,3200,112000,13850000
car,Nissan,March AK12,2010,Automatic,Petrol,1300,77000,2550000
pickup,Toyota,Hilux,2015,Manual,Diesel,2500,33000,11500000
van,Nissan,Vanette,2008,Automatic,Petrol,1800,200000,3250000
car,Hyundai,Accent,2006,Manual,Petrol,1300,167000,1250000
car,Toyota,Passo,2008,Automatic,Petrol,1000,139000,2350000
car,Toyota,Premio,2007,Automatic,Petrol,1500,130000,5380000
car,Toyota,Axio G Grade,2006,Automatic,Petrol,1500,144500,3765000
van,Nissan,Vanette,2002,Automatic,Diesel,2300,200000,3400000
car,Micro,MX 7 Geely,2013,Manual,Petrol,1500,125000,1875000
car,Suzuki,Hustler,2016,Automatic,Electric,650,19214,3150000
car,Toyota,Vitz,2001,Automatic,Petrol,1000,116000,2150000
car,Toyota,Aqua,2018,Automatic,Hybrid,1500,30400,6350000
van,Mazda,Bongo,2006,Automatic,Diesel,2000,215365,3400000
car,Honda,Civic,2012,Automatic,Petrol,1500,63200,4000000
car,Honda,Fit GP5,2014,Automatic,Hybrid,1500,48000,4275000
car,Toyota,Aqua,2013,Automatic,Hybrid,1500,64000,3300000
car,Suzuki,Alto,2016,Manual,Petrol,800,41000,1895000
car,Suzuki,Alto,2007,Automatic,Petrol,800,137000,1750000
van,Toyota,KDH 201 Super GL,2015,Automatic,Diesel,3000,72000,8950000
car,Suzuki,Maruti,2013,Manual,Petrol,800,39000,1340000
car,Suzuki,Maruti,2005,Manual,Petrol,800,76900,1130000
car,Suzuki,Maruti,2006,Manual,Petrol,800,110000,1080000
van,Mazda,Bongo,2005,Manual,Diesel,2000,200000,3500000
car,Chery,QQ,2011,Manual,Petrol,800,22000,1215000
van,Toyota,Hiace KDH 201 GL,2010,Automatic,Diesel,3000,137000,6900000
van,Toyota,Dolphin,2003,Automatic,Diesel,3000,250500,6350000
car,Suzuki,Maruti Zen,2006,Manual,Petrol,1000,62000,1200000
car,Suzuki,Wagon R,2015,Automatic,Petrol,650,72000,2600000
van,Mitsubishi,Mini Cab,2013,Automatic,Petrol,650,45000,2510000
car,Toyota,Vitz,2018,Automatic,Petrol,1000,25000,4590000
car,Chery,QQ,2008,Manual,Petrol,800,83000,865000
van,Toyota,KDH 221,2010,Automatic,Diesel,3000,130000,7000000
car,Toyota,Vitz,2012,Automatic,Petrol,1000,140000,3750000
car,Honda,Grace EX,2015,Automatic,Hybrid,1500,79120,4375000
suv,Nissan,X-Trail,2013,Automatic,Diesel,2000,137000,6925000
car,Toyota,Premio G Superior,2013,Automatic,Petrol,1500,91000,7350000
suv,Nissan,X-Trail,2016,Automatic,Petrol,2000,36000,6500000
suv,Hyundai,Santa Fe,2008,Automatic,Diesel,2200,120000,3850000
van,Toyota,KDH Super GL,2007,Automatic,Petrol,3000,250000,5150000
car,Micro,Panda,2015,Manual,Petrol,1000,24300,1625000
suv,Honda,HRV,2020,Automatic,Petrol,1600,170000,2625000
car,Suzuki,Wagon R Stingray,2018,Automatic,Petrol,650,59600,3650000
car,Mitsubishi,Lancer GLX,2010,Manual,Petrol,1500,57000,3400000
car,Datsun,Redi-GO,2017,Manual,Petrol,800,27000,1865000
pickup,Toyota,Hilux,2007,Manual,Diesel,2500,117000,3750000
car,Toyota,Axio,2016,Automatic,Hybrid,1500,65000,6250000
car,Suzuki,Wagon R ,2006,Manual,Petrol,650,85000,1525000
car,Toyota,Axio,2014,Automatic,Hybrid,1500,130000,4000000
car,Mitsubishi,Ek Wagon,2017,Automatic,Petrol,650,7000,3690000
van,Toyota,Hiace,2001,Manual,Diesel,3000,140000,5650000
car,Toyota,AE110 ,2000,Manual,Diesel,2000,275000,2225000
pickup,Mahindra,Bolero,2018,Manual,Diesel,2500,23000,2575000
car,Suzuki,Maruti Sport,2003,Manual,Petrol,800,60800,980000
car,Honda,Fit GP5,2015,Automatic,Hybrid,1500,68400,4675000
car,Suzuki,Alto Sport,2014,Manual,Petrol,800,51000,1795000
car,Datsun,Redi-GO,2017,Manual,Petrol,800,21000,1585000
car,Kia,Spectra,2001,Automatic,Petrol,1600,156008,1325000
car,Nissan,N17,2008,Manual,Petrol,1300,70000,2425000
van,Nissan,Clipper,2017,Automatic,Petrol,650,65900,2465000
car,Toyota,Prius,2008,Automatic,Hybrid,1800,133000,3300000
car,Toyota,Camry,2003,Automatic,Petrol,2000,120000,3125000
car,Suzuki,Alto,2007,Manual,Petrol,800,63550,1500000
suv,Honda,Vezel,2014,Automatic,Petrol,1500,25000,4800000
van,Mazda,Scrum,2011,Automatic,Petrol,650,66800,2675000
car,Hyundai,Elantra,2000,Automatic,Petrol,1600,165000,1250000
car,Perodua,Axia,2016,Automatic,Petrol,1000,29500,3250000
car,Suzuki,Liana,2003,Manual,Petrol,1300,75000,1875000
car,Nissan,N16,2004,Automatic,Petrol,1500,196000,2250000
suv,Honda,Vezel,2014,Automatic,Hybrid,1500,107000,4800000
car,Chery,QQ,2010,Manual,Petrol,800,53000,850000
car,Toyota,Premio,2013,Automatic,Petrol,1500,88000,6350000
car,Chery,QQ,2006,Manual,Petrol,800,41000,925000
van,Toyota,KDH Super GL,2017,Automatic,Diesel,3000,55000,12000000
car,Toyota,Axio,2007,Automatic,Petrol,1500,100000,4075000
car,Toyota,Prius S Touring,2014,Automatic,Hybrid,1800,53000,4875000
car,Toyota,Premio,2013,Automatic,Petrol,1500,100600,7150000
car,Suzuki,Alto K10,2012,Manual,Petrol,1000,92300,1765000
car,Suzuki,Maruti,2004,Manual,Petrol,800,116800,1025000
car,Honda,City,2001,Manual,Petrol,1500,100000,2125000
car,Mazda,Familia BJ5P,2000,Automatic,Petrol,1500,180000,1790000
car,Nissan,Cefiro,2000,Automatic,Petrol,2000,130000,1750000
car,Hyundai,Accent,2006,Manual,Petrol,1300,140000,1490000
car,Suzuki,Alto,2014,Manual,Petrol,800,87500,1850000
van,Suzuki,Every,2018,Automatic,Petrol,650,17000,3675000
car,Honda,City,2003,Manual,Petrol,1500,152000,2400000
car,Toyota,Vitz,2012,Automatic,Petrol,1000,134000,3560000
car,Tata,Indica,2016,Manual,Petrol,1300,32000,1675000
car,Toyota,Premio,2013,Automatic,Petrol,1500,62000,6875000
car,Toyota,Soluna,2000,Automatic,Petrol,1500,220500,1600000
car,Suzuki,Celerio,2015,Automatic,Petrol,1000,29000,2850000
suv,Honda,Vezel,2017,Automatic,Hybrid,1500,64000,6900000
car,Toyota,Aqua,2015,Automatic,Hybrid,1500,42035,3600000
car,Nissan,March K11,2000,Automatic,Petrol,1000,181000,1560000
car,Nissan,Bluebird,2001,Automatic,Petrol,1500,170000,1975000
car,Suzuki,Alto,2014,Manual,Petrol,800,48000,1885000
car,Toyota,Aqua S Grade,2012,Automatic,Hybrid,1500,78000,3565000
pickup,Mahindra,Bolero,2008,Manual,Diesel,1300,102000,985000
car,Toyota,Corolla 121,2001,Automatic,Petrol,1500,138000,3025000
suv,Nissan,X-Trail,2004,Automatic,Petrol,2000,140000,3350000
car,Honda,Fit,2008,Automatic,Petrol,1300,89000,2775000
car,Hyundai,Elantra,2000,Automatic,Petrol,1600,121000,1390000
car,Suzuki,Maruti,2005,Manual,Petrol,800,200000,1300000
car,Toyota,Wigo,2017,Automatic,Petrol,1000,20000,3300000
car,Nissan,Sunny,2000,Automatic,Petrol,1500,163000,2375000
car,Toyota,Prius,2017,Automatic,Hybrid,1800,56000,5700000
car,Honda,Civic,2004,Manual,Petrol,1500,245000,2100000
car,Toyota,Vitz,2007,Automatic,Petrol,1000,75000,3550000
car,Nissan,Tiida,2008,Automatic,Petrol,1500,140000,2650000
van,Suzuki,Every DA17,2017,Automatic,Petrol,650,45500,3085000
suv,Nissan,X-Trail,2015,Automatic,Petrol,2000,127000,5500000
car,Micro,MX 7 Geely,2015,Manual,Petrol,1500,55000,2250000
car,Suzuki,Wagon R ,2018,Automatic,Hybrid,650,20000,2975000
suv,Kia,Sorento,2004,Manual,Petrol,2300,90000,2600000
car,Suzuki,Wagon R Stingray,2017,Automatic,Petrol,650,46000,2975000
suv,Honda,Vezel RS Sensing,2016,Automatic,Hybrid,1500,63000,6850000
car,Suzuki,A-Star,2011,Manual,Petrol,1000,43100,2050000
pickup,Mahindra,Bolero,2017,Manual,Diesel,2500,28000,1775000
car,Suzuki,Maruti,2010,Manual,Petrol,800,30563,1225000
car,Toyota,Premio G Superior,2007,Automatic,Petrol,1500,140000,5375000
car,Hyundai,Trajet,2001,Automatic,Petrol,2000,146000,2200000
car,Suzuki,Swift,2004,Automatic,Petrol,1300,75000,2475000
car,Honda,Insight,2009,Automatic,Hybrid,1300,160600,3250000
car,Toyota,Aqua,2014,Automatic,Petrol,1500,61508,3750000
car,Suzuki,Liana,2005,Manual,Petrol,1300,103000,2250000
car,Suzuki,Swift Beetle,2008,Automatic,Petrol,1500,102000,3140000
car,Toyota,Aqua G Grade,2013,Automatic,Hybrid,1500,90000,3975000
car,Suzuki,Maruti 800,2010,Manual,Petrol,800,98000,1150000
car,Suzuki,Alto,2010,Manual,Petrol,800,80000,1640000
car,Toyota,Vitz,2015,Automatic,Petrol,1000,48000,4360000
car,Toyota,Aqua,2012,Automatic,Petrol,1500,80000,3400000
van,Toyota,KDH Dark Prime,2015,Automatic,Diesel,3000,58000,8750000
car,Nissan,Y11,2002,Automatic,Petrol,1300,159716,2050000
car,Toyota,Allion,2008,Automatic,Petrol,1500,130000,3865000
pickup,Toyota,Hilux Revo,2018,Automatic,Diesel,2800,14000,13200000
car,Suzuki,Maruti,2007,Manual,Petrol,800,120000,1075000
van,Nissan,Lion Face,2006,Automatic,Petrol,1800,120000,1200000
van,Suzuki,Every,2014,Automatic,Petrol,650,88000,2925000
suv,Toyota,Harrier,2018,Automatic,Petrol,2000,49000,17950000
car,Suzuki,Celerio,2015,Automatic,Petrol,1000,32150,2850000
car,Toyota,Premio,2017,Automatic,Petrol,1500,14000,8675000
suv,Honda,CRV,2018,Automatic,Petrol,1500,21000,12800000
van,Daihatsu,Hijet,2002,Automatic,Petrol,650,160000,1475000
car,Suzuki,Wagon R FZ,2018,Automatic,Petrol,650,23000,3200000
car,Suzuki,Maruti 800,2005,Manual,Petrol,800,74000,1070000
car,Perodua,Viva Elite,2010,Manual,Petrol,1000,88560,1800000
van,Nissan,Clipper,2012,Manual,Petrol,650,42000,2290000
car,Nissan,Leaf Azeo,2014,Automatic,Electric,70,69500,1985000
van,Hyundai,H100,2005,Manual,Diesel,2500,225000,1650000
car,Suzuki,Celerio,2016,Manual,Petrol,1000,85000,2675000
car,Honda,Fit GP5,2014,Automatic,Petrol,1500,80000,3600000
car,Nissan,Wingroad,2001,Manual,Petrol,1300,112453,1575000
car,Suzuki,Alto,2013,Manual,Petrol,800,53000,1830000
van,Toyota,Noah KR42,2003,Automatic,Diesel,2200,207000,4400000
suv,Mitsubishi,Montero Sport,2012,Automatic,Diesel,2500,49000,7100000
suv,Toyota,CHR,2020,Automatic,Petrol,1200,4500,10350000
car,Honda,Fit Aria,2008,Automatic,Petrol,1500,149233,2850000
van,Mazda,Bongo,2004,Manual,Diesel,1500,196875,3460000
car,Hyundai,Accent,2001,Manual,Petrol,1300,198000,1525000
car,Suzuki,Maruti,2006,Manual,Petrol,800,110020,830000
car,Honda,Fit Shuttle,2013,Automatic,Hybrid,1300,88000,4150000
car,Suzuki,Zen,2006,Manual,Petrol,1000,86000,1385000
pickup,Toyota,Hilux Rocco,2020,Automatic,Diesel,2800,533,16500000
car,Micro,MX 7 Geely,2013,Manual,Petrol,1500,71000,2000000
van,Toyota,Noah KR42,2002,Automatic,Petrol,1800,193000,4050000
car,Suzuki,Maruti,2010,Manual,Petrol,800,44000,1275000
van,Suzuki,Every,2014,Automatic,Petrol,650,50000,3260000
car,Suzuki,Wagon R FX,2017,Automatic,Petrol,650,47000,2600000
car,Suzuki,Alto,2015,Manual,Petrol,800,34000,2000000
car,Nissan,N16,2004,Automatic,Petrol,1600,130000,2350000
car,Toyota,Prius 2nd Generation,2013,Automatic,Hybrid,1800,134000,3250000
van,Nissan,Vanette,2008,Automatic,Diesel,2000,159065,3850000
car,Toyota,Corolla 121,2000,Automatic,Petrol,1500,200000,3000000
car,Toyota,Corolla 121,2007,Automatic,Petrol,1500,135400,3500000
van,Nissan,Vanette,2007,Automatic,Diesel,2000,310000,3300000
car,Suzuki,A-Star,2011,Manual,Petrol,1000,83000,2050000
car,Suzuki,Maruti,2007,Manual,Petrol,650,74000,1275000
van,Mazda,Bongo,2007,Manual,Diesel,2200,78000,3250000
car,Suzuki,Wagon R FZ,2017,Automatic,Hybrid,650,67717,2875000
car,Honda,Fit GP1,2012,Automatic,Hybrid,1300,68000,3390000
car,Suzuki,Alto,2015,Manual,Petrol,800,62000,1945000
car,Nissan,Sunny N16,2001,Automatic,Petrol,1600,165600,2400000
van,Suzuki,Every,2019,Automatic,Petrol,650,6046,2800000
van,Toyota,KDH High Roof,2009,Automatic,Diesel,3000,125000,6950000
van,Suzuki,Every DA64,2013,Automatic,Petrol,650,84000,2825000
van,Suzuki,Every,2017,Automatic,Petrol,650,47600,2812500
pickup,Mitsubishi,L200,2012,Manual,Diesel,2500,135000,5490000
car,Toyota,Prius,2008,Automatic,Hybrid,1800,124000,3490000
car,Toyota,Vitz,2007,Automatic,Petrol,1000,86000,3125000
car,Toyota,Vitz,2016,Automatic,Petrol,1000,48000,4475000
van,Nissan,Caravan,2003,Automatic,Petrol,2000,140000,3550000
car,Toyota,Corolla 121,2004,Automatic,Petrol,1500,175000,2550000
van,Suzuki,Every,2011,Automatic,Petrol,650,74000,2690000
car,Suzuki,Maruti,2011,Manual,Petrol,800,63600,1280000
car,Tata,Indigo,2006,Manual,Petrol,1500,128830,1100000
car,Honda,Civic,2018,Automatic,Petrol,1000,42000,6850000
car,Suzuki,Wagon R Stingray,2017,Automatic,Hybrid,650,43000,3590000
car,Toyota,Vitz,2007,Automatic,Petrol,1000,124000,2670000
car,Suzuki,Wagon R Stingray,2015,Automatic,Petrol,650,32000,3175000
suv,Kia,Sorento,2005,Automatic,Petrol,2500,113000,3175000
car,Suzuki,Alto 800,2017,Manual,Petrol,800,34000,1995000
van,Suzuki,Spacia,2015,Automatic,Hybrid,650,19550,3100000
car,Micro,Panda,2014,Manual,Petrol,1000,32500,1315000
suv,Honda,Vezel,2014,Automatic,Hybrid,1500,53000,5000000
car,Hyundai,Matrix,2006,Automatic,Petrol,1600,160000,1595000
car,Toyota,Vitz,2016,Automatic,Petrol,1000,28000,4525000
car,Toyota,Vitz,2008,Automatic,Petrol,1000,94500,3000000
van,Toyota,CR42,2001,Automatic,Diesel,2200,215000,4250000
car,Micro,MX 7,2013,Manual,Petrol,1500,69921,1565000
car,Toyota,Vitz,2008,Automatic,Petrol,1000,124650,2700000
van,Daihatsu,Hijet,2016,Automatic,Petrol,650,28000,2780000
car,Toyota,Axio WXB,2017,Automatic,Hybrid,1500,11000,7400000
car,Honda,Fit Shuttle,2017,Automatic,Petrol,1300,74000,4500000
car,Chery,QQ,2006,Manual,Petrol,800,57000,950000
car,Perodua,Viva Elite,2012,Automatic,Petrol,1000,68000,2365000
car,Honda,Fit GP1,2012,Automatic,Hybrid,1300,78500,3375000
suv,Honda,Vezel,2014,Automatic,Petrol,1500,71600,4975000
car,Tata,Nano,2014,Manual,Petrol,650,24560,1130000
car,Honda,Fit GP5,2013,Automatic,Petrol,1500,45000,3795000
car,Toyota,Axio X Grade,2007,Automatic,Petrol,1500,159000,4125000
van,Toyota,KDH 200 Super GL,2007,Automatic,Diesel,2500,145386,6775000
car,Suzuki,Swift,2008,Automatic,Petrol,1300,61000,2800000
car,Nissan,Sunny FB15,2001,Manual,Petrol,1500,157000,2280000
car,Suzuki,Wagon R FX,2017,Automatic,Hybrid,650,36000,3075000
car,Toyota,Axio,2014,Automatic,Hybrid,1500,69000,4675000
car,Honda,Fit GP5,2016,Automatic,Petrol,1500,69000,3950000
van,Suzuki,Every,2017,Automatic,Petrol,1000,25000,3375000
car,Suzuki,Wagon R,2017,Automatic,Hybrid,650,52777,3175000
suv,Toyota,CHR,2018,Automatic,Petrol,1200,20310,8600000
car,Nissan,Leaf,2013,Automatic,Electric,70,44300,1650000
van,Toyota,KDH 201 Super GL,2013,Automatic,Diesel,3000,125000,8250000
car,Toyota,Premio,2013,Automatic,Petrol,1500,135000,6400000
van,Hyundai,H100,2000,Manual,Diesel,2600,214420,2050000
car,Suzuki,Maruti,2004,Manual,Petrol,800,79284,990000
car,Suzuki,Alto,2014,Manual,Petrol,800,36000,1350000
car,Toyota,Axio G Grade,2014,Automatic,Hybrid,1500,82000,4975000
car,Toyota,Corolla 121,2005,Manual,Petrol,1300,175000,2950000
car,Honda,Insight,2009,Automatic,Hybrid,1300,97000,3485000
car,Nissan,Sunny FB15,2000,Automatic,Petrol,1500,149000,2250000
car,Toyota,Prius,2012,Automatic,Hybrid,1800,119000,4250000
pickup,Toyota,Hilux Vigo,2012,Manual,Diesel,2500,100000,7000000
van,Hyundai,H100,2000,Manual,Diesel,2500,312750,1875000
car,Toyota,Vios,2004,Automatic,Petrol,1500,190000,2780000
car,Suzuki,Swift RS Turbo,2018,Automatic,Petrol,1000,31000,5850000
van,Toyota,Noah KR42,2007,Automatic,Petrol,1800,81400,4500000
car,Toyota,Premio,2017,Automatic,Petrol,1500,34000,9500000
car,Hyundai,Eon,2016,Manual,Petrol,800,79900,2140000
car,Honda,City,2004,Automatic,Petrol,1500,87000,2675000
van,Nissan,Vanette Lion Face,2006,Manual,Diesel,2200,144020,3285000
car,Suzuki,Wagon R Stingray,2014,Automatic,Hybrid,650,56000,2650000
car,Suzuki,Alto,2015,Manual,Petrol,800,118000,1995000
car,Micro,Panda,2015,Manual,Petrol,1000,46000,1500000
car,Toyota,Allion,2016,Automatic,Petrol,1500,34000,8900000
car,Suzuki,Alto,2015,Manual,Petrol,800,15000,2250000
van,Toyota,KR42,2002,Automatic,Petrol,1500,98050,3050000
car,Mitsubishi,Lancer CS1,2003,Manual,Petrol,1600,190000,2100000
car,Suzuki,Wagon R Stingray,2018,Automatic,Hybrid,650,42000,3825000
car,Honda,Fit GP5,2014,Automatic,Petrol,1500,148000,3850000
pickup,Mahindra,Bolero Maxi Truck,2016,Manual,Diesel,2500,40000,1700000
car,Suzuki,Wagon R Stingray,2017,Automatic,Hybrid,650,72000,3425000
car,Suzuki,Maruti,2010,Manual,Petrol,800,29000,1225000
car,Suzuki,Wagon R,2015,Automatic,Hybrid,650,61000,2850000
car,Honda,City,2001,Automatic,Petrol,1500,164000,1700000
car,Suzuki,Wagon R,2018,Automatic,Petrol,650,19500,3350000
car,Suzuki,Celerio ZXI,2015,Manual,Petrol,1000,63000,2625000
car,Toyota,Vitz,2008,Automatic,Petrol,1000,89000,3385000
car,Nissan,Tiida Latio,2007,Automatic,Petrol,1500,147500,2650000
car,Toyota,Aqua,2013,Automatic,Petrol,1500,58000,3400000
car,Nissan,March K11,2001,Automatic,Petrol,1000,125950,1795000
van,Suzuki,DA64,2012,Automatic,Petrol,650,95000,2150000
car,Hyundai,Eon,2016,Manual,Petrol,800,9500,2300000
car,Toyota,Axio,2013,Automatic,Hybrid,1500,74200,4350000
van,Nissan,Vanette,2008,Automatic,Petrol,1800,210000,3375000
car,Mazda,Demio,2010,Automatic,Petrol,1300,155000,2925000
pickup,Toyota,Hilux Vigo,2007,Manual,Diesel,3000,152000,3500000
car,Toyota,Corolla 121,2001,Automatic,Petrol,1500,200000,2650000
car,Toyota,Vitz,2016,Automatic,Petrol,1000,40000,4650000
car,Suzuki,Wagon R,2014,Automatic,Petrol,650,47300,2975000
car,Toyota,Axio,2015,Automatic,Hybrid,1500,127000,4250000
car,Mazda,BJ5P,2003,Automatic,Petrol,1500,194560,1875000
car,Suzuki,Alto 800 LXI,2015,Manual,Petrol,800,73000,1760000
car,Toyota,Aqua,2013,Automatic,Hybrid,1500,55400,3900000
car,Micro,Panda,2016,Manual,Petrol,1000,51000,1525000
car,Suzuki,Wagon R Stingray,2018,Automatic,Hybrid,650,46000,3685000
car,Toyota,Prius,2010,Automatic,Hybrid,1800,110000,3275000
car,Suzuki,Celerio ZXI,2018,Automatic,Petrol,1000,45000,2650000
suv,Mitsubishi,Montero V6,2007,Automatic,Petrol,3500,120000,6950000
van,Honda,Freed,2015,Automatic,Petrol,1500,32000,5500000
car,Toyota,Vitz,2007,Automatic,Petrol,1000,140000,3125000
pickup,Toyota,Hilux,2010,Manual,Diesel,2500,63887,7200000
van,Suzuki,Every DA64,2018,Automatic,Petrol,650,26000,3975020
car,Honda,Fit GP1,2012,Automatic,Hybrid,1300,74000,3540000
car,Nissan,Sunny,2011,Automatic,Petrol,1500,146000,3050000
car,Suzuki,Maruti,2003,Manual,Petrol,800,50300,875000
car,Nissan,March K11,2000,Automatic,Petrol,1000,121000,1700000
van,Suzuki,Every,2014,Automatic,Petrol,650,78450,2850000
car,Suzuki,Maruti Sport,2012,Manual,Petrol,800,101000,1360000
car,Chery,QQ,2006,Manual,Petrol,800,120000,890000
car,Suzuki,Maruti,2006,Manual,Petrol,800,91000,1175000
car,Toyota,Aqua,2017,Automatic,Petrol,1500,15000,5100000
car,Toyota,Corolla 141,2008,Automatic,Petrol,1600,136000,3190000
car,Suzuki,Maruti 800,2004,Manual,Petrol,800,21560,960000
car,Toyota,Prius,2013,Automatic,Hybrid,1800,102000,4700000
car,Toyota,Axio,2017,Automatic,Hybrid,1500,23500,6125000
car,Suzuki,Alto 800 LXI,2015,Manual,Petrol,800,53000,1850000
van,Suzuki,Every DA17,2016,Automatic,Petrol,650,16500,3150000
car,Honda,Civic,2003,Automatic,Petrol,1600,189000,2875000
suv,Mitsubishi,Montero Sport,2012,Automatic,Diesel,2500,77166,8800000
car,Suzuki,Alto Sport,2010,Manual,Petrol,800,56000,1650000
car,Nissan,N16 Ex Saloon,2002,Automatic,Petrol,1600,262000,2275000
car,Honda,Insight,2011,Automatic,Hybrid,1300,186000,3400000
car,Chevrolet,Cruze,2004,Automatic,Petrol,1300,151000,2275000
car,Suzuki,Celerio,2015,Automatic,Petrol,1000,26700,2320000
car,Suzuki,Alto,2007,Automatic,Petrol,650,97000,1825000
car,Hyundai,Trajet,2000,Automatic,Diesel,2000,186450,1850000
car,Toyota,Prius 3rd Genaration,2009,Automatic,Hybrid,1800,125000,3250000
van,Toyota,Dolphin 172 Super GL,2001,Manual,Diesel,2000,122000,6100000
van,Toyota,KDH 201 Super GL,2011,Automatic,Diesel,3000,163387,7490000
car,Nissan,Tiida Latio,2007,Automatic,Petrol,1500,85000,2675000
car,Suzuki,Alto,2006,Manual,Petrol,800,142000,1425000
pickup,Mitsubishi,L200,2008,Manual,Diesel,2500,183000,2450000
car,Mahindra,KUV 100,2020,Manual,Petrol,1200,65,3395000
van,Suzuki,Every DA64,2006,Automatic,Petrol,650,130000,2350000
car,Kia,Rio,2003,Manual,Petrol,1500,128194,1180000
car,Toyota,Vios,2003,Manual,Petrol,1500,162000,2425000
van,Suzuki,Every DA64,2015,Automatic,Petrol,650,78000,2815000
car,Suzuki,Maruti,2006,Manual,Petrol,800,64000,1120000
car,Hyundai,Sonata,2000,Automatic,Petrol,2000,176523,1230000
car,Toyota,Vitz,2019,Automatic,Petrol,1000,5100,6200000
car,Suzuki,Maruti,2000,Manual,Petrol,800,40000,795000
van,Suzuki,Every,2013,Automatic,Petrol,650,11000,2550000
car,Toyota,AE110 ,2000,Automatic,Petrol,1500,109000,2480000
car,Perodua,Viva Elite,2009,Manual,Petrol,1000,10000,1925000
car,Toyota,Wigo,2017,Automatic,Petrol,1000,12250,3800000
car,Toyota,Axio G Grade,2008,Automatic,Petrol,1500,125000,4235000
van,Toyota,KDH,2011,Manual,Diesel,3000,270000,5600000
van,Suzuki,Every,2017,Manual,Petrol,650,7200,2700000
car,Honda,Fit,2012,Automatic,Hybrid,1300,67000,3290000
car,Toyota,Prius 2nd Generation,2010,Automatic,Hybrid,1500,124000,2850000
van,Toyota,Dolphin,2001,Automatic,Diesel,2200,175000,5225000
suv,Nissan,X-Trail,2015,Automatic,Hybrid,2000,36000,6750000
car,Suzuki,Wagon R FZ,2018,Automatic,Hybrid,650,47000,3480000
car,Nissan,EX Saloon,2000,Automatic,Petrol,1500,163000,2250000
car,Suzuki,Swift,2003,Automatic,Petrol,1300,126000,2170000
car,Suzuki,Alto,2003,Automatic,Petrol,650,80000,1575000
car,Hyundai,Eon,2016,Manual,Petrol,800,71000,1840000
car,Suzuki,Wagon R Stingray,2018,Automatic,Petrol,650,32700,3135000
car,Micro,Panda,2015,Manual,Petrol,1000,42000,1575000
van,Suzuki,Every,2011,Automatic,Petrol,650,93735,2185000
car,Toyota,Premio,2016,Automatic,Petrol,1500,72000,8600000
car,Daihatsu,Mira,2017,Automatic,Petrol,650,20300,3450000
car,Zotye,Z100,2018,Manual,Petrol,1000,19000,1650000
van,Toyota,Townace Noah,2001,Manual,Diesel,1800,191000,2300000
car,Datsun,Redi-GO,2017,Manual,Petrol,800,40000,1775000
van,Honda,Freed,2014,Automatic,Hybrid,1500,93800,4490000
car,Suzuki,Swift,2007,Automatic,Petrol,1300,139000,3030000
car,Toyota,Corolla 121,2008,Automatic,Petrol,1500,160100,3300000
car,Suzuki,Alto,2011,Manual,Petrol,800,100000,1485000
car,Toyota,Prius 3rd Genaration,2010,Automatic,Hybrid,1800,109000,3975000
car,Suzuki,Alto K10,2012,Manual,Petrol,1000,65000,1850000
van,Nissan,Vanette,2002,Manual,Diesel,2000,225000,3390000
car,Suzuki,Wagon R Stingray,2017,Automatic,Hybrid,650,42000,3595000
van,Mitsubishi,Mini Cab,2004,Manual,Petrol,650,65000,1625000
car,Toyota,Premio G Superior,2016,Automatic,Petrol,1500,46000,7150000
pickup,Tata,207,2011,Manual,Diesel,3000,118000,1050000
car,Suzuki,Wagon R FX,2017,Automatic,Hybrid,650,46000,3050000
car,Nissan,FB15,2001,Automatic,Petrol,1500,148000,2425000
car,Hyundai,Accent,2001,Automatic,Petrol,1500,162800,1450000
car,Tata,Nano,2016,Automatic,Petrol,650,101000,1375000
car,Suzuki,Maruti,2008,Manual,Petrol,800,71000,1100000
car,Chevrolet,Cruze,2004,Automatic,Petrol,1300,136000,2190000
car,Toyota,Premio F EX G Superior,2019,Automatic,Petrol,1500,4900,11190000
van,Suzuki,Every,2015,Automatic,Petrol,650,61000,3375000
car,Micro,Panda,2015,Manual,Petrol,1000,20415,1600000
van,Nissan,Vanette,2006,Manual,Diesel,2500,140000,3300000
car,Toyota,Premio,2007,Automatic,Petrol,1500,110206,5525000
car,Nissan,Wingroad,2008,Automatic,Petrol,1300,140000,2350000
car,Nissan,FB15,2004,Automatic,Petrol,1500,185000,2950000
car,Toyota,Yaris,2007,Automatic,Petrol,1300,155000,3650000
car,Toyota,Corolla 141,2008,Automatic,Petrol,1600,104538,3850000
car,Nissan,March,2001,Automatic,Petrol,1000,189900,1760000
car,Suzuki,Alto,2010,Manual,Petrol,800,123000,1475000
car,Suzuki,Maruti,2010,Manual,Petrol,800,68000,1250000
suv,Zotye,Nomad,2009,Manual,Petrol,1300,55000,1725000
van,Toyota,KR42 Noah,2008,Automatic,Petrol,1700,156000,3695000
suv,Mitsubishi,Outlander,2014,Automatic,Hybrid,2000,125400,7450000
car,Toyota,IST,2009,Automatic,Petrol,1500,127000,4050000
car,Toyota,Corolla,2001,Automatic,Petrol,1500,158000,3050000
car,Suzuki,Alto Japan,2004,Manual,Petrol,650,142406,1950000
car,Toyota,Vitz,2018,Automatic,Petrol,1000,3000,4075000
car,Suzuki,Celerio,2015,Manual,Petrol,1000,75000,2200000
car,Chery,QQ,2010,Manual,Petrol,800,96000,8000000
car,Toyota,Premio,2015,Automatic,Petrol,1500,82000,7850000
car,Suzuki,Swift,2003,Automatic,Petrol,1300,125000,1600000
car,Honda,Fit Shuttle,2012,Automatic,Hybrid,1500,75900,3625000
van,Nissan,Vanette,2006,Manual,Diesel,2000,228000,3650000
suv,Honda,Vezel Z Orange,2014,Automatic,Hybrid,1500,70879,4875000
car,Tata,Nano,2016,Manual,Petrol,650,47000,1425000
van,Mazda,Bongo,2007,Manual,Diesel,2000,166800,3500000
suv,Honda,Vezel,2018,Automatic,Petrol,1500,63900,9000000
pickup,Mahindra,Bolero,2014,Manual,Diesel,2500,69000,1550000
car,Toyota,Axio,2016,Automatic,Hybrid,1500,40000,5550000
car,Suzuki,Alto Japan,2004,Manual,Petrol,650,130000,1250000
car,Micro,Panda LC 1.0,2017,Manual,Petrol,1000,16000,1775000
van,Toyota,KDH 200,2006,Manual,Diesel,2500,145000,5690000
van,Suzuki,Every,2015,Manual,Petrol,650,37000,2865000
car,Toyota,Prius 3rd Genaration,2011,Automatic,Hybrid,1800,112500,3890000
car,Toyota,Aqua G Grade,2012,Automatic,Hybrid,1500,67000,3690000
car,Toyota,Vitz,2007,Automatic,Petrol,1000,175000,2650000
van,Suzuki,Every,2010,Automatic,Petrol,650,152460,1850000
car,Toyota,Wigo,2020,Automatic,Petrol,1000,38000,4350000
car,Toyota,Vitz,2018,Automatic,Petrol,1000,17500,5550000
suv,Honda,Vezel RS,2017,Automatic,Petrol,1500,14200,6800000
car,Toyota,Aqua,2013,Automatic,Hybrid,1500,72000,3750000
van,Toyota,KR42 Noah,2000,Manual,Diesel,2200,250000,3550000
car,Suzuki,Maruti,2002,Manual,Petrol,800,69000,965000
car,Micro,Trend,2009,Manual,Petrol,1100,67000,925000
car,Toyota,Aqua X Urban,2015,Automatic,Hybrid,1500,87000,4675000
pickup,Mahindra,Bolero,2018,Manual,Diesel,1500,32209,2275000
pickup,Mitsubishi,L200,2008,Manual,Diesel,2400,188071,4200000
van,Nissan,Vanette,2006,Automatic,Petrol,1800,142000,3050000
van,Suzuki,Every,2016,Automatic,Petrol,650,25000,2450000
car,Toyota,Allion,2005,Automatic,Petrol,1500,168000,3840000
car,Suzuki,Maruti,2008,Manual,Petrol,800,75500,1110000
car,Toyota,Axio WXB,2017,Automatic,Hybrid,1500,36300,6550000
car,Toyota,Aqua,2013,Automatic,Petrol,1500,63000,3265000
pickup,Tata,Xenon,2015,Manual,Diesel,2500,60523,1745000
car,Suzuki,Wagon R Stingray,2018,Automatic,Hybrid,650,14800,3725000
car,Tata,Nano,2011,Manual,Petrol,650,28900,875000
car,Suzuki,Liana,2002,Manual,Petrol,1300,121000,1615000
car,Toyota,Vitz,2018,Automatic,Petrol,1000,35000,5100000
car,Honda,Fit GP1,2013,Automatic,Petrol,1300,85000,3150000
car,Suzuki,A-Star,2010,Manual,Petrol,1000,92000,2000000
car,Nissan,Primera,2002,Automatic,Petrol,1800,96000,1560000
car,Suzuki,Alto,2015,Manual,Petrol,800,65000,1810000
van,Suzuki,Every,2012,Automatic,Petrol,650,85373,2650000
car,Zotye,Z100,2017,Manual,Petrol,1000,33000,1770000
car,Toyota,Axio,2015,Automatic,Hybrid,1500,54000,4375000
van,Nissan,Caravan,2005,Manual,Diesel,3000,190000,3600000
car,Toyota,Axio,2011,Automatic,Petrol,1500,26000,4575000
car,Suzuki,Alto K10,2011,Manual,Petrol,1000,100000,1650000
van,Toyota,KDH 201,2010,Manual,Diesel,2600,120000,6800000
car,Tata,Nano Twist,2017,Automatic,Petrol,650,20500,1505000
van,Nissan,Lion Face,2003,Automatic,Petrol,1800,247000,2825000
car,Nissan,March AK12,2007,Automatic,Petrol,1300,61000,2430000
car,Suzuki,Wagon R Stingray,2018,Automatic,Hybrid,650,55000,3675000
car,Toyota,Aqua X Urban,2015,Automatic,Hybrid,1500,85000,4400000
van,Nissan,Clipper NV100,2016,Automatic,Petrol,650,14000,3175000
car,Nissan,March K11,2001,Automatic,Petrol,1000,121000,1775000
car,Toyota,Premio,2010,Automatic,Petrol,1500,74000,5875000
car,Suzuki,Alto 800 LXI,2006,Manual,Petrol,800,110000,1340000
car,Suzuki,Maruti 800,2005,Manual,Petrol,800,94000,1050000
car,Suzuki,Maruti 800,2010,Manual,Petrol,800,19500,1350000
van,Suzuki,Every,2018,Automatic,Petrol,650,5000,4075000
suv,Honda,Vezel RS,2017,Automatic,Hybrid,1500,60000,6000000
car,Suzuki,Alto,2015,Manual,Petrol,800,41000,1890000
van,Nissan,Caravan,2001,Manual,Diesel,3000,259000,3650000
car,Kia,Rio,2001,Automatic,Petrol,1500,135000,1275000
suv,Toyota,CHR,2017,Automatic,Hybrid,1800,72000,8500000
car,Suzuki,Swift,2006,Automatic,Petrol,1300,97500,2675000
car,Toyota,Aqua,2013,Automatic,Petrol,1500,83000,3285000
car,Toyota,Axio,2015,Automatic,Petrol,1500,39000,4550000
van,Toyota,KDH High Roof,2016,Manual,Diesel,2500,21000,8500000
car,Toyota,Prius,2016,Automatic,Hybrid,1800,39000,6750000
car,Suzuki,Alto,2015,Manual,Petrol,800,65000,2125000
car,Suzuki,Maruti 800,2005,Manual,Petrol,800,50000,1050000
car,Toyota,Prius,2012,Automatic,Petrol,1800,64000,4550000
car,Suzuki,Alto,2007,Manual,Petrol,800,118000,1385000
pickup,Mahindra,Bolero,2015,Manual,Diesel,2500,43756,2195000
car,Suzuki,Alto Japan,2004,Automatic,Petrol,650,108100,1950000
car,Toyota,Premio,2004,Automatic,Petrol,1500,136500,3450000
pickup,Mahindra,Bolero,2011,Manual,Diesel,2500,100000,1550000
suv,Nissan,X-Trail,2016,Automatic,Hybrid,2000,62000,7200000
car,Suzuki,Swift,2002,Automatic,Petrol,1300,151000,2175000
car,Suzuki,Maruti,2014,Manual,Petrol,800,17960,1890000
car,Suzuki,Zen,2005,Manual,Petrol,1000,111000,1175000
car,Suzuki,Alto,2015,Manual,Petrol,800,55000,1775000
car,Suzuki,A-Star,2011,Manual,Petrol,1000,83500,1875000
car,Nissan,Leaf,2014,Automatic,Electric,70,114000,1910000
car,Nissan,Leaf,2017,Automatic,Electric,70,60000,1350000
car,Toyota,Aqua G Grade,2013,Automatic,Petrol,1500,68000,3775000
car,Suzuki,Alto,2006,Manual,Petrol,800,119000,1365000
car,Toyota,Vitz,2018,Automatic,Petrol,1000,5000,5890000
van,Toyota,KDH,2006,Automatic,Petrol,2000,244500,4800000
van,Nissan,Clipper,2013,Automatic,Petrol,650,78000,2490000
car,Toyota,Prius,2010,Automatic,Hybrid,1800,161500,3150000
car,Honda,Fit Shuttle,2014,Automatic,Hybrid,1300,54000,4500000
car,Suzuki,Wagon R FZ,2014,Automatic,Hybrid,650,56000,2425000
car,Mazda,Axela,2014,Automatic,Hybrid,2000,79300,5350000
pickup,Mahindra,Bolero,2015,Manual,Diesel,2500,45250,1975000
suv,Toyota,CHR GT TURBO,2018,Automatic,Petrol,1200,33000,8350000
car,Toyota,Aqua G Grade,2015,Automatic,Petrol,1500,76000,4275000
car,Toyota,Aqua,2013,Automatic,Hybrid,1500,99000,3200000
car,Suzuki,Wagon R Stingray,2014,Automatic,Hybrid,650,57000,3100000
car,Suzuki,A-Star,2011,Manual,Petrol,1000,120000,1925000
suv,Honda,CRV,2019,Automatic,Petrol,1500,3900,14250000
car,Suzuki,Alto,2015,Manual,Petrol,800,39000,1925000
van,Nissan,Clipper,2015,Manual,Petrol,650,80400,2575000
car,Suzuki,Wagon R,2018,Automatic,Hybrid,650,22000,2850000
van,Toyota,KR42 Noah,2001,Automatic,Diesel,2200,154000,4100000
car,Suzuki,Maruti 800,2006,Manual,Petrol,800,88828,1100000
car,Suzuki,Stingray,2017,Automatic,Hybrid,650,18050,3650000
suv,Nissan,X-Trail,2011,Automatic,Petrol,2500,110000,5550000
van,Suzuki,Every,2012,Automatic,Petrol,650,145000,3050000
car,Chery,QQ,2006,Manual,Petrol,800,75000,850000
van,Toyota,KDH,2010,Manual,Diesel,2500,210000,6650000
car,Suzuki,Alto,2015,Manual,Petrol,800,17000,2075000
car,Tata,Nano Twist,2015,Manual,Petrol,650,99000,1150000
car,Suzuki,Alto,2015,Manual,Petrol,800,90000,1975000
car,Toyota,Axio,2013,Automatic,Hybrid,1500,70000,3790000
car,Suzuki,Maruti,2009,Manual,Petrol,800,57000,1250000
car,Micro,Geely MX7,2014,Manual,Petrol,1500,111431,2150000
car,Suzuki,Alto Japan,2009,Automatic,Petrol,650,109000,2400000
car,Toyota,Aqua S Grade,2012,Automatic,Petrol,1500,93000,3350000
car,Toyota,Axio,2014,Automatic,Hybrid,1500,90000,4525000
car,Toyota,Premio G Superior,2019,Automatic,Petrol,1500,3100,11650000
pickup,Mahindra,Bolero Maxi Truck,2015,Manual,Diesel,2500,65000,1680000
car,Suzuki,Wagon R FZ,2017,Automatic,Hybrid,650,52900,3249000
car,Suzuki,Wagon R Stingray,2014,Automatic,Hybrid,650,43000,2975000
pickup,Mahindra,Bolero,2016,Manual,Diesel,2500,68000,2425000
car,Chery,QQ,2006,Manual,Petrol,800,41726,895000
car,Suzuki,Alto,2009,Manual,Petrol,800,85000,1600000
car,Toyota,Vitz,2008,Automatic,Petrol,1000,85000,3200000
car,Toyota,Prius,2013,Automatic,Hybrid,1800,127000,4450000
car,Suzuki,800,2007,Manual,Petrol,800,61000,1050000
suv,Toyota,CHR,2019,Automatic,Petrol,1200,14000,7700000
car,Suzuki,Wagon R FZ,2017,Automatic,Hybrid,650,25300,3150000
car,Tata,Nano,2015,Manual,Petrol,650,40000,1170000
car,Honda,Fit Shuttle,2013,Automatic,Petrol,1500,132000,4050000
car,Kia,Rio,2002,Manual,Petrol,1500,147417,1200000
car,Suzuki,Wagon R Stingray,2016,Automatic,Petrol,650,58210,2595000
car,Toyota,Axio,2015,Automatic,Hybrid,1500,92000,5000000
car,Mitsubishi,Lancer,2001,Manual,Petrol,1600,196000,1825000
car,Micro,Panda,2015,Manual,Petrol,1000,22000,1500000
car,Micro,Panda,2015,Manual,Petrol,1000,31000,1595000
car,Toyota,Prius 2nd Generation,2008,Automatic,Hybrid,1500,170350,3550000
car,Suzuki,Alto,2016,Manual,Petrol,600,41800,2870000
car,Toyota,Prius,2010,Automatic,Hybrid,1800,92000,3750000
car,Perodua,Axia,2015,Manual,Petrol,1000,70000,2700000
van,Nissan,E25,2003,Automatic,Diesel,3200,320000,4000000
car,Nissan,March,2002,Manual,Petrol,1300,105000,2150000
van,Suzuki,Spacia,2018,Automatic,Hybrid,650,43000,3550000
car,Toyota,Vitz,2000,Automatic,Petrol,1000,170000,2025000
car,Suzuki,Maruti Zen,2004,Manual,Petrol,1000,162000,1225000
car,Tata,Indica,2006,Manual,Petrol,1400,107000,1125000
car,Nissan,Leaf,2012,Automatic,Electric,70,54000,1175000
suv,Honda,Vezel Z Grade,2015,Automatic,Hybrid,1500,97000,5125000
car,Suzuki,Alto 800,2015,Manual,Petrol,800,46000,1850000
suv,Mitsubishi,Montero Sport,2012,Automatic,Diesel,2500,152000,8450000
car,Suzuki,Maruti,2011,Manual,Petrol,800,80000,1310000
car,Toyota,Passo,2005,Automatic,Petrol,1000,105000,2800000
car,Honda,Fit Shuttle,2012,Automatic,Hybrid,1300,148000,3650000
car,Nissan,N16,2002,Manual,Petrol,1600,143000,2200000
van,Suzuki,Every,2013,Automatic,Petrol,650,117000,3075000
car,Toyota,AE110 ,2001,Manual,Petrol,1500,208772,1800000
car,Suzuki,Wagon R FX,2018,Automatic,Petrol,650,42000,3190000
car,Honda,Fit GP5,2014,Automatic,Petrol,1500,67000,4150000
car,Suzuki,Wagon R FZ,2015,Automatic,Petrol,650,72000,3090000
car,Suzuki,Wagon R Stingray,2018,Automatic,Hybrid,650,65000,3375000
car,Tata,Indica,2007,Manual,Petrol,1300,67500,995000
car,Suzuki,Swift,2017,Automatic,Hybrid,1300,26500,4975000
car,Mazda,Demio,2000,Manual,Petrol,1300,176000,1650000
car,Suzuki,Alto,2015,Automatic,Petrol,800,152000,1775000
car,Suzuki,A-Star,2011,Manual,Petrol,1000,46700,2075000
car,Suzuki,Wagon R Stingray,2015,Automatic,Petrol,650,58000,2795000
suv,Nissan,X-Trail,2016,Automatic,Petrol,2000,67000,6550000
car,Suzuki,Wagon R FX,2017,Automatic,Petrol,650,7500,3250000
car,Suzuki,Swift RS Turbo,2017,Automatic,Petrol,1000,11200,5550000
van,Suzuki,Every,2014,Automatic,Petrol,650,106000,2975000
car,Honda,Fit,2015,Automatic,Petrol,1500,67500,4400000
car,Perodua,Viva Elite,2008,Automatic,Petrol,1000,87402,2250000
car,Toyota,Aqua,2012,Automatic,Hybrid,1500,153000,3150000
van,Suzuki,DA64,2012,Manual,Petrol,650,158000,1995000
car,Nissan,Sunny FB15,2001,Automatic,Petrol,1500,120000,2450000
car,Toyota,Belta,2007,Automatic,Petrol,1000,80000,3550000
van,Suzuki,Every,2015,Automatic,Petrol,650,28000,2550000
car,Suzuki,Maruti 800,2005,Manual,Petrol,800,70000,965000
van,Toyota,KDH 201 Super GL,2011,Automatic,Diesel,3000,155000,7275000
car,Suzuki,Alto,2015,Manual,Petrol,800,40000,2000000
car,Perodua,Viva Elite,2010,Manual,Petrol,1000,128000,1890000
car,Nissan,Sunny,2001,Manual,Diesel,1500,166752,1750000
car,Chery,QQ,2011,Manual,Petrol,800,41000,1025000
car,Toyota,Premio,2017,Automatic,Petrol,1500,25000,9650000
car,Toyota,Vitz,2007,Automatic,Petrol,1000,120000,3250000
car,Toyota,Axio G Grade,2015,Automatic,Petrol,1500,55000,4575000
car,Suzuki,Wagon R Stingray,2017,Automatic,Hybrid,650,42000,3050000
car,Mazda,Familia BJ5P,2000,Automatic,Petrol,1600,190000,1890000
van,Suzuki,Spacia G,2017,Automatic,Electric,650,80000,2950000
car,Suzuki,Celerio ZXI,2015,Manual,Petrol,1000,91000,2675000
car,Suzuki,Alto 800,2015,Manual,Petrol,800,23000,1800000
car,Suzuki,Maruti,2003,Manual,Petrol,800,106000,895000
car,Toyota,Axio,2008,Automatic,Petrol,1500,87500,3850000
car,Suzuki,Maruti 800,2001,Manual,Petrol,800,195740,980000
car,Toyota,Vitz,2008,Automatic,Petrol,1000,85500,3450000
car,Mazda,6,2016,Automatic,Petrol,2000,63000,9150000
van,Nissan,Vanette Lion Face,2005,Manual,Diesel,2200,25000,3350000
car,Toyota,Vitz,2018,Automatic,Petrol,1000,16745,5250000
car,Suzuki,Maruti,2008,Manual,Petrol,800,68900,1160000
car,Perodua,Kelisa,2005,Automatic,Petrol,1000,98000,1750000
car,Toyota,Tank,2019,Automatic,Petrol,1000,15800,5925000
car,Toyota,Premio,2007,Automatic,Petrol,1500,127000,5650000
car,Nissan,N16,2002,Automatic,Petrol,1500,227000,2470000
van,Mazda,Bongo,2011,Manual,Diesel,2000,89000,4685000
car,Toyota,Vitz,2016,Automatic,Petrol,1000,56000,4535000
car,Suzuki,Swift,2003,Automatic,Petrol,1500,91000,1990000
car,Zotye,Z100,2018,Manual,Petrol,1000,27500,1935000
car,Suzuki,Maruti,2006,Manual,Petrol,800,75000,1050000
car,Chery,QQ,2011,Manual,Petrol,800,30000,1200000
suv,Mitsubishi,Montero,2001,Automatic,Petrol,2000,170000,3050000
car,Nissan,FB15,2005,Automatic,Petrol,1500,150817,2375000
pickup,Mahindra,Bolero,2014,Manual,Diesel,2500,46000,1575000
car,Micro,Panda,2015,Manual,Petrol,1000,45000,1595000
car,Toyota,Aqua,2012,Automatic,Hybrid,1500,88500,3325000
car,Toyota,Aqua,2014,Automatic,Hybrid,1500,120000,3775000
car,Suzuki,Alto K10,2012,Manual,Petrol,1000,92042,1725000
suv,Honda,Vezel RS Sensing,2016,Automatic,Petrol,1500,29471,5850000
car,Nissan,March K11,2000,Automatic,Petrol,1200,89000,1550000
car,Suzuki,Stingray,2017,Automatic,Petrol,650,47000,3350000
car,Suzuki,Alto,2011,Automatic,Petrol,650,107550,2075000
car,Honda,Fit,2017,Automatic,Hybrid,1300,79000,4300000
van,Toyota,KR42 Noah,2000,Automatic,Diesel,2100,165000,3655000
pickup,Toyota,Hilux,2009,Manual,Diesel,3000,130000,4375000
car,Hyundai,Eon,2016,Manual,Petrol,800,14813,1990000
car,Toyota,Vitz,2017,Automatic,Petrol,1000,21000,4900000
car,Toyota,Corolla 121,2003,Automatic,Petrol,1500,230000,3350000
van,Toyota,KDH,2007,Automatic,Diesel,2500,130000,6300000
car,Toyota,Prius,2011,Automatic,Hybrid,1800,98000,4150000
car,Suzuki,Swift RS Turbo,2017,Automatic,Petrol,1000,21500,5200000
car,Suzuki,Maruti,2005,Manual,Petrol,800,115000,1050000
car,Suzuki,A-Star,2011,Manual,Petrol,1000,86000,1840000
car,Suzuki,Maruti 800,2010,Manual,Petrol,800,35000,1400000
car,Suzuki,Alto,2015,Manual,Petrol,800,16333,1865000
car,Toyota,Corolla 121,2003,Automatic,Petrol,1500,158000,3400000
car,Toyota,Axio,2015,Automatic,Hybrid,1500,57000,5650000
car,Toyota,Axio X Grade,2007,Automatic,Petrol,1500,137000,4000000
van,Toyota,KDH 201,2015,Automatic,Diesel,3000,46000,950000
car,Nissan,Leaf,2014,Automatic,Electric,70,63000,1950000
car,Mitsubishi,Lancer CS3,2010,Automatic,Petrol,1600,81000,3350000
car,Suzuki,Maruti,2004,Manual,Petrol,800,81789,840000
car,Toyota,Axio,2007,Automatic,Petrol,1500,147520,3975000
van,Suzuki,Spacia,2016,Automatic,Petrol,650,66000,3250000
car,Nissan,FB15,2000,Automatic,Petrol,1300,170000,2175000
car,Toyota,Allion,2016,Automatic,Petrol,1500,56000,7900000
van,Micro,MPV,2013,Manual,Petrol,1100,40400,1450000
van,Toyota,KDH 221,2015,Automatic,Diesel,3000,198000,7700000
car,Honda,Fit GP5,2013,Automatic,Petrol,1500,66000,3800000
van,Suzuki,Every,2017,Manual,Petrol,650,72000,2300000
car,Toyota,Premio 240,2003,Automatic,Petrol,1500,142000,3550000
car,Toyota,Prius 3rd Generation,2013,Automatic,Petrol,1800,68650,4250000
car,Suzuki,Maruti Zen,2006,Manual,Petrol,1000,107000,1375000
car,Suzuki,Maruti,2006,Manual,Petrol,800,25468,1175000
car,Suzuki,Maruti,2005,Manual,Petrol,800,2000,1200000
car,Toyota,Prius,2012,Automatic,Petrol,1800,86000,4200000
car,Toyota,Aqua,2014,Automatic,Hybrid,1500,64000,3300000
car,Toyota,Allion 240,2006,Automatic,Petrol,1500,127000,4250000
car,Nissan,Sunny,2002,Automatic,Petrol,1500,178500,2300000
pickup,Mahindra,Bolero,2012,Manual,Diesel,2500,55000,1325000
car,Nissan,N16,2001,Automatic,Petrol,1500,111000,2400000
car,Suzuki,Alto,2014,Manual,Petrol,800,54000,1975000
car,Toyota,Vitz,2019,Automatic,Petrol,1000,4000,5975000
car,Honda,Fit GP5,2014,Automatic,Petrol,1500,75640,4050000
car,Suzuki,Wagon R Stingray,2015,Automatic,Hybrid,650,30000,3150000
car,Honda,Grace,2016,Automatic,Hybrid,1500,36170,6400000
car,Micro,Trend,2009,Manual,Petrol,1100,61000,925000
suv,Nissan,X-Trail,2001,Automatic,Petrol,2000,160000,3150000
car,Honda,Civic,2017,Manual,Petrol,1000,29000,6800000
car,Toyota,Aqua,2012,Automatic,Hybrid,1500,83000,3495000
car,Suzuki,Maruti,2007,Manual,Petrol,800,58000,1175000
pickup,Tata,Xenon,2015,Manual,Diesel,3000,36000,1525000
car,Honda,Fit Shuttle,2014,Automatic,Hybrid,1500,80000,3900000
car,Toyota,Aqua,2014,Automatic,Hybrid,1500,77000,3950000
car,Suzuki,Maruti,2006,Manual,Petrol,800,23000,1150000
car,Tata,Nano,2011,Manual,Petrol,650,120000,800000
car,Suzuki,Wagon R,2015,Automatic,Petrol,650,20000,2845000
car,Toyota,Allion,2007,Automatic,Petrol,1800,120000,4665000
van,Toyota,KDH 223,2009,Automatic,Diesel,3000,238000,7375000
car,Honda,Fit,2010,Automatic,Petrol,1300,125000,2650000
car,Honda,Insight,2010,Automatic,Hybrid,1300,150000,3350000
pickup,Toyota,Hilux,2007,Manual,Diesel,2500,123000,5300000
car,Micro,MX 7,2013,Manual,Petrol,1500,69000,1875000
van,Nissan,Caravan,2001,Manual,Diesel,3000,321050,3900000
car,Toyota,Premio,2017,Automatic,Petrol,1500,80000,9500000
car,Suzuki,Liana,2006,Automatic,Petrol,1500,103000,2200000
car,Honda,Fit GP1,2011,Automatic,Hybrid,1300,93200,2850000
car,Suzuki,Wagon R,2017,Automatic,Petrol,650,70000,1000000
car,Tata,Nano,2011,Manual,Petrol,650,150000,760000
car,Suzuki,Alto,2015,Manual,Petrol,800,89300,1775000
car,Toyota,Prius,2012,Automatic,Hybrid,1800,88500,4000000
car,Suzuki,Alto K10,2015,Manual,Petrol,1000,61000,2000000
car,Perodua,Kenari,2007,Manual,Petrol,1000,69000,1785000
suv,Hyundai,Tuscon,2011,Automatic,Petrol,2000,53000,4750000
car,Honda,Fit GP5,2016,Automatic,Hybrid,1500,30000,4950000
car,Suzuki,800,2007,Manual,Petrol,800,62850,990000
car,Hyundai,Accent,2002,Manual,Petrol,1500,143000,1200000
suv,Honda,Vezel,2014,Automatic,Hybrid,1500,68000,4350000
car,Tata,Nano,2016,Manual,Petrol,650,80000,1250000
car,Nissan,March,2000,Automatic,Petrol,1000,171500,1600000
car,Tata,Nano,2011,Manual,Petrol,650,85000,775000
car,Toyota,Prius,2011,Automatic,Hybrid,1800,140000,4100000
car,Toyota,Premio,2009,Automatic,Petrol,1500,98000,5450000
car,Suzuki,Alto,2011,Manual,Petrol,800,88460,1675000
car,Toyota,Vitz,2016,Automatic,Petrol,1000,8750,4475000
car,Renault,KWID,2016,Manual,Petrol,800,85000,1685000
car,Nissan,Bluebird,2001,Automatic,Petrol,1500,137890,2425000
pickup,Tata,207,2014,Manual,Diesel,2800,41000,1400000
van,Suzuki,Every,2015,Automatic,Petrol,650,33000,3150000
car,Toyota,Passo,2005,Automatic,Petrol,1000,25000,2550000
car,Toyota,Allion 240,2006,Automatic,Petrol,1500,44000,4800000
car,Suzuki,Wagon R FX,2017,Automatic,Hybrid,650,73000,3040000
car,Hyundai,Eon,2017,Manual,Petrol,800,39000,2250000
car,Suzuki,Alto 800 LXI,2010,Manual,Petrol,800,118000,1525000
van,Mitsubishi,Mini Cab,2015,Automatic,Petrol,650,90000,2000000
van,Suzuki,Spacia G,2017,Automatic,Petrol,650,54000,3450000
car,Toyota,Axio,2014,Automatic,Hybrid,1500,57000,4950000
car,Hyundai,Eon,2015,Manual,Petrol,800,65000,1885000
suv,Toyota,CHR,2018,Automatic,Petrol,1200,48000,8350000
car,Chery,QQ,2006,Manual,Petrol,800,40000,850000
suv,Kia,Sorento,2012,Automatic,Diesel,1500,117000,7450000
car,Nissan,Sunny,2000,Automatic,Petrol,1500,171519,2350000
suv,Mitsubishi,Outlander,2015,Automatic,Hybrid,2000,72000,8200000
car,Toyota,Axio X Grade,2016,Automatic,Hybrid,1500,93000,5750000
pickup,Tata,Xenon,2016,Manual,Diesel,3000,12000,1875000
van,Suzuki,Every,2002,Manual,Petrol,650,250000,1490000
suv,Honda,Vezel,2015,Automatic,Hybrid,1500,71500,5490000
car,Chery,QQ,2011,Manual,Petrol,800,31890,1175000
car,Suzuki,Alto,2011,Manual,Petrol,800,71884,1795000
car,Nissan,Cefiro,2000,Automatic,Petrol,2000,150000,1980000
car,Suzuki,Alto,2015,Manual,Petrol,800,33000,1810000
car,Honda,Fit Aria,2008,Automatic,Petrol,1500,14000,2550000
car,Suzuki,Wagon R FZ,2014,Automatic,Petrol,650,35000,2425000
suv,Toyota,CHR,2017,Automatic,Petrol,1200,37800,7950000
suv,Mitsubishi,Montero V6,2007,Automatic,Diesel,2800,150000,8650000
car,Toyota,Vios,2004,Automatic,Petrol,1500,160000,2750000
car,Nissan,Wingroad,2000,Automatic,Petrol,1500,58556,1750000
car,Suzuki,Alto 800 LXI,2015,Manual,Petrol,800,89000,1965000
van,Suzuki,DA64,2011,Automatic,Petrol,650,65320,2675000
car,Nissan,Clipper,2016,Automatic,Petrol,650,100955,2900000
car,Suzuki,Maruti,2011,Manual,Petrol,800,27900,1290000
car,Toyota,Passo,2005,Automatic,Petrol,1000,194000,2525000
car,Suzuki,Alto,2005,Manual,Petrol,650,200000,1725000
car,Toyota,Passo,2005,Automatic,Petrol,1000,62130,2500000
car,Toyota,Axio,2009,Automatic,Petrol,1500,235000,4190000
car,Suzuki,800,2014,Manual,Petrol,800,40000,1735000
van,Nissan,Vanette Lion Face,2004,Manual,Diesel,2200,220000,2780000
car,Suzuki,Maruti Sport,2011,Manual,Petrol,800,60000,1325000
car,Suzuki,Maruti,2011,Manual,Petrol,800,65000,1190000
van,Mitsubishi,Mini Cab,2015,Automatic,Petrol,900,145000,2350000
suv,Nissan,X-Trail,2002,Automatic,Petrol,2000,176000,2690000
suv,Mitsubishi,Pajero,2000,Automatic,Petrol,1800,84506,2550000
car,Nissan,Sunny N16,2001,Automatic,Petrol,1500,95000,2275000
car,Toyota,Axio,2015,Automatic,Hybrid,1500,96000,5050000
van,Nissan,Vanette,2000,Automatic,Petrol,1800,94000,2490000
car,Toyota,Corolla 141,2008,Automatic,Petrol,1600,160000,3625000
car,Suzuki,Alto,2015,Manual,Petrol,800,44000,1985000
car,Nissan,Sunny FB15,2000,Automatic,Petrol,1500,130000,2190000
car,Suzuki,Wagon R Stingray,2018,Automatic,Petrol,650,39000,3700000
car,Honda,Freed,2011,Automatic,Hybrid,1500,101000,4275000
car,Tata,Nano Twist,2015,Manual,Petrol,650,25000,1450000
pickup,Mahindra,Bolero,2016,Manual,Diesel,2500,330000,1700000
car,Nissan,Leaf,2013,Automatic,Electric,80,66000,1590000
van,Suzuki,Every,2017,Automatic,Petrol,650,57000,2585000
van,Toyota,KDH 200,2014,Automatic,Petrol,2500,140000,6600000
car,Toyota,Allion 260,2008,Automatic,Petrol,1500,110000,5050000
car,Nissan,N16,2000,Automatic,Petrol,1600,121300,2275000
car,Daihatsu,Mira,2017,Automatic,Petrol,650,19000,3450000
car,Suzuki,Wagon R FZ,2017,Automatic,Petrol,650,14520,2850000
car,Suzuki,Alto,2011,Manual,Petrol,600,73000,1650000
car,Micro,Panda,2017,Manual,Petrol,1000,12500,1795000
car,Suzuki,Alto,2015,Manual,Petrol,800,13000,1975000
car,Suzuki,Alto Japan,2007,Automatic,Petrol,650,53000,1680000
car,Toyota,Premio,2018,Automatic,Petrol,1500,47600,10750000
car,Suzuki,Celerio ZXI,2016,Manual,Petrol,1000,47000,2330000
car,Toyota,Premio G Superior,2011,Automatic,Petrol,1500,173564,5725000
car,Suzuki,Maruti 800,2006,Manual,Petrol,800,82000,1160000
car,Toyota,Allion,2004,Automatic,Petrol,1500,124000,4200000
car,Toyota,Vios,2004,Automatic,Petrol,1500,180300,2800000
car,Nissan,Y11,2004,Automatic,Petrol,1300,206000,2100000
van,Toyota,KDH,2017,Automatic,Petrol,2000,25000,7990000
van,Suzuki,Spacia,2016,Automatic,Petrol,650,48000,3205000
van,Nissan,Caravan,2006,Automatic,Diesel,3000,169000,3950000
car,Suzuki,Alto 800,2015,Manual,Petrol,800,62000,1890000
car,Suzuki,Maruti Zen,2005,Manual,Petrol,1000,138757,1250000
car,Toyota,Pixis,2015,Automatic,Petrol,650,65000,2625000
car,Micro,MX 7 Geely,2012,Manual,Petrol,1500,148000,1700000
car,Suzuki,Wagon R Stingray,2018,Automatic,Hybrid,650,71000,3750000
car,Nissan,Sunny,2003,Automatic,Petrol,1500,170123,2375000
car,Suzuki,Estilo,2011,Manual,Petrol,1000,76300,1700000
car,Suzuki,Alto,2014,Manual,Petrol,800,51000,1700000
car,Suzuki,Maruti,2006,Manual,Petrol,800,47000,1150000
car,Toyota,Vitz,2008,Automatic,Petrol,1000,85000,3450000
car,Toyota,Prius,2014,Automatic,Hybrid,1800,73843,4750000
car,Tata,Nano,2016,Manual,Petrol,650,41700,1200000
car,Nissan,Sunny N16,2001,Automatic,Petrol,1500,146000,2275000
car,Suzuki,Wagon R FZ,2017,Automatic,Hybrid,650,55000,3750000
car,Toyota,Axio,2015,Automatic,Hybrid,1500,85000,4995000
suv,Nissan,X-Trail,2001,Automatic,Petrol,2000,200000,3000000
car,Toyota,Premio,2017,Automatic,Petrol,1500,43000,9475000
car,Suzuki,A-Star,2011,Manual,Petrol,1000,158000,1950000
car,Toyota,Corolla 141,2008,Automatic,Petrol,1600,120000,3600000
car,Chery,QQ,2010,Manual,Petrol,800,39000,925000
car,Toyota,Vitz,2015,Automatic,Petrol,1000,65000,4275000
pickup,Toyota,Hilux,2009,Manual,Diesel,3000,157000,3975000
car,Tata,Nano,2016,Manual,Petrol,650,60000,1290000
car,Honda,Civic FD3,2013,Automatic,Hybrid,1300,110000,3300000
car,Renault,KWID RXT,2016,Manual,Petrol,800,38000,1840000
car,Suzuki,Maruti,2007,Manual,Petrol,800,58000,1040000
car,Suzuki,Maruti 800,2007,Manual,Petrol,800,81000,1140000
pickup,Mahindra,Bolero Maxi Truck,2015,Manual,Diesel,2500,50000,1995000
car,Suzuki,Alto,2015,Manual,Petrol,800,67000,1910000
car,Suzuki,Stingray,2017,Automatic,Hybrid,650,18700,3195000
van,Nissan,Caravan,2008,Manual,Diesel,3000,389340,3990000
car,Honda,Fit Shuttle,2013,Automatic,Hybrid,1300,147300,4400000
car,Tata,Indica,2015,Manual,Petrol,1200,52000,1625000
car,Toyota,Vitz,2015,Automatic,Petrol,1000,51000,4275000
car,Nissan,Leaf,2013,Automatic,Electric,70,165800,1825000
suv,Toyota,Raize,2020,Automatic,Petrol,1000,5600,7625000
pickup,Toyota,Hilux Vigo,2010,Manual,Diesel,3000,147000,4550000
suv,Honda,Vezel Z Grade,2015,Automatic,Hybrid,1500,97050,5125000
van,Mitsubishi,Mini Cab,2000,Automatic,Petrol,650,146000,1375000
car,Suzuki,Alto,2015,Manual,Petrol,800,135240,1880000
van,Daihatsu,Hijet,2012,Automatic,Petrol,650,77400,2325000
car,Mitsubishi,Lancer GLX,2002,Manual,Petrol,1300,183000,1890000
car,Toyota,Vitz,2017,Automatic,Petrol,1000,39900,4900000
car,Suzuki,Wagon R,2015,Automatic,Petrol,650,53000,3025000
van,Nissan,Vanette,2010,Manual,Diesel,2200,213000,3725000
car,Suzuki,Maruti,2004,Manual,Petrol,800,80000,960000
van,Toyota,KDH 221,2014,Automatic,Diesel,3000,90000,8250000
suv,Hyundai,Santa Fe,2008,Automatic,Diesel,2200,170000,4300000
car,Renault,KWID,2018,Manual,Petrol,800,52000,1300000
car,Toyota,Axio,2007,Automatic,Petrol,1500,130000,3650000
car,Chery,QQ,2006,Manual,Petrol,800,110000,975000
van,Toyota,KDH 200,2007,Automatic,Diesel,2500,200000,5900000
car,Honda,Freed,2013,Automatic,Hybrid,1500,38000,5000000
car,Suzuki,Wagon R,2014,Automatic,Petrol,650,41000,2865000
car,Suzuki,Alto Japan,2017,Automatic,Petrol,650,14097,2650000
suv,Honda,Vezel,2014,Automatic,Petrol,1500,144000,5100000
car,Tata,Indica,2005,Manual,Petrol,1400,112000,1225000
suv,Toyota,CHR GT TURBO,2019,Automatic,Petrol,1200,9200,9000000
van,Suzuki,Every,2017,Automatic,Petrol,650,46000,3400000
car,Toyota,Aqua G Grade,2013,Automatic,Petrol,1500,98500,3980000
car,Suzuki,Wagon R FZ,2017,Automatic,Hybrid,650,32000,2975000
car,Toyota,Vios,2007,Automatic,Petrol,1500,145700,3450000
suv,Honda,Vezel,2014,Automatic,Hybrid,1500,66498,4500000
van,Suzuki,Every,2015,Automatic,Petrol,650,49000,2950000
suv,Kia,Sorento,2011,Automatic,Diesel,2200,110000,6975000
car,Nissan,Sunny N16,2001,Automatic,Petrol,1500,168000,2185000
car,Toyota,Vitz,2018,Automatic,Petrol,1000,32000,4500000
van,Suzuki,Every,2016,Automatic,Petrol,650,62000,2975000
car,Suzuki,Wagon R,2017,Automatic,Petrol,650,6500,2950000
car,Nissan,Bluebird,2004,Automatic,Petrol,2000,124000,2350000
suv,Honda,Vezel,2014,Automatic,Petrol,1500,89000,4875000
suv,Mitsubishi,Outlander,2013,Automatic,Petrol,2000,47421,3000000
van,Toyota,KDH Super GL,2007,Automatic,Petrol,2000,160000,5950000
car,Honda,Fit Shuttle,2012,Automatic,Hybrid,1300,172000,3650000
car,Toyota,Premio,2016,Automatic,Petrol,1500,60000,8200000
pickup,Mahindra,Bolero,2016,Manual,Diesel,2500,22370,2150000
suv,Mahindra,KUV 100 NXT,2020,Manual,Petrol,1200,180,3250000
car,Suzuki,Wagon R Stingray,2017,Automatic,Petrol,650,24000,3165000
pickup,Mahindra,Bolero,2016,Manual,Diesel,2500,69000,1850000
van,Suzuki,Every,2016,Automatic,Petrol,650,22450,2675000
car,Toyota,Premio,2017,Automatic,Petrol,1500,32000,9300000
car,Honda,Grace,2014,Automatic,Hybrid,1500,73500,3875000
car,Micro,Trend,2012,Manual,Petrol,1000,24000,1080000
car,Suzuki,Alto Japan,2017,Automatic,Petrol,650,37000,3090000
car,Suzuki,Maruti,2012,Manual,Petrol,800,66000,1350000
car,Toyota,Prius,2008,Automatic,Hybrid,1800,103000,3100000
car,Kia,Spectra,2002,Manual,Petrol,1600,133000,1290000
van,Toyota,Noah,2000,Automatic,Diesel,2200,190000,3600000
van,Micro,MPV Junior,2015,Manual,Petrol,1000,22000,2100000
car,Micro,Panda,2016,Manual,Petrol,1000,16270,1675000
van,Suzuki,Every,2015,Automatic,Petrol,650,37500,2625000
car,Suzuki,Maruti,2006,Manual,Petrol,800,81000,1060000
car,Toyota,Axio G Grade,2016,Automatic,Petrol,1500,99250,5100000
van,Toyota,KDH,2017,Automatic,Petrol,2000,24000,1500000
car,Toyota,Aqua,2014,Automatic,Hybrid,1500,81550,3425000
suv,Toyota,CHR,2019,Automatic,Petrol,1200,11760,8400000
car,Honda,Grace EX,2015,Automatic,Petrol,1500,81000,4450000
car,Suzuki,Alto,2007,Manual,Petrol,800,160000,1450000
car,Toyota,Premio G Superior,2015,Automatic,Petrol,1500,75000,7960000
van,Suzuki,Every,2016,Manual,Petrol,650,44124,3090000
car,Suzuki,Alto K10,2015,Automatic,Petrol,1000,76000,2350000
car,Micro,Panda,2015,Manual,Petrol,1000,17000,1615000
car,Suzuki,Alto 800,2015,Manual,Petrol,800,14400,2025000
car,Chery,QQ,2010,Manual,Petrol,800,49260,1031000
car,Chevrolet,Cruze,2003,Automatic,Petrol,1300,105000,2150000
car,Toyota,Allion,2007,Automatic,Petrol,1500,117000,4590000
car,Micro,Panda Cross,2019,Manual,Petrol,1000,7000,2095000
van,Suzuki,Every,2007,Automatic,Petrol,650,74000,2400000
car,Nissan,N16 Ex Saloon,2002,Automatic,Petrol,1500,158500,2050000
suv,Toyota,Harrier,2008,Automatic,Petrol,3300,79000,8200000
car,Nissan,Bluebird,2005,Automatic,Petrol,1500,120000,2665000
car,Suzuki,Swift RS,2016,Automatic,Hybrid,1300,40000,4025000
pickup,Mahindra,Bolero Maxi Truck,2015,Manual,Diesel,2500,57000,2250000
car,Toyota,Vitz,2008,Automatic,Petrol,1000,130000,3350000
car,Toyota,Prius,2011,Automatic,Hybrid,1800,59000,3850000
suv,Toyota,Harrier,2016,Automatic,Petrol,2000,35000,12200000
pickup,Mahindra,Bolero,2017,Manual,Diesel,2500,31500,2125000
car,Daihatsu,Mira,2016,Automatic,Petrol,650,40000,2475000
car,Hyundai,Eon,2015,Manual,Petrol,800,47500,2175000
car,Hyundai,Eon,2017,Manual,Petrol,800,36000,2040000
car,Suzuki,Swift RS,2017,Automatic,Hybrid,1200,25000,4500000
car,Toyota,Vitz,2007,Automatic,Petrol,1000,121000,3290000
car,Honda,Fit GP1,2010,Automatic,Hybrid,1300,87000,2990000
car,Toyota,Aqua,2012,Automatic,Hybrid,1500,116000,3375000
car,Toyota,Corolla 121,2003,Automatic,Petrol,1500,217000,3450000
car,Suzuki,Swift,2017,Automatic,Hybrid,1200,21890,5250000
car,Tata,Nano,2011,Manual,Petrol,650,120000,775000
car,Toyota,Axio,2017,Automatic,Hybrid,1500,73500,6950000
car,Toyota,Allion 260,2010,Automatic,Petrol,1500,104000,5475000
pickup,Mahindra,Bolero,2017,Manual,Diesel,2500,13000,2825000
car,Honda,Fit,2015,Automatic,Petrol,1500,141000,3850000
car,Toyota,Corolla,2004,Manual,Petrol,1300,130000,2750000
car,Tata,Nano,2011,Manual,Petrol,650,95000,875000
car,Suzuki,Alto,2017,Automatic,Petrol,650,3311,3425000
car,Toyota,Vitz,2017,Automatic,Petrol,1000,22500,5650000
car,Toyota,Passo,2007,Automatic,Petrol,1000,98000,2490000
car,Suzuki,Alto,2016,Manual,Petrol,800,59300,2090000
car,Suzuki,Wagon R FX,2017,Automatic,Hybrid,650,37500,3200000
car,Suzuki,Maruti 800,2006,Manual,Petrol,800,81000,1190000
car,Toyota,Prius,2008,Automatic,Hybrid,1800,116736,2550000
van,Nissan,Caravan,2006,Automatic,Diesel,2700,150000,3800000
car,Toyota,Vitz,2017,Automatic,Petrol,1000,44000,5175000
van,Suzuki,Every,2016,Automatic,Petrol,650,22000,3157000
car,Suzuki,Alto,2006,Manual,Petrol,800,83000,1565000
suv,Honda,Vezel,2018,Automatic,Hybrid,1500,11000,6790000
car,Toyota,Prius,2010,Automatic,Petrol,1800,150000,3550000
car,Toyota,Premio,2016,Automatic,Petrol,1500,57000,8790000
car,Suzuki,Alto K10,2015,Manual,Petrol,1000,133430,2440000
van,Toyota,CR42,2006,Manual,Diesel,2000,185000,3600000
van,Hyundai,H100,2005,Manual,Petrol,2600,65000,2530000
van,Suzuki,Every,2016,Automatic,Petrol,650,33940,2425000
car,Nissan,FB15,2000,Manual,Petrol,1500,205609,1900000
car,Suzuki,Wagon R,2018,Automatic,Hybrid,650,34000,3175000
van,Toyota,KR42 Noah,2007,Automatic,Petrol,2000,160000,4200000
van,Daihatsu,Hijet,2016,Automatic,Petrol,650,320000,2750000
car,Nissan,Primera,2000,Automatic,Petrol,2000,145000,1950000
pickup,Toyota,Hilux,2018,Automatic,Diesel,2800,33000,14500000
van,Nissan,Caravan,2011,Manual,Diesel,3000,100000,4000000
pickup,Toyota,Hilux,2006,Manual,Diesel,2500,175750,5590000
car,Kia,Rio,2004,Manual,Petrol,1500,101278,1525000
car,Suzuki,Wagon R Stingray,2014,Automatic,Hybrid,650,42000,2675000
car,Suzuki,Wagon R,2018,Automatic,Petrol,650,16000,3795000
car,Mahindra,KUV 100 NXT,2020,Manual,Petrol,1200,70,3250000
car,Toyota,Allion 260,2007,Automatic,Petrol,1500,103000,4850000
car,Suzuki,Maruti,2006,Manual,Petrol,800,75000,1040000
car,Suzuki,Alto,2016,Automatic,Petrol,650,16450,3375000
car,Honda,Fit Shuttle,2013,Automatic,Hybrid,1300,143050,4500000
car,Suzuki,Alto,2015,Manual,Petrol,800,68500,1950000
car,Toyota,Vitz Edition 2,2018,Automatic,Petrol,1000,11700,5550000
car,Honda,Fit Shuttle,2012,Automatic,Hybrid,1300,65000,3600000
car,Suzuki,Maruti,2006,Manual,Petrol,800,125000,1125000
car,Suzuki,Alto,2006,Manual,Petrol,800,96000,1450000
car,Toyota,Aqua,2012,Automatic,Petrol,1500,83000,3690000
car,Suzuki,Wagon R FZ,2017,Automatic,Hybrid,650,42000,2640000
car,Toyota,Corolla,2000,Manual,Diesel,2000,156800,1550000
car,Mazda,BJ5P,2000,Automatic,Petrol,1500,142000,1880000
van,Toyota,Dolphin,2001,Automatic,Diesel,2000,300000,4850000
suv,Toyota,Harrier,2008,Automatic,Hybrid,3300,101000,5350000
van,Nissan,Caravan,2000,Manual,Diesel,2500,216000,3575000
van,Toyota,KR42,2002,Automatic,Petrol,1800,113000,3750000
car,Toyota,Vitz,2008,Automatic,Petrol,1000,89000,3450000
van,Toyota,KDH,2007,Manual,Diesel,2500,181000,3150000
suv,Honda,Vezel RS Sensing,2018,Automatic,Hybrid,1500,24200,7795000
car,Hyundai,Accent,2011,Automatic,Diesel,1600,182000,3250000
car,Suzuki,Wagon R Stingray,2018,Automatic,Petrol,650,62280,3200000
car,Nissan,FB15 Super Saloon,2003,Automatic,Petrol,1500,170000,2810000
car,Nissan,Bluebird,2002,Manual,Petrol,1500,130000,2275000
car,Toyota,Prius S Touring,2011,Automatic,Hybrid,1800,101500,4125000
van,Suzuki,Every,2016,Automatic,Petrol,650,59340,2275000
car,Suzuki,Wagon R FZ,2017,Automatic,Hybrid,650,37000,3400000
car,Suzuki,Alto,2015,Manual,Petrol,800,38900,1825000
van,Mitsubishi,Mini Cab,2018,Automatic,Petrol,650,21000,2475000
car,Mahindra,KUV 100,2020,Manual,Petrol,1200,63,3395000
van,Toyota,KDH,2016,Automatic,Diesel,3000,85000,9000000
car,Toyota,Premio,2013,Automatic,Petrol,1500,70000,6550000
car,Honda,Fit,2014,Automatic,Hybrid,1500,34400,4250000
car,Toyota,Allion,2010,Automatic,Petrol,1500,140000,5375000
car,Hyundai,Trajet,2000,Automatic,Diesel,2000,74000,2375000
car,Nissan,FB15 Ex Saloon,2001,Automatic,Petrol,1500,208000,2250000
van,Suzuki,Every DA64,2017,Automatic,Petrol,650,31000,4000000
car,Hyundai,Trajet,2020,Automatic,Diesel,2000,249000,2200000
car,Tata,Nano Twist,2015,Manual,Petrol,650,89998,1100000
car,Toyota,Aqua X Urban,2015,Automatic,Hybrid,1500,58000,4650000
suv,Toyota,CHR GT TURBO,2018,Automatic,Petrol,1200,12000,8285000
van,Toyota,KR42,2000,Manual,Diesel,2900,225000,3000000
van,Micro,MPV Junior,2007,Manual,Petrol,1100,100000,1090000
car,Toyota,Vitz,2008,Automatic,Petrol,1000,103000,3410000
car,Nissan,N16,2003,Automatic,Petrol,1500,138000,2425000
van,Toyota,Dolphin,2001,Automatic,Diesel,3000,120000,5185000
car,Suzuki,Alto Japan,2003,Automatic,Petrol,900,150000,1825000
car,Suzuki,Wagon R Stingray,2018,Automatic,Hybrid,650,25800,3660000
car,Suzuki,Wagon R Stingray,2018,Automatic,Hybrid,650,32000,3625000
car,Suzuki,Maruti,2005,Manual,Petrol,800,73000,1150000
car,Suzuki,Maruti,2006,Manual,Petrol,800,63600,1050000
van,Nissan,Vanette,2011,Automatic,Diesel,2200,200000,3385000
car,Suzuki,Celerio VXI,2016,Manual,Petrol,1000,85000,2450000
car,Micro,Panda,2011,Manual,Petrol,1000,98000,1150000
car,Suzuki,Maruti,2006,Manual,Petrol,800,72000,1120000
car,Nissan,Sunny N16,2003,Automatic,Petrol,1500,187250,2275000
car,Toyota,Allion 260,2007,Automatic,Petrol,1500,96000,4700000
car,Suzuki,Maruti,2013,Manual,Petrol,800,25000,1250000
car,Suzuki,Wagon R FZ,2014,Automatic,Hybrid,650,66000,2375000
car,Toyota,Premio,2007,Automatic,Petrol,1500,118200,5500000
car,Zotye,Z100,2018,Manual,Petrol,1000,17000,1875000
car,Micro,Panda LC 1.0,2015,Manual,Petrol,1000,39856,1415000
car,Suzuki,Maruti,2005,Manual,Petrol,800,115000,1025000
car,Toyota,Tank,2017,Automatic,Petrol,1000,25000,5075000
car,Suzuki,Alto,2015,Manual,Petrol,800,79000,1925000
car,Suzuki,Celerio,2015,Manual,Petrol,1000,38000,2295000
car,Tata,Indica V2,2011,Manual,Petrol,1400,135500,1675000
car,Toyota,Prius,2016,Automatic,Hybrid,1800,60000,5500000
car,Nissan,FB15,2000,Manual,Petrol,1500,200200,2050000
pickup,Toyota,Hilux,2010,Manual,Diesel,3000,223518,2950000
car,Toyota,Prius,2011,Automatic,Hybrid,1800,108000,3975000
car,Suzuki,Alto 800,2014,Manual,Petrol,800,85000,1840000
car,Honda,Civic,2000,Manual,Petrol,1500,230000,2000000
car,Suzuki,Zen Estilo,2011,Manual,Petrol,1000,65000,1895000
suv,Mitsubishi,Montero Sport,2011,Automatic,Diesel,2500,174900,7950000
car,Tata,Nano,2012,Manual,Petrol,650,170000,760000
car,Toyota,Vitz,2015,Automatic,Petrol,1000,31000,4385000
car,Toyota,Premio,2008,Automatic,Petrol,1500,105670,4650000
car,Suzuki,Alto,2016,Manual,Petrol,800,41000,1900000
car,Toyota,Aqua,2013,Automatic,Hybrid,1500,77000,3600000
car,Suzuki,Alto,2003,Manual,Petrol,1000,100000,1600000
car,Honda,Civic,2018,Automatic,Petrol,1000,31000,7275000
car,Toyota,Corolla 121,2004,Manual,Petrol,1200,88003,3400000
car,Suzuki,Maruti,2005,Manual,Petrol,800,77950,950000
car,Nissan,March K11,2000,Automatic,Petrol,1000,112000,1625000
pickup,Mahindra,Bolero Maxi Truck,2014,Manual,Diesel,2500,74000,1820000
car,Toyota,Vitz,2000,Automatic,Petrol,1000,167500,1875000
car,Micro,Panda,2015,Manual,Petrol,1000,32920,1700000
car,Toyota,Corolla 141,2008,Automatic,Petrol,1600,190000,3300000
car,Nissan,FB15 Super Saloon,2003,Automatic,Petrol,1500,142000,2750000
car,Suzuki,Wagon R Stingray,2014,Automatic,Petrol,650,71000,2530000
car,Mitsubishi,Lancer,2001,Manual,Petrol,1600,240000,2350000
pickup,Nissan,Navara,2007,Automatic,Diesel,2500,162000,3880000
car,Toyota,Prius,2011,Automatic,Petrol,1800,180000,3100000
car,Suzuki,Ignis,2016,Automatic,Hybrid,1300,37665,4275000
car,Suzuki,Alto Sport,2009,Manual,Petrol,800,106000,1650000
car,Micro,Panda,2015,Manual,Petrol,1000,23000,1595000
car,Nissan,March K12,2002,Automatic,Petrol,1300,80000,1950000
suv,Honda,Vezel,2014,Automatic,Hybrid,1500,54000,5100000
car,Suzuki,Wagon R Stingray,2017,Automatic,Hybrid,650,38200,1700000
car,Toyota,Aqua,2015,Automatic,Hybrid,1500,38000,3750000
van,Toyota,KDH 223,2017,Automatic,Diesel,3000,61600,10700000
van,Toyota,KDH,2012,Automatic,Diesel,3000,108240,7350000
car,Toyota,Vitz,2018,Automatic,Petrol,1000,36000,5375000
car,Toyota,Corolla 121,2000,Automatic,Petrol,1500,182000,3375000
van,Mitsubishi,Montero Sport,2012,Manual,Diesel,2500,69307,8850000
car,Mitsubishi,Lancer,2001,Manual,Petrol,1600,147748,2595000
car,Tata,Nano,2016,Manual,Petrol,650,90000,1190000
van,Toyota,KDH 201 Super GL,2013,Automatic,Diesel,3000,78986,7850000
car,Honda,Fit GP5,2016,Automatic,Hybrid,1500,42580,4190000
car,Toyota,Allion 260,2013,Automatic,Petrol,1500,70000,6250000
car,Toyota,Vitz,2016,Automatic,Petrol,1000,61200,4590000
car,Toyota,Axio,2007,Automatic,Petrol,1500,120000,3725000
car,Suzuki,Maruti,2006,Manual,Petrol,800,60000,1120000
car,Suzuki,Alto,2007,Manual,Petrol,800,80000,1450000
suv,Zotye,Nomad,2011,Manual,Petrol,1500,72500,1710000
car,Nissan,N16 Super Saloon,2003,Automatic,Petrol,1600,160000,2425000
car,Nissan,FB15 Super Saloon,2003,Automatic,Petrol,1500,108000,1795000
car,Suzuki,Liana,2005,Manual,Petrol,1300,71000,1750000
van,Suzuki,Every,2014,Automatic,Petrol,650,31000,3220000
car,Mazda,Demio,2008,Automatic,Petrol,1300,114600,2985000
car,Toyota,Premio G Superior,2013,Automatic,Petrol,1500,106000,7005000
car,Toyota,Axio WXB,2018,Automatic,Hybrid,1500,5850,7690000
car,Micro,Panda,2016,Manual,Petrol,1000,43000,1590000
car,Toyota,Aqua,2013,Automatic,Hybrid,1500,78000,3850000
car,Suzuki,Alto,2017,Manual,Petrol,800,80000,2580000
car,Suzuki,Celerio ZXI,2014,Manual,Petrol,1000,67000,2225000
car,Toyota,Prius S Touring,2014,Automatic,Hybrid,1800,92895,4080000
pickup,Mahindra,Bolero,2011,Manual,Diesel,2800,58000,1250000
car,Toyota,Axio,2010,Automatic,Petrol,1500,65000,4850000
car,Suzuki,Swift,2003,Automatic,Petrol,1300,165000,2295000
suv,Honda,Vezel Z Grade,2015,Automatic,Hybrid,1500,62000,5750000
car,Honda,Fit Shuttle,2013,Automatic,Petrol,1500,110000,3325000
pickup,Mahindra,Bolero,2017,Manual,Diesel,2500,33000,1790000
car,Suzuki,Wagon R Stingray,2017,Automatic,Hybrid,650,57000,2900000
van,Suzuki,Every DA17,2016,Automatic,Petrol,650,45600,2650000
car,Toyota,Axio,2015,Automatic,Hybrid,1500,102500,5150000
car,Hyundai,Eon,2014,Manual,Petrol,800,65539,2090000
car,Honda,Fit GP5,2015,Automatic,Hybrid,1500,44267,4325000
car,Toyota,Premio,2003,Automatic,Petrol,1500,102000,2900000
car,Suzuki,Maruti,2007,Manual,Petrol,800,44000,1149000
car,Suzuki,Swift Center Antenna,2004,Automatic,Petrol,1400,90500,2290000
car,Nissan,Leaf Azeo,2013,Automatic,Electric,70,53000,1475000
car,Suzuki,Swift,2003,Automatic,Petrol,1300,98000,2350000
car,Toyota,Axio,2017,Automatic,Petrol,1300,45000,6675000
car,Chery,QQ,2006,Manual,Petrol,800,53000,950000
car,Suzuki,Maruti,2012,Manual,Petrol,800,85000,775000
car,Toyota,Axio,2014,Automatic,Hybrid,1500,115000,4190000
car,Toyota,Aqua,2012,Automatic,Hybrid,1500,94200,3495000
car,Suzuki,Alto,2016,Manual,Petrol,800,60000,1980000
car,Toyota,Vitz,2015,Automatic,Petrol,1000,29000,3675000
van,Suzuki,Spacia Custom,2018,Automatic,Hybrid,650,12000,4350000
car,Toyota,Premio 260,2013,Automatic,Petrol,1500,89400,7080000
car,Toyota,Vitz,2017,Automatic,Petrol,1000,35000,4850000
car,Suzuki,Alto,2015,Manual,Petrol,800,49100,2050000
car,Nissan,Bluebird,2000,Automatic,Petrol,1800,190000,1480000
car,Toyota,Allion 260,2008,Automatic,Petrol,1500,195600,4650000
car,Hyundai,Accent,2000,Manual,Petrol,1300,120000,1090000
car,Nissan,Leaf,2012,Automatic,Electric,70,68000,1250000
car,Micro,Geely,2013,Manual,Petrol,1000,50000,1315000
suv,Honda,Vezel,2016,Automatic,Hybrid,1500,81000,5280000
car,Toyota,Allion,2008,Automatic,Petrol,1800,86000,4975000
suv,Honda,Vezel,2017,Automatic,Petrol,1500,72200,7000000
car,Honda,Fit Aria,2007,Automatic,Petrol,1500,186724,2680000
car,Suzuki,Swift,2005,Automatic,Petrol,1300,85000,2750000
car,Mazda,Familia,2000,Manual,Petrol,1300,180000,1475000
car,Hyundai,Matrix,2005,Automatic,Petrol,1600,12000,1510000
car,Nissan,FB15 Ex Saloon,2004,Automatic,Petrol,1500,114000,2700000
car,Suzuki,Alto,2010,Manual,Petrol,800,60000,1460000
car,Suzuki,Alto,2015,Manual,Petrol,800,66000,1850000
car,Toyota,Prius 2nd Generation,2008,Automatic,Hybrid,1500,93683,3500000
car,Suzuki,Wagon R FX,2017,Automatic,Petrol,650,33000,2700000
van,Toyota,Dolphin,2007,Automatic,Diesel,3000,300000,5325000
car,Toyota,Aqua X Urban,2015,Automatic,Hybrid,1500,40400,4925000
van,Suzuki,Every,2012,Automatic,Petrol,650,70000,2375000
car,Suzuki,Maruti,2011,Manual,Petrol,800,68000,1250000
car,Toyota,Corolla 121,2002,Automatic,Petrol,1500,170000,3425000
car,Toyota,Soluna,2001,Manual,Petrol,1500,126700,1720000
car,Suzuki,Swift,2002,Automatic,Petrol,1300,164000,2075000
van,Toyota,KR42,2001,Automatic,Petrol,1800,145999,3445000
car,Honda,Fit Shuttle,2014,Automatic,Petrol,1500,148000,4300000
car,Suzuki,Wagon R,2017,Automatic,Hybrid,650,26400,3425000
car,Suzuki,Swift,2006,Automatic,Petrol,1300,127000,2175000
suv,Nissan,X-Trail,2015,Automatic,Hybrid,2000,47150,6375000
car,Suzuki,Alto 800,2014,Manual,Petrol,800,10290,2200000
van,Toyota,CR42,2001,Automatic,Diesel,2200,150100,4250000
car,Toyota,Premio G Superior,2016,Automatic,Petrol,1500,19500,8900000
pickup,Mahindra,Bolero,2015,Manual,Diesel,1500,35500,1825000
car,Suzuki,Wagon R,2017,Automatic,Petrol,650,20000,2600000
car,Honda,N Box,2019,Automatic,Petrol,650,13000,4795000
car,Toyota,Vitz,2007,Automatic,Petrol,1000,120000,3290000
car,Toyota,Prius,2012,Automatic,Petrol,1800,86000,4375000
car,Toyota,Axio,2010,Automatic,Petrol,1500,88670,4090000
car,Suzuki,Alto,2015,Manual,Petrol,800,59000,1970000
car,Toyota,Premio,2014,Automatic,Petrol,1500,50000,6900000
car,Toyota,Axio,2015,Automatic,Hybrid,1500,82000,5390000
car,Suzuki,Wagon R FZ,2014,Automatic,Petrol,650,85000,2875000
car,Toyota,Vitz,2008,Automatic,Petrol,1000,90000,2850000
suv,Toyota,CHR GT TURBO,2018,Automatic,Petrol,1200,8908,8650000
van,Daihatsu,Hijet,2004,Automatic,Petrol,800,140000,1725000
pickup,Nissan,Navara,2007,Manual,Diesel,2500,145645,3995000
car,Toyota,Corolla 121,2002,Automatic,Petrol,1500,180000,3150000
car,Suzuki,Wagon R FZ,2017,Automatic,Hybrid,650,33000,3600000
pickup,Toyota,Hilux Revo,2017,Automatic,Diesel,2800,60000,12200000
car,Suzuki,Alto,2015,Manual,Petrol,800,52000,1800000
van,Nissan,Caravan,2006,Automatic,Diesel,3000,233000,3950000
car,Toyota,Pixis,2017,Automatic,Petrol,650,30000,2950000
car,Toyota,Axio,2016,Automatic,Petrol,1500,45560,5900000
car,Suzuki,Wagon R FZ,2014,Automatic,Hybrid,650,51000,2890000
car,Mazda,Familia,2003,Automatic,Petrol,1300,142000,2000000
car,Honda,Fit Shuttle,2017,Automatic,Petrol,1500,37000,5225000
car,Suzuki,Alto,2015,Manual,Petrol,800,21000,1875000
car,Toyota,Vitz KSP90,2007,Automatic,Petrol,1000,185424,2600000
car,Suzuki,Wagon R Stingray,2014,Automatic,Petrol,650,100000,2775000
car,Toyota,Aqua,2013,Automatic,Hybrid,1500,57000,3675000
van,Toyota,KDH 200 Super GL,2007,Automatic,Diesel,2500,196000,7250000
car,Suzuki,Alto 800,2015,Manual,Petrol,800,48000,1995000
car,Suzuki,Wagon R,2018,Automatic,Petrol,650,42000,3625000
car,Toyota,Vitz,2007,Automatic,Petrol,1000,79200,3100000
van,Suzuki,Spacia Custom Z,2018,Automatic,Hybrid,650,4700,4350000
car,Nissan,FB14,2003,Automatic,Petrol,1500,235200,1775000
car,Toyota,Corolla 110,2000,Manual,Petrol,1500,94587,2200000
van,Toyota,KDH 201,2015,Automatic,Diesel,3000,30000,8475000
car,Micro,Panda,2016,Manual,Petrol,1000,21000,1675000
suv,Honda,Vezel,2014,Automatic,Petrol,1500,87000,4450000
van,Suzuki,Omni,2000,Manual,Petrol,800,80500,1130000
car,Suzuki,Swift,2003,Automatic,Petrol,1300,76200,1975000
car,Micro,Panda Cross,2014,Manual,Petrol,1300,34000,1675000
car,Toyota,Aqua X Urban,2015,Automatic,Petrol,1500,52600,4550000
car,Mazda,Familia,2000,Automatic,Petrol,1500,180000,1800000
car,Nissan,March,2004,Automatic,Petrol,1000,63400,1935000
car,Mahindra,KUV 100 NXT,2020,Manual,Petrol,1200,64,3395000
van,Daihatsu,Atrai,2002,Manual,Petrol,650,148000,1725000
car,Toyota,Prius,2015,Automatic,Petrol,1800,86500,5300000
car,Toyota,Axio,2007,Automatic,Petrol,1500,157200,4350000
van,Toyota,KR42,2006,Automatic,Petrol,1800,180000,3950000
car,Toyota,Prius,2007,Automatic,Hybrid,1500,170000,3150000
van,Suzuki,Spacia,2017,Automatic,Petrol,650,22310,3650000
car,Suzuki,Wagon R,2017,Automatic,Hybrid,650,38000,3200000
car,Suzuki,Wagon R,2017,Automatic,Petrol,650,49000,3275000
car,Suzuki,Wagon R Stingray,2018,Automatic,Hybrid,650,9200,3675000
car,Suzuki,Alto,2015,Manual,Petrol,800,33000,1875000
car,Suzuki,Wagon R FX,2014,Automatic,Petrol,650,59500,2375000
car,Honda,Fit,2015,Automatic,Hybrid,1500,117000,3700000
car,Toyota,Aqua,2013,Automatic,Hybrid,1500,70000,3450000
car,Toyota,Corolla 141,2008,Automatic,Petrol,1500,134000,3475000
car,Suzuki,Liana,2004,Manual,Petrol,1600,172000,1795000
suv,Toyota,Raize,2020,Automatic,Petrol,1000,4500,7950000
van,Suzuki,Every,2018,Automatic,Petrol,650,12000,3610000
car,Toyota,Allion 240,2005,Automatic,Petrol,1500,200000,3850000
car,Suzuki,Alto,2007,Manual,Petrol,800,104000,1450000
car,Suzuki,Alto Sport,2006,Manual,Petrol,1000,100000,1195000
car,Honda,Fit GP5,2015,Automatic,Petrol,1500,27000,4650000
car,Suzuki,Alto K10,2011,Manual,Petrol,1000,57000,1775000
car,Suzuki,Alto,2003,Automatic,Petrol,650,170000,1200000
car,Suzuki,Wagon R Stingray,2014,Automatic,Petrol,650,64000,2675000
car,Tata,Indica,2015,Manual,Petrol,1500,53855,1790000
car,Suzuki,Maruti 800,2010,Manual,Petrol,800,74000,1275000
van,Suzuki,Every,2017,Automatic,Petrol,650,59000,1150000
van,Suzuki,Every,2019,Automatic,Petrol,650,11000,3375000
car,Toyota,Axio,2007,Automatic,Petrol,1500,166000,4150000
van,Suzuki,Every,2008,Manual,Petrol,650,150000,1650000
car,Nissan,Bluebird,2004,Automatic,Petrol,1500,190000,2850000
car,Suzuki,Wagon R,2017,Automatic,Hybrid,650,32000,3625000
car,Honda,Grace,2015,Automatic,Petrol,1500,14000,5700000
car,Suzuki,Alto,2015,Manual,Petrol,800,49000,1985000
car,Daihatsu,Mira,2016,Automatic,Petrol,650,49000,3250000
car,Toyota,Axio,2015,Automatic,Petrol,1500,65000,4750000
car,Micro,Panda,2015,Manual,Petrol,1000,52000,1565000
car,Hyundai,Eon,2016,Manual,Petrol,800,58245,1950000
car,Nissan,Sunny,2000,Automatic,Petrol,1500,180000,2200000
car,Suzuki,Maruti,2007,Manual,Petrol,800,83000,1090000
car,Tata,Indica,2008,Manual,Petrol,1400,90000,1400000
van,Toyota,KDH,2015,Automatic,Diesel,2500,67000,8395000
van,Toyota,KDH 200 Super GL,2006,Automatic,Diesel,2500,125100,7300000
car,Toyota,Axio G Grade,2014,Automatic,Hybrid,1500,105000,4700000
car,Suzuki,Maruti Zen,2006,Manual,Petrol,1000,43000,2050000
car,Honda,City,2012,Automatic,Petrol,1500,176500,3450000
van,Toyota,KR42,2001,Automatic,Diesel,2200,276000,4300000
car,Toyota,Prius,2010,Automatic,Petrol,1800,76000,3850000
car,Chevrolet,Cruze,2004,Automatic,Petrol,1300,122000,2125000
car,Suzuki,Maruti 800,2005,Manual,Petrol,800,64750,1125000
car,Suzuki,Alto,2007,Manual,Petrol,800,125000,1350000
car,Micro,Panda Cross,2014,Manual,Petrol,1300,86000,1680000
car,Suzuki,Wagon R FX,2017,Automatic,Hybrid,650,58000,3190000
car,Suzuki,Maruti 800,2004,Manual,Petrol,800,51700,940000
car,Toyota,Allion,2006,Automatic,Petrol,1500,120000,3850000
car,Honda,Insight,2009,Automatic,Hybrid,1300,90000,3130000
car,Kia,Picanto,2016,Automatic,Petrol,1000,18300,3375000
suv,Kia,Sportage,2013,Automatic,Diesel,2000,121000,6850000
car,Honda,Fit Shuttle,2013,Automatic,Hybrid,1300,102000,3875000
car,Suzuki,Maruti,2011,Manual,Petrol,800,53016,1345000
pickup,Nissan,Navara,2010,Automatic,Diesel,2500,50000,2500000
car,Suzuki,Wagon R,2017,Automatic,Hybrid,650,43000,3550000
car,Toyota,Aqua,2015,Automatic,Hybrid,1500,78000,4525000
van,Toyota,KDH Super GL,2013,Automatic,Diesel,3000,28600,8300000
car,Toyota,Vitz,2018,Automatic,Petrol,1000,47000,5250000
car,Toyota,Vitz,2017,Automatic,Petrol,1000,21000,5050000
car,Nissan,N16,2001,Automatic,Petrol,1500,121000,2135000
car,Toyota,Allion 260,2007,Automatic,Petrol,1500,78000,5225000
car,Suzuki,Maruti,2005,Manual,Petrol,800,85200,1025000
car,Nissan,Dayz,2018,Automatic,Petrol,650,9970,3675000
car,Toyota,Vios,2004,Manual,Petrol,1500,173000,2550000
van,Nissan,Caravan,2007,Manual,Diesel,3000,100000,4400000
car,Suzuki,Alto,2015,Manual,Petrol,800,65231,1775000
car,Toyota,Vitz,2016,Automatic,Petrol,1000,59000,4475000
van,Nissan,Super GL,2012,Automatic,Diesel,3000,170000,6900000
car,Suzuki,Wagon R Stingray,2017,Automatic,Petrol,650,38143,2975000
car,Toyota,Allion 240,2004,Automatic,Petrol,1800,161300,3050000
car,Toyota,Vitz,2000,Automatic,Petrol,1000,100000,2345000
car,Suzuki,Alto,2015,Manual,Petrol,800,38000,1775000
car,Toyota,Premio,2013,Automatic,Petrol,1500,78000,6090000
car,Suzuki,Alto,2011,Manual,Petrol,800,61000,1700000
van,Suzuki,Every,2010,Automatic,Petrol,650,113010,2485000
car,Suzuki,Wagon R Stingray,2018,Automatic,Hybrid,650,15000,3775000
pickup,Mahindra,Bolero,2016,Manual,Diesel,2500,3900,1670000
suv,Honda,Vezel,2014,Automatic,Hybrid,1500,57524,4749000
car,Perodua,Kelisa,2006,Automatic,Petrol,1000,131000,1940000
car,Toyota,Allion 240,2003,Automatic,Petrol,1500,198500,3850000
car,Honda,Fit GP5,2015,Automatic,Hybrid,1500,64000,4340000
car,Toyota,Allion,2010,Automatic,Petrol,1500,104000,4790000
car,Toyota,Aqua,2014,Automatic,Hybrid,1500,88000,3650000
car,Suzuki,Wagon R FX,2017,Automatic,Petrol,650,61000,2750000
car,Suzuki,Maruti,2006,Manual,Petrol,800,89000,1095000
car,Hyundai,Eon,2017,Manual,Petrol,800,55000,2350000
car,Nissan,Bluebird,2010,Automatic,Petrol,1500,121000,3875000
car,Suzuki,Alto Japan,2002,Automatic,Petrol,650,135000,1750000
car,Toyota,Allion,2007,Automatic,Petrol,1500,180000,4250000
car,Toyota,Axio WXB,2017,Automatic,Hybrid,1500,43000,6800000
van,Suzuki,Every,2006,Automatic,Petrol,800,130000,2450000
van,Toyota,Noah,2002,Manual,Diesel,1800,58000,4350000
van,Toyota,KDH Super GL,2007,Automatic,Diesel,2700,190000,6725000
car,Toyota,Axio X Grade,2007,Automatic,Petrol,1500,121500,3625000
suv,Honda,Vezel,2014,Automatic,Petrol,1500,130600,4560000
car,Toyota,Prius S Touring,2013,Automatic,Petrol,1800,150000,4500000
car,Tata,Indica V2,2011,Manual,Petrol,1400,135000,1675000
car,Suzuki,Swift RS,2017,Automatic,Petrol,1300,70000,4900000
van,Suzuki,Every,2008,Manual,Petrol,1800,150000,1675000
car,Honda,Civic FD3,2007,Automatic,Hybrid,1400,128456,3200000
car,Toyota,Axio,2016,Automatic,Hybrid,1500,31000,5700000
car,Suzuki,Alto,2015,Manual,Petrol,800,64000,2010000
van,Toyota,Dolphin,2002,Manual,Diesel,1800,100000,4650000
van,Nissan,Vanette,2007,Automatic,Diesel,1800,85000,4100000
suv,Mitsubishi,Pajero,2001,Automatic,Petrol,1800,140000,2280000
suv,Micro,Kyron,2009,Manual,Diesel,2000,98542,3150000
car,Suzuki,Alto Sport,2011,Manual,Petrol,800,65000,1550000
car,Toyota,Axio,2015,Automatic,Hybrid,1500,102000,4500000
car,Toyota,Aqua,2016,Automatic,Hybrid,1500,43000,5100000
suv,Honda,Vezel RS,2017,Automatic,Hybrid,1500,79000,6700000
car,Suzuki,Maruti 800,2004,Manual,Petrol,800,69000,1050000
car,Suzuki,Alto,2010,Manual,Petrol,800,70000,1600000
van,Suzuki,Every,2019,Automatic,Petrol,650,5000,3600000
suv,Toyota,CHR,2018,Automatic,Petrol,1200,5900,8875000
suv,Mitsubishi,Montero Sport,2012,Automatic,Diesel,2800,152400,8450000
car,Suzuki,Maruti 800,2011,Manual,Petrol,800,65000,1175000
car,Toyota,Aqua,2013,Automatic,Petrol,1500,72500,3500000
van,Nissan,Vanette,2006,Automatic,Diesel,2000,240000,3150000
car,Suzuki,Alto,2015,Manual,Petrol,800,65000,1900000
car,Suzuki,Maruti 800,2011,Manual,Petrol,800,37000,1220000
car,Suzuki,Maruti,2005,Manual,Petrol,800,45000,1065000
car,Suzuki,Maruti 800,2005,Manual,Petrol,800,80000,1010000
car,Toyota,Vitz,2015,Automatic,Petrol,1000,32500,3575000
car,Toyota,Corolla 121,2006,Automatic,Petrol,1300,172000,2990000
suv,Hyundai,Tuscon,2012,Automatic,Petrol,2000,173000,4625000
car,Suzuki,Wagon R,2007,Manual,Petrol,650,78000,1625000
car,Perodua,Axia,2016,Manual,Petrol,1000,126000,3100000
van,Hyundai,H100,2000,Manual,Diesel,2500,285000,1750000
car,Toyota,Premio,2013,Automatic,Petrol,1500,50000,6650000
car,Suzuki,Alto,2010,Manual,Petrol,800,100000,1380000
car,Suzuki,Alto Sport,2015,Manual,Petrol,800,37000,1785000
car,Hyundai,Accent,2001,Automatic,Petrol,1500,140000,1375000
car,Honda,Civic,2008,Manual,Petrol,1600,170000,3520000
car,Toyota,Premio 240,2005,Automatic,Petrol,1500,145000,3500000
car,Toyota,Premio,2013,Automatic,Petrol,1500,85000,6550000
van,Toyota,KDH Super GL,2008,Automatic,Diesel,3000,132000,6390000
car,Suzuki,Maruti,2010,Manual,Petrol,800,45000,1250000
car,Toyota,Premio 260,2015,Automatic,Petrol,1500,65000,7250000
car,Nissan,March AK12,2002,Automatic,Petrol,1300,46000,1850000
van,Mazda,Brawny,2003,Manual,Diesel,2500,300000,2750000
suv,Honda,Vezel RS,2017,Automatic,Hybrid,1500,44000,6925000
van,Nissan,Caravan,2002,Automatic,Diesel,3000,315000,3925000
suv,Micro,Rexton,2008,Automatic,Diesel,2600,157300,4450000
van,Mazda,Bongo,2007,Manual,Petrol,1800,145700,2950000
car,Nissan,March,2010,Automatic,Petrol,1300,107000,2690000
car,Perodua,Kelisa,2005,Manual,Petrol,1000,170000,1675000
car,Mazda,Demio,2009,Automatic,Petrol,1300,65600,2975000
car,Suzuki,Maruti 800,2006,Manual,Petrol,800,51940,1250000
van,Toyota,KDH Super GL,2007,Automatic,Diesel,3000,220000,6400000
car,Suzuki,Alto,2011,Manual,Petrol,800,57000,1550000
car,Hyundai,Trajet,2000,Automatic,Diesel,2200,150000,2300000
car,Suzuki,Wagon R Stingray,2015,Automatic,Hybrid,650,51000,3090000
car,Suzuki,Alto,2015,Manual,Petrol,800,62945,1760000
car,Toyota,Vitz,2015,Automatic,Petrol,1000,90000,4490000
suv,Honda,Vezel,2016,Automatic,Hybrid,1500,85062,6550000
pickup,Mahindra,Bolero,2015,Manual,Diesel,2500,50000,2300000
car,Perodua,Viva Elite,2011,Manual,Petrol,1000,98000,1975000
car,Suzuki,Wagon R Stingray,2018,Automatic,Petrol,650,25000,3700000
car,Suzuki,Alto,2015,Manual,Petrol,800,83500,1975000
car,Toyota,Aqua,2013,Automatic,Hybrid,1500,76000,3700000
car,Daihatsu,Move,2015,Automatic,Petrol,650,28000,3000000
van,Toyota,KDH,2013,Automatic,Diesel,3000,98000,7725000
car,Mahindra,KUV 100 NXT,2020,Manual,Petrol,1200,95,3250000
car,Toyota,Vitz,2018,Automatic,Petrol,1000,19000,5490000
car,Suzuki,Maruti,2010,Manual,Petrol,800,49500,1295000
car,Toyota,Vitz KSP90,2007,Automatic,Petrol,1000,99200,3300000
car,Suzuki,Hustler,2016,Automatic,Hybrid,650,48000,3035000
car,Suzuki,Alto,2017,Automatic,Petrol,650,38000,2480000
car,Toyota,Belta,2007,Automatic,Petrol,1000,115000,3495000
car,Perodua,Viva Elite,2009,Automatic,Petrol,1000,111000,1875000
car,Toyota,Prius 3rd Generation,2012,Automatic,Hybrid,1800,114000,3700000
car,Zotye,Z100,2018,Manual,Petrol,1000,7800,2095000
car,Toyota,Axio,2007,Automatic,Petrol,1500,116000,3975000
car,Toyota,Corolla 121,2008,Automatic,Petrol,1500,180000,3100000
car,Honda,Civic FD3,2008,Automatic,Hybrid,1400,97500,4050000
car,Suzuki,Alto K10,2016,Manual,Petrol,1000,35000,2600000
car,Toyota,Premio,2003,Automatic,Petrol,1800,200100,3250000
car,Suzuki,Maruti,2006,Manual,Petrol,800,74300,1060000
car,Suzuki,Alto,2011,Manual,Petrol,800,84000,1650000
car,Toyota,Allion 240,2007,Automatic,Petrol,1500,197000,4600000
car,Honda,Fit Shuttle,2013,Automatic,Petrol,1300,55000,4100000
car,Suzuki,Wagon R Stingray,2018,Automatic,Hybrid,650,24030,3325000
pickup,Mahindra,Bolero,2011,Manual,Diesel,2500,50000,1200000
car,Mitsubishi,Mini Cab,2000,Automatic,Petrol,650,37346,1400000
car,Micro,Panda,2015,Manual,Petrol,1000,34200,1525000
car,Kia,Picanto,2016,Automatic,Petrol,1000,56900,3100000
pickup,Tata,Xenon,2014,Manual,Diesel,3000,38000,1700000
car,Chevrolet,Cruze,2006,Automatic,Petrol,1300,162000,2050000
car,Suzuki,Celerio ZXI,2015,Manual,Petrol,1000,56458,2675000
car,Honda,Insight,2009,Automatic,Hybrid,1300,176000,3300000
car,Toyota,Camry,2013,Automatic,Hybrid,2000,104000,5975000
car,Toyota,Aqua,2012,Automatic,Petrol,1500,78000,3550000
car,Nissan,Dayz,2016,Automatic,Petrol,650,38500,2250000
car,Toyota,Axio,2016,Automatic,Hybrid,1500,29000,6250000
car,Toyota,Prius S Touring,2013,Automatic,Hybrid,1800,110000,4775000
car,Toyota,Axio,2007,Automatic,Petrol,1500,135000,3950000
car,Suzuki,Maruti,2005,Manual,Petrol,800,80000,1085000
car,Suzuki,Alto,2014,Manual,Petrol,800,62000,1850000
van,Toyota,KDH GL,2007,Automatic,Diesel,2500,339000,6600000
car,Suzuki,Alto,2003,Automatic,Petrol,650,100000,1875000
car,Suzuki,Alto,2017,Automatic,Petrol,1000,19000,3190000
car,Toyota,Axio,2016,Automatic,Hybrid,1500,32000,5480000
car,Toyota,Vitz,2005,Automatic,Petrol,1000,122000,3075000
suv,Toyota,Harrier,2018,Automatic,Petrol,2000,31330,12200000
car,Toyota,Corolla 110,2003,Automatic,Petrol,2000,87500,3735000
car,Honda,Insight,2009,Automatic,Hybrid,1300,145000,3450000
van,Suzuki,Every,2017,Automatic,Petrol,650,44000,3675000
car,Honda,Civic ES8,2000,Automatic,Petrol,1500,174000,2490000
car,Suzuki,Maruti,2011,Manual,Petrol,800,52000,1309000
pickup,Toyota,Hilux,2011,Manual,Diesel,2500,130000,6125000
car,Perodua,Viva Elite,2010,Automatic,Petrol,1000,31000,2275000
car,Toyota,Yaris,2008,Automatic,Petrol,1300,99000,3675000
van,Nissan,Caravan,2001,Automatic,Diesel,3000,365420,3600000
car,Perodua,Kenari,2008,Manual,Petrol,1000,126000,1625000
car,Suzuki,Alto Japan,2016,Automatic,Petrol,650,44000,2650000
van,Toyota,KDH TRH GL,2011,Automatic,Diesel,3000,123000,8075000
car,Suzuki,Alto K10,2015,Manual,Petrol,1000,75000,2125000
car,Toyota,Vitz,2007,Automatic,Petrol,1000,90000,2600000
car,Suzuki,Maruti,2012,Manual,Petrol,800,29000,1950000
car,Toyota,Vitz,2017,Automatic,Petrol,1000,21000,4875000
car,Toyota,Allion,2007,Automatic,Petrol,1500,104000,4750000
car,Daihatsu,Mira,2015,Automatic,Petrol,650,28000,2950000
car,Suzuki,Wagon R Stingray,2014,Automatic,Petrol,650,52000,2925000
car,Toyota,Aqua,2015,Automatic,Petrol,1500,54000,3785000
car,Suzuki,Alto,2006,Manual,Petrol,800,98500,1375000
van,Suzuki,Every,2016,Automatic,Petrol,650,55000,3475000
car,Toyota,Axio,2014,Automatic,Hybrid,1500,110000,4790000
car,Suzuki,Alto Sport,2012,Manual,Petrol,800,106000,1490000
van,Nissan,Vanette,2006,Manual,Diesel,2200,95320,3190000
van,Suzuki,Every,2007,Manual,Petrol,650,98650,2300000
car,Toyota,Corolla 121,2003,Automatic,Petrol,1500,150000,3100000
car,Daihatsu,Move,2016,Automatic,Petrol,650,39000,3100000
car,Suzuki,Maruti 800,2006,Manual,Petrol,800,82000,1055000
car,Suzuki,Stingray,2017,Automatic,Petrol,650,115000,3050000
van,Mitsubishi,Mini Cab,2007,Automatic,Petrol,650,88000,2190000
car,Tata,Indica V2,2006,Manual,Petrol,1400,123000,1090000
pickup,Mahindra,Bolero,2015,Manual,Diesel,2500,51203,1940000
car,Toyota,Prius,2013,Automatic,Hybrid,1800,102000,4025000
car,Honda,Fit Shuttle,2011,Automatic,Petrol,1300,66788,3575000
car,Suzuki,Alto,2010,Manual,Petrol,800,110000,1465000
car,Suzuki,Celerio,2015,Automatic,Petrol,1000,25000,2860000
van,Nissan,Vanette,2000,Manual,Diesel,2200,220000,2975000
car,Toyota,Wigo,2017,Automatic,Petrol,1000,43000,3990000
car,Toyota,Prius S Touring,2011,Automatic,Hybrid,1800,130000,3695000
pickup,Mahindra,Bolero,2018,Manual,Diesel,2500,24135,2475000
car,Toyota,Aqua,2012,Automatic,Petrol,1500,119000,3500000
car,Suzuki,Swift Beetle,2009,Automatic,Petrol,1300,77493,3300000
car,Honda,Fit Shuttle,2011,Automatic,Petrol,1300,112000,3450000
car,Renault,KWID,2016,Manual,Petrol,800,73000,1825000
car,Nissan,N16,2003,Manual,Petrol,1500,160000,2450000
car,Suzuki,Wagon R FX,2017,Automatic,Hybrid,650,58000,3195000
car,Suzuki,Wagon R FX,2017,Automatic,Hybrid,650,44000,3150000
car,Kia,Picanto,2004,Manual,Petrol,1000,109500,1550000
car,Suzuki,Wagon R,2018,Automatic,Hybrid,650,32000,3700000
van,Nissan,E25,2006,Automatic,Diesel,3200,141400,4500000
car,Nissan,N17,2007,Manual,Petrol,1300,153000,2500000
car,Honda,Fit GP5,2015,Automatic,Hybrid,1500,22000,4576000
pickup,Tata,Xenon,2014,Manual,Diesel,3000,106400,1850000
car,Suzuki,Alto,2011,Manual,Petrol,800,79000,1500000
car,Suzuki,Maruti,2005,Manual,Petrol,800,50200,1125000
car,Micro,Panda,2007,Manual,Petrol,1000,100000,1550000
car,Suzuki,Maruti,2011,Manual,Petrol,800,62500,1265000
car,Suzuki,Wagon R Stingray,2014,Automatic,Petrol,650,63000,2925000
car,Suzuki,Wagon R,2018,Automatic,Petrol,650,120000,2560000
car,Nissan,FB15,2000,Automatic,Petrol,1500,205000,2390000
car,Suzuki,Alto Japan,2018,Automatic,Petrol,650,8700,3260000
suv,Honda,Vezel,2016,Automatic,Petrol,1500,37000,6700000
car,Toyota,Allion,2018,Automatic,Petrol,1500,10000,5450000
car,Micro,Trend,2010,Manual,Petrol,1000,24000,1230000
car,Suzuki,Maruti,2012,Manual,Petrol,800,59000,1275000
car,Toyota,Tank,2018,Automatic,Petrol,1000,36500,5500000
car,Suzuki,Alto,2007,Manual,Petrol,800,145000,1465000
car,Mazda,Demio,2009,Automatic,Petrol,1300,83252,2830000
car,Suzuki,Alto Japan,2018,Automatic,Petrol,650,5000,3245000
van,Suzuki,Spacia,2016,Automatic,Diesel,650,31500,3050000
car,Nissan,Leaf,2015,Automatic,Electric,70,57000,2775000
car,Suzuki,Alto,2015,Manual,Petrol,800,82000,1975000
car,Toyota,Vitz,2018,Automatic,Petrol,1000,16000,4350000
car,Tata,Nano,2012,Manual,Petrol,650,150000,690000
pickup,Mitsubishi,L200 Sportero,2010,Manual,Diesel,2500,300000,5850000
car,Toyota,Yaris,2007,Automatic,Petrol,1300,71500,3785000
car,Suzuki,Maruti,2006,Manual,Petrol,800,100300,1100000
suv,Mitsubishi,Montero V6,2003,Automatic,Petrol,3500,137000,6200000
car,Toyota,Vitz,2015,Automatic,Petrol,1000,43000,4340000
car,Toyota,Aqua,2013,Automatic,Petrol,1500,79400,3850000
car,Suzuki,Alto K10,2015,Manual,Petrol,1000,57750,2200000
car,Nissan,Super Saloon,2000,Automatic,Petrol,1500,216000,2200000
car,Suzuki,Wagon R FX,2018,Automatic,Petrol,650,28000,2700000
car,Honda,Fit Shuttle,2011,Automatic,Petrol,1300,152512,3400000
car,Micro,Panda,2014,Manual,Petrol,1000,69875,1400000
suv,Mitsubishi,Montero Sport,2012,Automatic,Diesel,2500,60000,9490000
car,Suzuki,Wagon R FZ,2017,Automatic,Hybrid,650,17210,3580000
car,Toyota,Prius S Grade,2014,Automatic,Hybrid,1800,75000,4535000
car,Nissan,March,2000,Automatic,Petrol,1000,139000,1795000
car,Micro,Panda,2015,Manual,Petrol,1000,40000,1650000
van,Toyota,KDH 200,2007,Automatic,Diesel,2500,180000,7100000
car,Toyota,Prius,2012,Automatic,Hybrid,1800,108000,4485000
car,Nissan,N16,2000,Manual,Petrol,1300,183000,1875000
car,Toyota,IST,2007,Automatic,Petrol,1500,76500,3790000
van,Toyota,KDH Dark Prime,2016,Automatic,Diesel,3000,38000,11400000
car,Suzuki,Wagon R,2017,Automatic,Hybrid,650,40000,3200000
car,Toyota,Corolla 121,2005,Automatic,Petrol,2200,214149,3125000
van,Suzuki,Every,2012,Automatic,Petrol,650,58000,2700000
car,Suzuki,Alto,2015,Manual,Petrol,800,140000,1785000
car,Suzuki,Estilo,2010,Manual,Petrol,1000,119000,1785000
car,Suzuki,Alto,2015,Manual,Petrol,800,43000,1850000
car,Suzuki,Alto Sport,2011,Manual,Petrol,800,90000,1500000
car,Suzuki,Wagon R,2018,Automatic,Hybrid,650,60000,3300000
car,Suzuki,A-Star,2012,Manual,Petrol,1000,61000,1900000
car,Suzuki,Alto,2016,Manual,Petrol,800,64565,2085000
car,Tata,Nano Twist,2016,Manual,Petrol,650,60000,1350000
car,Toyota,Vitz,2015,Automatic,Petrol,1000,69000,4250000
van,Toyota,KDH 223,2015,Automatic,Diesel,3000,70000,8500000
car,Perodua,Viva Elite,2011,Automatic,Petrol,1000,98000,2340000
suv,Mahindra,KUV 100 NXT,2020,Manual,Petrol,1200,84,3250000
car,Suzuki,Swift,2017,Automatic,Petrol,1000,21000,4850000
car,Toyota,Aqua,2015,Automatic,Hybrid,1500,34000,4195000
car,Nissan,N17,2008,Manual,Petrol,1300,110000,2050000
car,Toyota,Premio G Superior,2013,Automatic,Petrol,1500,83000,6980000
car,Toyota,Vitz,2007,Automatic,Petrol,1000,92000,2950000
van,Suzuki,Every,2014,Automatic,Petrol,650,130000,2725000
pickup,Toyota,Hilux,2010,Manual,Diesel,3000,200000,6200000
car,Toyota,Axio,2014,Automatic,Hybrid,1500,67000,4450000
car,Nissan,N16 Ex Saloon,2001,Automatic,Petrol,1500,145000,2050000
car,Suzuki,Celerio VXI,2015,Automatic,Petrol,1000,36000,2320000
car,Suzuki,Maruti,2006,Manual,Petrol,800,65000,1055000
van,Toyota,Voxy,2014,Automatic,Petrol,1800,95000,6600000
car,Nissan,Bluebird,2000,Automatic,Petrol,1700,120000,1675000
car,Suzuki,Celerio VXI,2015,Automatic,Petrol,1000,56000,2725000
suv,Kia,Sportage,2000,Manual,Diesel,2000,180400,1675000
car,Suzuki,Swift,2009,Automatic,Petrol,1300,130000,3090000
van,Nissan,E25,2007,Automatic,Diesel,3000,100000,4050000
car,Toyota,Vitz,2018,Automatic,Petrol,1000,33000,4175000
car,Toyota,Prius,2012,Automatic,Petrol,1500,97000,4575000
pickup,Mahindra,Bolero,2011,Manual,Diesel,2500,100000,1400000
pickup,Mahindra,Bolero,2017,Manual,Diesel,2500,32569,2285000
car,Toyota,Allion 240,2002,Automatic,Petrol,1500,186000,3850000
car,Tata,Nano,2011,Manual,Petrol,650,78000,850000
suv,Kia,Sorento,2005,Manual,Petrol,2500,160000,3250000
car,Honda,Fit GP1,2011,Automatic,Hybrid,1300,110000,2800000
van,Nissan,Vanette,2006,Automatic,Diesel,2200,190000,3600000
car,Chevrolet,Aveo,2011,Manual,Petrol,1400,102000,2775000
car,Nissan,Leaf,2013,Automatic,Electric,70,60000,1550000
van,Nissan,Vanette,2000,Manual,Diesel,2200,370000,2490000
car,Toyota,Passo,2004,Automatic,Petrol,1000,130000,2300000
suv,Mitsubishi,Montero,2001,Automatic,Diesel,3200,150900,7200000
car,Suzuki,Maruti,2011,Manual,Petrol,800,55000,1200000
van,Mazda,Scrum,2007,Automatic,Petrol,650,77000,2390000
car,Tata,Nano,2012,Manual,Petrol,650,153000,850000
van,Suzuki,Every,2017,Automatic,Petrol,650,43000,2520000
car,Micro,Panda Cross,2014,Manual,Petrol,1300,82000,1540000
car,Honda,Fit GP5,2015,Automatic,Hybrid,1500,54500,4275000
suv,Toyota,CHR,2016,Automatic,Petrol,2200,22835,7825000
van,Nissan,Caravan,2003,Manual,Diesel,3300,295000,4600000
car,Nissan,N16,2000,Manual,Petrol,1500,250000,2100000
car,Hyundai,Eon,2015,Manual,Petrol,800,57000,1975000
van,Toyota,Dolphin,2003,Automatic,Petrol,2000,156000,4990000
car,Suzuki,Alto,2013,Manual,Petrol,800,125000,1790000
car,Suzuki,Alto 800 LXI,2015,Manual,Petrol,800,36000,1815000
car,Toyota,Premio,2019,Automatic,Petrol,1500,1900,11275000
car,Toyota,Corolla 121,2006,Automatic,Petrol,1500,179000,2875000
car,Suzuki,Swift,2003,Automatic,Petrol,1300,149000,2375000
car,Honda,Fit Shuttle,2012,Automatic,Petrol,1300,130000,3500000
pickup,Mahindra,Bolero,2013,Manual,Diesel,1500,110000,2725000
car,Suzuki,Wagon R Stingray,2018,Automatic,Petrol,650,25000,3250000
car,Toyota,Vitz,2018,Automatic,Petrol,1000,52496,4250000
car,Nissan,March,2004,Automatic,Petrol,1000,85000,1750000
car,Suzuki,Swift,2003,Manual,Petrol,1300,150000,2000000
car,Suzuki,Celerio VXI,2014,Automatic,Petrol,1000,58000,2260000
car,Suzuki,Wagon R,2017,Automatic,Petrol,650,45000,3180000
van,Toyota,Hiace KDH 201 GL,2007,Automatic,Diesel,3000,176500,5875000
car,Suzuki,Estilo,2011,Manual,Petrol,1000,32500,1975000
pickup,Mahindra,Bolero,2016,Manual,Diesel,2500,65000,2250000
car,Suzuki,Wagon R FZ,2017,Automatic,Hybrid,650,61000,3280000
car,Toyota,Axio Fielder,2015,Automatic,Hybrid,1500,90255,4290000
van,Suzuki,Every,2015,Automatic,Petrol,650,35000,2785000
car,Suzuki,Alto,2012,Manual,Petrol,800,130000,1610000
car,Honda,Civic FD3,2008,Automatic,Hybrid,1300,174000,3600000
car,Suzuki,Swift,2002,Automatic,Petrol,1300,125000,2300000
car,Suzuki,Alto 800,2015,Manual,Petrol,800,58000,1925000
car,Suzuki,Wagon R FZ,2015,Automatic,Petrol,650,23800,3025000
car,Honda,Fit Aria,2006,Automatic,Petrol,1300,157000,2490000
car,Nissan,Sunny FB15,2001,Automatic,Petrol,1500,170100,2275000
car,Micro,Panda,2012,Manual,Petrol,1000,80000,1290000
car,Toyota,Vitz F,2018,Automatic,Petrol,1000,15000,5750000
car,Honda,Grace,2015,Automatic,Petrol,1500,120000,4250000
car,Tata,Nano,2011,Manual,Petrol,650,73500,7750000
car,Toyota,Corolla 141,2008,Automatic,Petrol,1600,96000,3300000
suv,Mitsubishi,Outlander,2014,Automatic,Petrol,2000,90000,7800000
suv,Toyota,CHR GT TURBO,2018,Automatic,Petrol,1500,10896,8650000
car,Chery,QQ,2006,Manual,Petrol,800,123456,1050000
van,Toyota,Noah KR42,2002,Manual,Diesel,2800,238000,3850000
car,Hyundai,Elantra,2000,Automatic,Petrol,1600,87000,1475000
van,Suzuki,Every DA17,2016,Automatic,Petrol,650,45680,2590000
car,Suzuki,Wagon R FZ,2014,Automatic,Petrol,650,80000,1350000
car,Honda,Fit GP1,2013,Automatic,Hybrid,1300,46000,3950000
car,Suzuki,Alto,2016,Manual,Petrol,900,65000,1850000
car,Nissan,Tiida Latio,2007,Automatic,Petrol,1500,120000,2890000
car,Toyota,Allion,2002,Automatic,Petrol,1500,145000,3490000
car,Suzuki,Wagon R FZ,2017,Automatic,Hybrid,650,31000,3050000
car,Tata,Nano Twist,2017,Manual,Petrol,650,56000,1380000
car,Nissan,Sunny FB15,2000,Automatic,Petrol,1500,135000,2350000
car,Nissan,Bluebird,2007,Automatic,Petrol,1500,123000,2650000
car,Micro,Trend,2013,Manual,Petrol,1000,61000,1050000
car,Toyota,Corolla 121,2004,Manual,Petrol,1500,134000,3050000
car,Tata,Indigo,2008,Manual,Petrol,1400,90000,1400000
pickup,Nissan,Navara Aventura,2008,Automatic,Diesel,2500,125110,4150000
car,Suzuki,Alto,2010,Manual,Petrol,800,82000,1580000
car,Chevrolet,Cruze,2004,Automatic,Petrol,1300,124000,2375000
van,Mazda,Bongo,2007,Manual,Diesel,2000,183500,3350000
car,Hyundai,Eon,2015,Manual,Petrol,800,61000,2150000
car,Suzuki,Alto,2010,Manual,Petrol,800,92000,1585000
pickup,Mahindra,Bolero,2017,Manual,Diesel,2500,18000,2375000
car,Suzuki,Wagon R,2019,Automatic,Petrol,650,38000,3550000
car,Suzuki,Maruti 800,2006,Manual,Petrol,800,78300,1075000
car,Honda,Grace,2016,Automatic,Petrol,1500,68000,5500000
car,Suzuki,SX4,2007,Automatic,Petrol,1500,120597,2950000
van,Toyota,Voxy,2014,Automatic,Hybrid,1800,56000,7275000
van,Nissan,Vanette,2011,Automatic,Petrol,1800,236590,2750000
car,Toyota,Prius,2012,Automatic,Hybrid,1800,150000,5500000
suv,Hyundai,Tuscon,2006,Automatic,Petrol,2000,166320,2350000
car,Suzuki,Wagon R FX,2017,Automatic,Petrol,650,35000,3095000
car,Toyota,Vitz,2017,Automatic,Petrol,1000,35000,4775000
car,Suzuki,Alto,2015,Manual,Petrol,800,95800,1925000
car,Nissan,FB14,2006,Automatic,Petrol,1300,130000,1675000
car,Toyota,Vitz,2018,Automatic,Petrol,1000,12600,4175000
car,Kia,Rio,2005,Manual,Petrol,1500,127000,1150000
car,Tata,Nano,2011,Manual,Petrol,650,125000,775000
car,Mazda,Familia,2004,Automatic,Petrol,1500,180000,1950000
car,Toyota,Aqua,2013,Automatic,Petrol,1500,82000,3300000
car,Nissan,March,2002,Manual,Petrol,1000,107338,1500000
van,Suzuki,Every,2013,Automatic,Petrol,650,59100,2400000
suv,Honda,CRV,2000,Manual,Petrol,2000,158000,2650000
van,Suzuki,Spacia,2017,Automatic,Electric,650,64450,3195000
car,Nissan,Primera,2000,Automatic,Petrol,1800,210000,1250000
car,Mazda,Demio,2000,Automatic,Petrol,1300,225000,1795000
car,Toyota,Vitz,2020,Automatic,Petrol,1000,19800,4975000
car,Toyota,IST,2003,Automatic,Petrol,1300,149000,2875000
car,Toyota,Aqua,2013,Automatic,Hybrid,1500,94000,2850000
car,Suzuki,Alto 800,2015,Manual,Petrol,800,52900,1920000
car,Suzuki,Wagon R FZ,2018,Automatic,Petrol,650,63000,2900000
car,Nissan,N16,2002,Automatic,Petrol,1300,12850,2325000
pickup,Mahindra,Bolero,2014,Manual,Diesel,2500,95000,1575000
suv,Toyota,CHR GT TURBO,2017,Automatic,Petrol,1200,54000,7600000
car,Honda,N Box,2016,Automatic,Petrol,650,46000,3225000
car,Toyota,Axio G Grade,2016,Automatic,Hybrid,1500,99000,5680000
car,Honda,Grace,2015,Automatic,Petrol,1500,95000,4950000
van,Suzuki,Every,2019,Automatic,Petrol,650,3400,3510000
car,Suzuki,Alto 800 LXI,2008,Manual,Petrol,1000,65600,1745000
car,Toyota,Vitz,2015,Automatic,Petrol,1000,40000,4250000
car,Micro,Geely,2014,Manual,Petrol,1500,63000,2000000
car,Suzuki,Zen,2006,Manual,Petrol,1000,198000,1275000
car,Nissan,N16,2004,Automatic,Petrol,1600,193000,2400000
car,Nissan,Sunny FB15,2001,Automatic,Petrol,1500,134000,2395000
van,Suzuki,Spacia,2018,Automatic,Hybrid,650,64000,3500000
car,Toyota,Aqua S Grade,2013,Automatic,Hybrid,1500,47600,5300000
car,Toyota,Vios,2008,Automatic,Petrol,1500,65000,3675000
car,Nissan,FB15,2000,Automatic,Petrol,1500,191000,2465000
car,Suzuki,Alto 800 LXI,2015,Manual,Petrol,800,56500,1985000
van,Suzuki,Every,2005,Manual,Petrol,650,128600,1600000
van,Nissan,Clipper NV100,2012,Automatic,Petrol,650,103000,2425000
car,Micro,Panda,2012,Manual,Petrol,1000,42000,1200000
car,Suzuki,Wagon R Stingray,2017,Automatic,Hybrid,650,16000,3750000
car,Toyota,Vitz Edition 2,2018,Automatic,Petrol,1000,29000,5575000
suv,Mitsubishi,Montero V6,2002,Automatic,Petrol,3500,130179,5850000
van,Nissan,E25,2006,Automatic,Diesel,3000,175000,4550000
car,Suzuki,Maruti 800,2012,Manual,Petrol,800,97600,1275000
car,Suzuki,Wagon R Stingray,2014,Automatic,Petrol,650,52000,2575000
car,Honda,Civic FD3,2008,Automatic,Hybrid,1500,123000,3325000
pickup,Mahindra,Bolero,2012,Manual,Diesel,2500,63010,1350000
car,Suzuki,Alto 800,2015,Manual,Petrol,800,70000,1935000
car,Toyota,Allion,2013,Automatic,Petrol,1500,24000,7000000
car,Suzuki,Alto,2015,Manual,Petrol,800,12500,2175000
car,Hyundai,Accent,2000,Manual,Petrol,1500,158000,1275000
car,Kia,Picanto,2004,Automatic,Petrol,1000,89500,1750000
car,Suzuki,Maruti,2005,Manual,Petrol,800,65000,1080000
car,Toyota,Corolla 121,2006,Automatic,Petrol,1300,126000,3175000
van,Toyota,KR42,2003,Automatic,Diesel,2200,229000,3250000
van,Nissan,Vanette,2011,Automatic,Diesel,2200,185000,3100000
car,Zotye,Z100,2020,Manual,Petrol,1000,2000,2150000
suv,Suzuki,Grand Vitara,2000,Automatic,Petrol,1600,78000,2350000
car,Suzuki,Alto 800 LXI,2015,Manual,Petrol,800,70000,1965000
car,Honda,Grace EX,2017,Automatic,Hybrid,1500,52800,5850000
car,Suzuki,Alto 800 LXI,2015,Manual,Petrol,800,42000,1765000
car,Toyota,Premio,2017,Automatic,Petrol,1500,46957,8090000
van,Toyota,KDH 223,2012,Automatic,Diesel,3000,300000,8400000
van,Nissan,Clipper NV100,2016,Manual,Petrol,650,45000,3250000
car,Nissan,EX Saloon,2003,Automatic,Petrol,1500,169875,2375000
car,Nissan,Leaf,2015,Automatic,Electric,80,65000,1950000
car,Toyota,Carina,2001,Manual,Petrol,1600,340000,2600000
van,Suzuki,Every,2017,Automatic,Petrol,650,8800,2690000
car,Suzuki,Wagon R Stingray,2017,Automatic,Petrol,650,7633,3950000
van,Suzuki,Every,2015,Automatic,Petrol,650,29000,3050000
car,Toyota,Axio,2015,Automatic,Hybrid,1500,80000,4800000
car,Hyundai,Accent,2001,Manual,Petrol,1500,139000,1275000
car,Tata,Nano,2012,Manual,Petrol,650,170000,770000
car,Suzuki,Alto 800 LXI,2006,Manual,Petrol,800,92331,1425000
car,Toyota,Aqua S Grade,2014,Automatic,Petrol,1500,54000,3310000
car,Suzuki,Wagon R,2015,Automatic,Petrol,650,72400,2800000
car,Suzuki,Maruti,2004,Manual,Petrol,800,55000,890000
car,Toyota,Passo,2007,Automatic,Petrol,1000,115000,2790000
car,Hyundai,Matrix,2002,Manual,Petrol,1600,176000,1550000
car,Toyota,Aqua S Grade,2013,Automatic,Hybrid,1500,107000,3675000
car,Honda,Fit Shuttle,2012,Automatic,Petrol,1300,83000,3850000
car,Mitsubishi,Ek Wagon,2017,Automatic,Petrol,650,30000,3390000
suv,Honda,Vezel,2015,Automatic,Hybrid,1500,99000,5065000
car,Chery,QQ,2011,Manual,Petrol,800,72000,975000
car,Toyota,Allion 260,2007,Automatic,Petrol,1500,100000,4650000
car,Toyota,Allion,2008,Automatic,Petrol,1500,130000,4875000
car,Suzuki,Estilo,2010,Manual,Petrol,1000,55000,1750000
car,Toyota,Prius,2009,Automatic,Hybrid,1800,90000,3050000
car,Honda,Fit GP1,2011,Automatic,Hybrid,1300,53000,3300000
car,Suzuki,Alto 800 LXI,2016,Manual,Petrol,800,24100,1980000
car,Toyota,Aqua S Grade,2012,Automatic,Hybrid,1500,144500,3575000
car,Suzuki,Wagon R FZ,2017,Automatic,Petrol,650,17900,3465000
car,Toyota,Vitz,2009,Automatic,Petrol,1000,96000,2850000
car,Toyota,Vitz,2010,Automatic,Petrol,1000,94025,3425000
car,Toyota,Prius W,2013,Automatic,Hybrid,1500,100000,2975000
car,Suzuki,Alto,2015,Manual,Petrol,800,49000,1820000
car,Toyota,Axio,2015,Automatic,Hybrid,1500,41000,5000000
van,Toyota,KDH,2008,Automatic,Petrol,2500,150000,5950000
car,Suzuki,Maruti,2011,Manual,Petrol,800,39000,1235000
car,Suzuki,Wagon R Stingray,2018,Automatic,Petrol,650,11111,3250000
car,Perodua,Viva Elite,2013,Automatic,Petrol,1000,99000,2525000
car,Suzuki,Wagon R,2018,Automatic,Hybrid,650,42000,3225000
car,Suzuki,800,2017,Manual,Petrol,800,58000,2090000
car,Toyota,Vitz,2007,Automatic,Petrol,1000,145000,3360000
van,Suzuki,Every,2011,Automatic,Petrol,650,86000,2585000
car,Suzuki,Alto,2006,Manual,Petrol,800,116060,1150000
car,Suzuki,Alto,2009,Manual,Petrol,800,99000,1525000
car,Suzuki,Alto K10,2011,Manual,Petrol,1000,89000,1750000
van,Suzuki,Every,2007,Automatic,Petrol,650,180000,2375000
car,Suzuki,Estilo,2010,Manual,Petrol,1000,121000,1875000
car,Kia,Rio,2002,Manual,Petrol,1500,150000,1325000
suv,Nissan,X-Trail,2015,Automatic,Hybrid,2000,64700,5980000
car,Toyota,Vitz,2019,Automatic,Petrol,1000,5000,6050000
car,Honda,Fit,2012,Automatic,Hybrid,1300,101000,3200000
pickup,Mahindra,Bolero,2015,Manual,Diesel,2500,75000,1675000
car,Honda,Fit GP5,2013,Automatic,Hybrid,1500,118000,3800000
car,Micro,Panda,2012,Manual,Petrol,1000,51000,1325000
suv,Mitsubishi,Outlander,2014,Automatic,Hybrid,2000,112400,8200000
car,Toyota,Allion,2007,Automatic,Petrol,1500,152000,5100000
car,Suzuki,Alto,2015,Manual,Petrol,800,47950,1750500
car,Micro,Panda,2015,Manual,Petrol,1000,40000,1600000
car,Toyota,Allion,2003,Automatic,Petrol,1500,120000,3625000
pickup,Mitsubishi,L200,2008,Manual,Diesel,2500,116000,2575000
suv,Honda,Vezel,2014,Automatic,Petrol,1500,97000,4890000
car,Micro,Panda,2012,Manual,Petrol,1000,45000,1325000
car,Toyota,Aqua,2013,Automatic,Hybrid,1500,81000,3850000
van,Suzuki,Every,2012,Automatic,Petrol,650,54000,2690000
van,Nissan,Vanette,2000,Manual,Petrol,2200,230000,2380000
car,Suzuki,Maruti,2008,Manual,Petrol,800,87000,1195000
car,Suzuki,Wagon R FZ,2018,Automatic,Hybrid,650,40000,3125000
car,Honda,Fit GP5,2013,Automatic,Petrol,1500,78000,3785000
car,Toyota,Belta,2007,Automatic,Petrol,1000,175000,3300000
car,Nissan,N16,2001,Manual,Petrol,1300,190000,2090000
car,Suzuki,Alto,2015,Manual,Petrol,800,28000,1980000
car,Suzuki,Alto K10,2014,Manual,Petrol,1000,130000,2300000
car,Suzuki,Alto,2015,Manual,Petrol,800,62500,1875000
car,Nissan,FB15 Super Saloon,2000,Automatic,Petrol,1500,162000,2350000
car,Suzuki,Wagon R,2016,Automatic,Petrol,650,83000,2875000
car,Suzuki,Maruti,2011,Manual,Petrol,800,72000,1210000
van,Toyota,KDH GL,2016,Manual,Diesel,3000,91000,6800000
car,Toyota,Allion,2008,Automatic,Petrol,1500,90000,4900000
car,Toyota,Vitz,2017,Automatic,Petrol,1000,17000,5050000
car,Hyundai,Eon,2015,Manual,Petrol,800,21000,2025000
car,Toyota,Axio WXB,2017,Automatic,Hybrid,1500,42000,6870000
car,Honda,Civic,2000,Automatic,Petrol,1700,187000,2725000
car,Suzuki,Alto K10,2012,Manual,Petrol,1000,65000,1858000
car,Honda,Insight,2011,Automatic,Hybrid,1300,86000,3700000
car,Honda,City,2005,Manual,Petrol,1500,200000,2250000
car,Suzuki,Wagon R FZ,2014,Automatic,Petrol,650,28000,2525000
pickup,Mahindra,Bolero,2015,Manual,Diesel,2500,75000,2190000
car,Nissan,FB15,2001,Automatic,Petrol,1500,139000,2250000
car,Renault,KWID,2016,Manual,Petrol,800,41000,2109000
car,Toyota,Prius,2009,Automatic,Petrol,1800,144000,3775000
car,Toyota,Aqua X Urban,2015,Automatic,Hybrid,1500,80000,4620000
car,Toyota,Prius,2012,Automatic,Hybrid,1800,103000,4500000
car,Nissan,Sunny N16,2002,Manual,Petrol,1500,189725,2275000
car,Suzuki,Alto 800,2015,Manual,Petrol,800,99450,1750000
car,Toyota,Corolla,2003,Automatic,Petrol,1500,140000,3400000
car,Toyota,Vios,2004,Automatic,Petrol,1500,80000,2600000
car,Nissan,Bluebird,2004,Automatic,Petrol,1500,140000,2150000
van,Suzuki,Every,2015,Automatic,Petrol,650,21000,2395000
car,Nissan,Dayz,2017,Automatic,Petrol,650,21000,3250000
car,Honda,Fit Shuttle,2012,Automatic,Hybrid,1300,144000,3500000
car,Renault,KWID,2016,Manual,Petrol,800,33030,1675000
van,Toyota,KDH 201 Super GL,2015,Automatic,Diesel,3000,70276,8850000
van,Nissan,Vanette,2016,Manual,Petrol,1600,70000,4600000
van,Toyota,KDH 200 Super GL,2007,Automatic,Diesel,2500,160000,6950000
car,Suzuki,Swift,2003,Automatic,Petrol,1300,120000,2000000
car,Toyota,Vitz,2017,Automatic,Petrol,1000,18000,4725000
car,Renault,KWID,2016,Manual,Petrol,800,21000,1800000
van,Mazda,Scrum,2012,Automatic,Petrol,650,59000,2650000
car,Toyota,IST,2007,Automatic,Petrol,1500,105000,3875000
car,Toyota,Prius,2009,Automatic,Petrol,1800,122586,3700000
van,Hyundai,H100,2001,Manual,Diesel,2500,325000,1950000
car,Suzuki,Omni,2011,Manual,Petrol,800,65000,1075000
van,Toyota,Townace KR42,2000,Manual,Diesel,2200,205423,3550000
car,Suzuki,Swift,2003,Automatic,Petrol,1300,125000,2450000
pickup,Mahindra,Bolero Maxi Truck,2010,Manual,Diesel,2500,68000,1430000
car,Suzuki,Celerio,2015,Automatic,Petrol,1000,11500,2520000
car,Mazda,RX-8,2007,Automatic,Petrol,1300,51000,3750000
car,Chevrolet,Aveo,2008,Manual,Petrol,1200,93000,1625000
car,Perodua,Viva Elite,2011,Automatic,Petrol,1000,78000,2130000
car,Toyota,Vitz,2014,Automatic,Petrol,1000,44700,4375000
car,Toyota,Premio,2019,Automatic,Petrol,1500,8500,11300000
car,Toyota,Corolla,2000,Automatic,Diesel,1500,273000,1900000
van,Suzuki,Every,2007,Automatic,Petrol,650,120000,2675000
van,Suzuki,Spacia Custom,2017,Automatic,Petrol,650,47000,3400000
pickup,Mahindra,Bolero,2012,Manual,Diesel,2500,48000,1225000
car,Suzuki,Maruti,2010,Manual,Petrol,800,65000,1160000
car,Suzuki,Alto,2017,Automatic,Petrol,650,21945,3275000
car,Suzuki,Alto Sport,2015,Manual,Petrol,800,64000,1965000
car,Nissan,Cefiro,2004,Automatic,Petrol,2000,134467,3995000
car,Toyota,Premio 240,2003,Automatic,Petrol,1500,210600,3550000
suv,Mitsubishi,Montero,2002,Automatic,Petrol,3500,118000,4890000
van,Toyota,KDH 223,2016,Automatic,Diesel,3000,110000,9600000
car,Toyota,Corolla 141,2007,Automatic,Petrol,1600,114340,3350000
car,Toyota,Vitz,2018,Automatic,Petrol,1000,20000,4500000
van,Suzuki,Omni,2007,Manual,Petrol,800,92000,1350000
car,Suzuki,Swift Beetle,2005,Automatic,Petrol,1300,120000,2750000
car,Hyundai,Matrix,2001,Automatic,Petrol,1600,184191,1625000
car,Suzuki,Wagon R FX,2017,Automatic,Petrol,650,59632,3125000
car,Toyota,Yaris,2007,Manual,Petrol,1300,90000,2850000
car,Toyota,Premio G Superior,2014,Automatic,Petrol,1500,68500,7450000
van,Mahindra,Bolero,2011,Manual,Diesel,2500,65000,1375000
car,Suzuki,Wagon R Stingray,2018,Automatic,Hybrid,650,47000,3090000
car,Hyundai,Elantra,2001,Manual,Petrol,1600,173996,1290000
car,Suzuki,Wagon R Stingray,2018,Automatic,Hybrid,650,51500,3700000
car,Chery,QQ,2015,Manual,Petrol,800,50000,1450000
car,Suzuki,Alto Sport,2010,Manual,Petrol,800,94000,1525000
car,Toyota,Prius,2009,Automatic,Hybrid,1800,106000,2900000
car,Suzuki,Alto,2017,Automatic,Petrol,650,4171,3390000
car,Hyundai,Trajet,2001,Automatic,Diesel,2000,149000,2300000
car,Suzuki,Wagon R FX,2017,Automatic,Hybrid,650,48000,3190000
suv,Honda,Vezel,2016,Automatic,Hybrid,1500,71000,6625000
van,Mazda,Scrum,2007,Automatic,Petrol,650,74000,2390000
car,Suzuki,Alto,2007,Manual,Petrol,800,81000,1537000
car,Nissan,Primera,2000,Automatic,Petrol,1800,183000,2025000
car,Toyota,Premio,2011,Automatic,Petrol,1500,32400,6375000
car,Suzuki,Wagon R Stingray,2015,Automatic,Hybrid,650,34000,3300000
car,Toyota,Passo,2012,Automatic,Petrol,1000,89400,2930000
car,Toyota,Allion,2016,Automatic,Petrol,1500,26000,7675000
suv,Kia,Sorento,2012,Automatic,Diesel,2200,127600,6500000
car,Suzuki,Alto,2007,Manual,Petrol,800,62000,1415000
car,Nissan,FB15,2003,Automatic,Petrol,1500,163000,2600000
car,Micro,Panda,2016,Manual,Petrol,1000,22000,1800000
van,Toyota,KR42 Noah,2000,Automatic,Diesel,2200,260000,3700000
suv,Mitsubishi,Montero Sport,2012,Automatic,Diesel,2500,60000,9500000
suv,Micro,Rexton,2007,Automatic,Diesel,2700,102460,4550000
car,Hyundai,Accent,2005,Automatic,Petrol,1300,129395,1340000
car,Micro,Panda Cross,2012,Manual,Petrol,1300,51000,1460000
pickup,Toyota,Hilux,2010,Manual,Diesel,2500,101000,5775000
van,Suzuki,Every,2001,Automatic,Petrol,650,150000,1880000
car,Toyota,Vitz,2008,Automatic,Petrol,1000,102000,3380000
car,Kia,Picanto,2016,Manual,Petrol,1000,58000,2550000
car,Suzuki,Maruti,2004,Manual,Petrol,800,75000,950000
car,Honda,Fit GP5,2015,Manual,Hybrid,1500,69450,3775000
car,Toyota,Aqua G Grade,2014,Automatic,Hybrid,1500,92000,3985000
car,Toyota,Aqua,2012,Automatic,Petrol,1500,92000,2990000
van,Suzuki,Every,2011,Automatic,Petrol,650,71700,2600000
car,Toyota,Belta,2008,Automatic,Petrol,1300,89000,3650000
car,Toyota,Prius 2nd Generation,2008,Automatic,Hybrid,1500,137000,3290000
car,Honda,Fit,2012,Automatic,Petrol,1500,90000,3050000
car,Toyota,Aqua,2012,Automatic,Hybrid,1500,98000,3825000
car,Toyota,Vitz,2007,Automatic,Petrol,1000,85000,3175000
car,Toyota,Vitz,2015,Automatic,Petrol,1000,60000,4325000
car,Toyota,Corolla 121,2000,Automatic,Petrol,1300,190000,2550000
pickup,Tata,Xenon,2015,Manual,Diesel,2900,120000,1600000
car,Suzuki,Celerio VXI,2014,Automatic,Petrol,1000,26900,2300000
car,Suzuki,Alto Japan,2014,Automatic,Petrol,650,40000,2650000
car,Toyota,Aqua,2014,Automatic,Hybrid,1500,80000,3590000
car,Tata,Indigo,2015,Manual,Petrol,1200,54000,1840000
van,Toyota,KDH 201,2007,Manual,Diesel,3000,230000,5850000
car,Toyota,Axio WXB,2017,Automatic,Petrol,1500,26000,7550000
car,Toyota,Premio,2020,Automatic,Petrol,1500,3000,12500000
car,Toyota,Allion 260,2011,Automatic,Petrol,1500,130000,5890000
car,Suzuki,Wagon R,2015,Automatic,Petrol,650,25000,3100000
car,Honda,Fit GP1,2012,Automatic,Petrol,1300,79000,3350000
car,Kia,Rio,2001,Manual,Petrol,1500,91000,1150000
car,Nissan,Sunny FB15,2002,Automatic,Petrol,1500,116456,2475000
car,Toyota,Allion 260,2007,Automatic,Petrol,1500,148000,4800000
car,Micro,Trend,2011,Manual,Petrol,1100,59850,1085000
car,Suzuki,Maruti,2005,Manual,Petrol,800,73500,1050000
car,Toyota,Corolla Axio,2016,Automatic,Petrol,1800,70000,5800000
car,Toyota,Premio,2018,Automatic,Petrol,1500,5748,8350000
car,Toyota,Vitz,2018,Automatic,Petrol,1000,3200,4450000
car,Hyundai,Accent,2001,Automatic,Petrol,1500,146000,1450000
car,Toyota,Prius,2011,Automatic,Petrol,1800,160000,3300000
car,Toyota,Axio,2015,Automatic,Hybrid,1500,76780,5450000
car,Toyota,Vitz,2008,Automatic,Petrol,1000,91000,3190000
car,Chery,QQ,2011,Manual,Petrol,800,48850,1050000
car,Chevrolet,Aveo,2011,Manual,Petrol,1400,103000,2450000
car,Toyota,Aqua,2013,Automatic,Petrol,1500,77000,4500000
van,Toyota,CR42,2001,Automatic,Diesel,2200,199000,4250000
car,Suzuki,Maruti,2005,Manual,Petrol,800,133400,1025000
car,Toyota,Belta,2008,Automatic,Petrol,1000,150000,1800000
car,Toyota,Vitz,2017,Automatic,Petrol,1000,13060,4825000
car,Suzuki,Wagon R,2017,Automatic,Hybrid,650,28000,3250000
car,Suzuki,Maruti,2005,Manual,Petrol,800,28000,930000
car,Toyota,Premio G Superior,2015,Automatic,Petrol,1500,62400,7925000
car,Nissan,Leaf,2014,Automatic,Electric,70,38000,2150000
car,Nissan,Sunny Super Saloon,2007,Manual,Petrol,1300,125000,2500000
car,Nissan,Bluebird,2003,Automatic,Petrol,1500,260000,2490000
car,Suzuki,Alto K10,2013,Manual,Petrol,1000,152000,1925000
van,Toyota,Noah,2006,Automatic,Petrol,1800,236800,4500000
suv,Mitsubishi,Montero,2007,Automatic,Diesel,2800,56825,9850000
suv,Micro,Rexton,2007,Automatic,Diesel,2700,118000,4300000
pickup,Mahindra,Bolero,2014,Automatic,Diesel,2500,44000,1675000
car,Toyota,Prius,2015,Automatic,Hybrid,1800,84000,4690000
car,Suzuki,Zen Estilo,2012,Manual,Petrol,1000,24200,1925000
car,Kia,Rio,2001,Manual,Petrol,1300,222037,1280000
car,Suzuki,Maruti 800,2010,Manual,Petrol,800,82000,1200000
van,Toyota,KDH 200 Super GL,2007,Automatic,Diesel,2500,176000,5975000
car,Toyota,Premio G Superior,2018,Automatic,Petrol,1500,62000,10025000
car,Daihatsu,Mira,2000,Automatic,Petrol,650,131000,1475000
pickup,Mahindra,Bolero,2018,Manual,Diesel,2500,72000,2010000
car,Toyota,Aqua G Grade,2013,Automatic,Hybrid,1500,112010,3585000
car,Mitsubishi,Ek Wagon,2018,Automatic,Petrol,650,32000,3190000
van,Toyota,KDH,2006,Automatic,Diesel,3000,189000,6175000
car,Nissan,March K11,2001,Automatic,Petrol,1000,120000,1790000
car,Toyota,Vitz,2010,Automatic,Petrol,1000,105000,2950000
car,Toyota,Axio G Grade,2016,Automatic,Petrol,1500,106000,6200000
car,Suzuki,Maruti,2005,Manual,Petrol,800,35000,1000000
car,Toyota,Prius 3rd Genaration,2010,Automatic,Petrol,1800,147000,3390000
car,Toyota,Premio,2016,Automatic,Petrol,1500,65000,8750000
car,Toyota,Premio,2013,Automatic,Petrol,1500,108000,6675000
car,Micro,Panda Cross,2013,Manual,Petrol,1300,70000,1790000
van,Toyota,Noah KR42,2004,Automatic,Petrol,2000,126000,3900000
car,Honda,Fit,2013,Automatic,Hybrid,1300,121000,3450000
car,Suzuki,Swift,2006,Automatic,Petrol,1300,76000,2390000
car,Suzuki,Alto,2015,Manual,Petrol,800,57100,1900000
suv,Mitsubishi,Montero Sport,2011,Automatic,Diesel,2500,175000,7950000
car,Suzuki,Wagon R,2014,Automatic,Petrol,650,35000,2990000
car,Toyota,Premio,2017,Automatic,Petrol,1500,42000,8990000
car,Suzuki,Wagon R ,2015,Automatic,Petrol,650,34000,3200000
suv,Toyota,CHR,2019,Automatic,Petrol,1200,9000,8990000
car,Honda,N Box,2017,Automatic,Hybrid,650,7500,4150000
car,Nissan,N16 Super Saloon,2000,Automatic,Petrol,1600,164800,2290000
van,Toyota,Hiace,2007,Manual,Diesel,2500,350000,4250000
van,Toyota,KDH,2008,Automatic,Diesel,3000,132500,7200000
van,Suzuki,Every DA64,2014,Automatic,Petrol,650,52000,3100000
suv,Honda,Vezel RS,2016,Automatic,Hybrid,1500,47000,6690000
van,Suzuki,Every DA64,2007,Automatic,Petrol,650,160000,2385000
car,Suzuki,Maruti 800,2006,Manual,Petrol,800,87000,1080000
car,Nissan,Y11,2004,Automatic,Petrol,1300,107000,1700000
car,Suzuki,Wagon R,2019,Automatic,Hybrid,650,36000,3250000
car,Toyota,Aqua,2013,Automatic,Petrol,1500,95000,3225000
car,Toyota,Vitz F,2016,Automatic,Petrol,1000,41563,4525000
car,Suzuki,Maruti,2003,Manual,Petrol,800,24000,1000000
van,Toyota,KDH 200 Super GL,2007,Automatic,Diesel,2500,190000,6500000
van,Nissan,Caravan,2003,Manual,Diesel,3300,330000,4200000
van,Toyota,KDH 201 Super GL,2011,Automatic,Diesel,3000,76991,7535000
van,Suzuki,Every,2014,Automatic,Petrol,650,105000,3150000
car,Suzuki,Swift,2005,Automatic,Petrol,1300,89000,2275000
car,Suzuki,Maruti,2012,Manual,Petrol,800,94000,1295000
car,Toyota,Aqua,2012,Automatic,Petrol,1500,83000,2990000
car,Toyota,Prius G Touring,2014,Automatic,Hybrid,1800,87500,5100000
car,Hyundai,Eon,2015,Manual,Petrol,800,42000,1890000
van,Hyundai,H100,2000,Manual,Diesel,2500,102445,2000000
car,Suzuki,Wagon R FX,2017,Automatic,Hybrid,650,48000,3040000
car,Nissan,Leaf Azeo,2014,Automatic,Electric,70,55800,2000000
car,Tata,Nano,2012,Manual,Petrol,650,50000,790000
car,Suzuki,Maruti 800,2006,Manual,Petrol,800,81000,1125000
car,Honda,Civic,2000,Automatic,Petrol,1400,230211,1775000
car,Toyota,Premio,2012,Automatic,Petrol,1500,25000,3050000
car,Suzuki,Wagon R Stingray,2014,Automatic,Petrol,650,113000,2875000
car,Nissan,Leaf,2014,Automatic,Electric,70,77500,2300000
van,Suzuki,Every,2016,Automatic,Petrol,650,26782,3300000
car,Toyota,Vios,2006,Automatic,Petrol,1500,102000,2935000
car,Suzuki,Wagon R Stingray,2014,Automatic,Petrol,650,35300,2600000
car,Toyota,Premio,2018,Automatic,Petrol,1500,7800,10700000
car,Mazda,Familia,2000,Automatic,Petrol,1300,112000,1550000
car,Toyota,Vitz,2017,Automatic,Petrol,1000,55000,4870000
car,Suzuki,Maruti 800,2006,Manual,Petrol,800,80000,1090000
car,Toyota,Allion,2004,Automatic,Petrol,1500,144000,3975000
car,Suzuki,Alto,2004,Automatic,Petrol,650,135000,1520000
car,Nissan,EX Saloon,2000,Automatic,Petrol,1300,135300,2125000
car,Toyota,Soluna,2000,Automatic,Petrol,1500,116500,1875000
car,Honda,City,2004,Manual,Petrol,1500,355640,1685000
car,Suzuki,Wagon R Stingray,2015,Automatic,Hybrid,650,64000,2625000
car,Nissan,Leaf,2013,Automatic,Electric,70,53000,1350000
van,Mazda,Brawny,2010,Manual,Diesel,2000,292063,3350000
car,Kia,Rio,2002,Manual,Petrol,1500,78000,1375000
van,Toyota,KDH Super GL,2008,Automatic,Petrol,2000,198000,5390000
car,Micro,Panda Cross,2014,Manual,Petrol,1300,12500,1600000
car,Toyota,Prius,2011,Automatic,Hybrid,1800,126000,4150000
pickup,Toyota,Hilux,2011,Manual,Diesel,2500,162000,7150000
car,Nissan,N16,2001,Automatic,Petrol,1500,125000,2150000
car,Toyota,Camry,2002,Automatic,Petrol,2000,199700,2190000
van,Nissan,Caravan,2002,Automatic,Diesel,3000,350000,4150000
van,Suzuki,Every,2016,Automatic,Petrol,650,60000,3400000
suv,Micro,Kyron,2008,Automatic,Diesel,2000,78000,3500000
car,Renault,KWID RXT,2016,Manual,Petrol,800,52500,1885000
car,Suzuki,Maruti 800,2006,Manual,Petrol,800,73000,1050000
car,Suzuki,Swift,2003,Automatic,Petrol,1300,143423,2375000
car,Suzuki,Wagon R,2016,Automatic,Hybrid,650,68900,3100000
van,Toyota,KR42 Noah,2006,Manual,Diesel,2200,99000,3700000
car,Honda,Fit Shuttle,2017,Automatic,Petrol,1500,29200,6780000
suv,Toyota,CHR GT TURBO,2019,Automatic,Petrol,1200,20000,9650000
car,Toyota,Passo,2008,Automatic,Petrol,1000,87000,2725000
car,Honda,N WGN,2016,Automatic,Petrol,650,82000,2625000
car,Toyota,Axio WXB,2017,Automatic,Hybrid,1500,25000,5500000
car,Suzuki,Wagon R FZ,2014,Automatic,Petrol,650,72000,2860000
car,Suzuki,Alto 800 LXI,2015,Manual,Petrol,800,42000,1890000
van,Toyota,KR42,2006,Automatic,Petrol,1800,83000,4075000
pickup,Mitsubishi,L200,2009,Manual,Diesel,2500,130000,2700000
car,Suzuki,Maruti,2011,Manual,Petrol,800,69000,1210000
van,Nissan,Clipper,2007,Automatic,Petrol,650,70000,2185000
car,Honda,Fit Shuttle,2012,Automatic,Hybrid,1300,83300,3850000
car,Suzuki,Wagon R FZ,2018,Automatic,Hybrid,650,31495,3650000
car,Suzuki,Wagon R,2015,Automatic,Petrol,650,38000,2390000
van,Suzuki,Every,2016,Automatic,Petrol,650,72000,3350000
car,Perodua,Axia,2017,Automatic,Petrol,1000,39000,3250000
car,Toyota,Belta,2008,Automatic,Petrol,1300,95000,3675000
suv,Toyota,Harrier,2008,Automatic,Petrol,3100,210000,6000000
car,Perodua,Viva Elite,2012,Manual,Petrol,1000,215000,2250000
car,Toyota,Avanza,2012,Manual,Petrol,1300,28000,4400000
suv,Honda,Vezel Z Grade,2015,Automatic,Hybrid,1500,99100,5065000
van,Toyota,KR42 Noah,2003,Automatic,Diesel,2200,189000,4275000
car,Toyota,Axio,2015,Automatic,Hybrid,1500,61000,5050000
car,Mazda,Familia BJ5P,2001,Automatic,Petrol,1500,200000,2050000
suv,Honda,Vezel RS,2017,Automatic,Hybrid,1500,40000,6885000
car,Suzuki,Wagon R Stingray,2018,Automatic,Petrol,650,22000,3750000
van,Toyota,KR42 Noah,2007,Automatic,Petrol,2200,231000,4650000
van,Suzuki,Every,2015,Automatic,Petrol,650,75150,2275000
van,Suzuki,Every,2018,Automatic,Petrol,650,15000,2675000
van,Suzuki,Every,2018,Automatic,Petrol,650,92500,2475000
van,Suzuki,Every,2016,Automatic,Petrol,650,69582,2450000
car,Toyota,Vitz KSP90,2008,Automatic,Petrol,1000,40000,3300000
car,Suzuki,Maruti,2005,Manual,Petrol,800,79000,1075000
car,Nissan,March,2000,Automatic,Petrol,1000,171000,1600000
car,Honda,Fit GP5,2013,Automatic,Petrol,1500,46755,3400000
pickup,Mahindra,Bolero,2014,Manual,Diesel,2500,130000,1375000
car,Nissan,N16,2001,Manual,Petrol,1500,232000,1875000
suv,Mitsubishi,Pajero,2001,Automatic,Petrol,1800,100000,2950000
van,Nissan,NV200,2017,Automatic,Petrol,1500,32000,5250000
car,Micro,MX 7,2013,Manual,Petrol,1500,90000,1350000
car,Suzuki,Wagon R FX,2017,Automatic,Hybrid,650,54000,3150000
car,Perodua,Axia,2016,Automatic,Petrol,1000,9573,3450000
car,Toyota,Prius S Grade,2012,Automatic,Hybrid,1800,82000,4875000
car,Toyota,Vitz,2008,Automatic,Petrol,1000,158300,3275000
car,Suzuki,Maruti,2006,Manual,Petrol,800,73700,1150000
car,Nissan,Dayz,2018,Automatic,Petrol,650,68490,3525000
car,Honda,Fit GP5,2013,Automatic,Hybrid,1500,67000,4300000
car,Nissan,Wingroad,2001,Manual,Petrol,1500,190000,2190000
car,Toyota,Premio,2019,Automatic,Petrol,1500,18000,9500000
car,Toyota,Soluna,2000,Manual,Petrol,1500,152000,1700000
car,Chery,QQ,2007,Manual,Petrol,800,48000,755000
car,Toyota,Vitz,2017,Automatic,Petrol,1000,40000,4990000
pickup,Toyota,Hilux,2013,Automatic,Diesel,3000,74000,5900000
van,Toyota,KDH 201,2011,Automatic,Diesel,3000,278600,6800000
van,Suzuki,Every,2014,Automatic,Petrol,650,67500,2850000
car,Suzuki,Alto,2015,Manual,Petrol,800,34000,1825000
car,Suzuki,Maruti,2011,Manual,Petrol,800,56000,1290000
car,Perodua,Viva Elite Premium,2011,Automatic,Petrol,1000,91000,2295000
car,Nissan,N17,2007,Manual,Petrol,1500,140000,2390000
car,Suzuki,Maruti 800,2007,Manual,Petrol,800,123000,1075000
car,Toyota,Corolla 121,2004,Automatic,Petrol,1500,121000,3750000
car,Toyota,Aqua S Grade,2012,Automatic,Petrol,1500,68000,3660000
van,Nissan,Caravan,2002,Automatic,Diesel,3200,235000,3800000
car,Toyota,Axio,2015,Automatic,Petrol,1500,60000,4790000
car,Toyota,Axio WXB,2016,Automatic,Hybrid,1500,58000,6100000
car,Micro,Panda,2011,Manual,Petrol,1000,57000,1325000
car,Honda,Grace,2017,Automatic,Hybrid,1500,45000,5650000
car,Toyota,IST,2007,Automatic,Petrol,1500,113500,3850000
car,Toyota,Premio G Superior,2018,Automatic,Petrol,1500,10200,10500000
car,Toyota,Vitz F,2015,Automatic,Petrol,1000,36000,4290000
car,Toyota,Vitz Edition 2,2017,Automatic,Petrol,1000,43000,4825000
car,Honda,Fit GP5,2013,Automatic,Hybrid,1500,74000,4000000
van,Nissan,Caravan,2000,Manual,Diesel,2500,200000,3800000
car,Toyota,Allion 260,2008,Automatic,Petrol,1500,102000,4850000
car,Toyota,Premio 260,2013,Automatic,Petrol,1500,80000,7200000
pickup,Toyota,Hilux Rocco,2020,Automatic,Diesel,2800,1900,14400000
car,Suzuki,Wagon R FZ,2017,Automatic,Hybrid,650,29100,3475000
car,Suzuki,Maruti,2010,Manual,Petrol,800,55000,1150000
car,Suzuki,Alto,2006,Manual,Petrol,800,85917,1400000
car,Honda,Grace EX,2016,Automatic,Hybrid,1500,77000,5725000
car,Nissan,March AK12,2002,Automatic,Petrol,1300,145000,1750000
car,Suzuki,Maruti 800,2005,Manual,Petrol,800,46500,1050000
car,Toyota,Prius,2012,Automatic,Hybrid,1800,24191,4400000
car,Mazda,Familia BJ5P,2002,Automatic,Petrol,1500,116781,2700000
car,Suzuki,Alto,2005,Manual,Petrol,800,120000,1390000
car,Tata,Nano,2012,Manual,Petrol,650,175000,785000
car,Suzuki,Alto,2011,Manual,Petrol,800,74944,1550000
car,Suzuki,Liana,2013,Automatic,Petrol,1500,90000,2250000
car,Suzuki,Maruti,2005,Manual,Petrol,800,5800,1025000
van,Suzuki,Every,2014,Automatic,Petrol,650,63000,2795000
van,Toyota,KDH 201,2014,Automatic,Diesel,3000,110000,7390000
car,Suzuki,Alto,2015,Manual,Petrol,800,50200,1920000
car,Suzuki,Wagon R Stingray,2018,Automatic,Hybrid,650,29234,3725000
van,Suzuki,Every,2011,Automatic,Petrol,650,133000,2795000
suv,Honda,Vezel,2015,Automatic,Hybrid,1500,43500,5950000
car,Micro,Panda,2014,Manual,Petrol,1000,37000,1495000
car,Nissan,March AK12,2003,Automatic,Petrol,1300,131000,2350000
car,Suzuki,Wagon R,2018,Automatic,Petrol,650,10000,3445000
car,Honda,N WGN,2016,Automatic,Petrol,650,48000,3850000
van,Toyota,CR42,2003,Automatic,Diesel,1500,189000,4225000
car,Honda,City,2005,Manual,Petrol,1500,140000,1860000
car,Toyota,Axio,2015,Automatic,Hybrid,1500,52000,5525000
car,Suzuki,Alto,2015,Manual,Petrol,800,100000,1860000
car,Toyota,Vitz,2007,Automatic,Petrol,1000,101000,2980000
car,Toyota,Vitz,2016,Automatic,Petrol,1000,24000,4390000
car,Toyota,Axio,2014,Automatic,Hybrid,1500,116000,4150000
suv,Hyundai,Tuscon,2011,Automatic,Diesel,2000,110000,4190000
car,Suzuki,Liana,2002,Manual,Petrol,1300,125000,1550000
van,Hyundai,H100,2005,Manual,Diesel,2400,184000,2150000
car,Nissan,EX Saloon,2000,Automatic,Petrol,1500,137000,2050000
car,Toyota,Allion,2004,Automatic,Petrol,1500,133000,3950000
car,Suzuki,Alto Japan,2004,Automatic,Petrol,650,109000,2090000
van,Suzuki,Every,2011,Automatic,Petrol,650,78500,2875000
car,Kia,Spectra,2001,Manual,Petrol,1600,151000,1425000
pickup,Mahindra,Bolero,2015,Manual,Diesel,2500,175000,1890000
car,Nissan,N16,2005,Automatic,Petrol,1500,65000,2375000
car,Suzuki,Wagon R Stingray,2017,Automatic,Hybrid,650,59000,3635000
car,Suzuki,Alto Sport,2011,Manual,Petrol,800,79300,1675000
car,Toyota,Prius,2015,Automatic,Hybrid,1800,25300,5000000
car,Suzuki,Swift Beetle,2007,Manual,Petrol,1300,191000,1985000
car,Suzuki,Maruti,2001,Manual,Petrol,800,79800,800000
car,Perodua,Viva Elite,2011,Manual,Petrol,1000,12000,1950000
car,Suzuki,A-Star,2012,Automatic,Petrol,1000,34500,2100000
van,Toyota,KDH,2007,Automatic,Diesel,2500,185000,7050000
car,Suzuki,Alto 800 LXI,2014,Manual,Petrol,800,76037,1850000
car,Tata,Nano Twist,2017,Automatic,Petrol,650,47560,1475000
van,Daihatsu,Hijet,2012,Manual,Petrol,650,37732,1750000
car,Suzuki,Wagon R,2018,Automatic,Hybrid,650,45000,2000000
car,Suzuki,Alto Sport,2012,Manual,Petrol,800,95000,1595000
car,Toyota,Aqua,2014,Automatic,Hybrid,1500,78000,3690000
car,Toyota,Passo,2019,Automatic,Petrol,1000,14000,3850000
car,Suzuki,Maruti,2008,Manual,Petrol,800,31390,1190000
car,Suzuki,Alto,2015,Manual,Petrol,800,48000,1790000
suv,Honda,CRV,2018,Automatic,Petrol,1500,14000,10800000
car,Toyota,Aqua G Grade,2014,Automatic,Hybrid,1500,77000,3995000
car,Chery,QQ,2006,Manual,Petrol,800,61000,885000
car,Suzuki,Alto Japan,2008,Manual,Petrol,650,76500,2020000
van,Toyota,KDH,2015,Automatic,Diesel,2500,35000,9350000
car,Toyota,Prius,2012,Automatic,Petrol,1800,160000,4100000
pickup,Mahindra,Bolero,2016,Manual,Diesel,2500,54000,1600000
car,Toyota,Vitz,2015,Automatic,Petrol,1000,26300,4450000
car,Honda,City,2003,Automatic,Petrol,1500,160000,2320000
car,Nissan,Leaf,2012,Automatic,Electric,80,62500,1495000
car,Perodua,Viva Elite,2012,Automatic,Petrol,1000,94957,2475000
car,Toyota,Premio,2006,Automatic,Petrol,1500,95000,3790000
pickup,Mahindra,Bolero,2017,Manual,Diesel,1500,21538,2375000
car,Nissan,N16,2000,Manual,Petrol,1300,172000,1670000
car,Hyundai,Matrix,2001,Automatic,Petrol,1600,135000,1575000
car,Nissan,N16,2006,Manual,Petrol,1500,88000,2550000
car,Suzuki,Wagon R,2017,Automatic,Hybrid,650,32500,3310000
car,Suzuki,Alto Japan,2017,Automatic,Petrol,650,27300,3125000
car,Toyota,Prius,2008,Automatic,Hybrid,1800,129000,3200000
car,Suzuki,Alto 800 LXI,2015,Manual,Petrol,800,42600,1850000
car,Honda,Fit Shuttle,2011,Automatic,Hybrid,1300,107000,3175000
car,Suzuki,Maruti,2007,Manual,Petrol,800,82510,1350000
van,Suzuki,Every,2017,Automatic,Petrol,650,39000,3090000
car,Suzuki,Alto Japan,2017,Automatic,Petrol,650,10500,3175000
van,Toyota,KDH 201,2010,Automatic,Diesel,3000,186000,6500000
car,Toyota,Yaris,2007,Automatic,Petrol,1300,131000,3525000
van,Suzuki,Every,2017,Automatic,Petrol,650,41410,2600000
car,Renault,KWID RXT,2016,Manual,Petrol,800,80000,1795000
car,Toyota,Prius G Touring,2012,Automatic,Petrol,1800,98000,4250000
car,Toyota,Axio,2014,Automatic,Hybrid,1500,119000,4200000
van,Toyota,KDH High Roof,2007,Manual,Diesel,2500,177000,5800000
car,Toyota,Aqua G Grade,2013,Automatic,Hybrid,1500,112000,3585000
car,Toyota,Allion 260,2008,Automatic,Petrol,1500,109000,4750000
suv,Mitsubishi,Montero,2000,Automatic,Petrol,3500,125000,5200000
car,Mazda,Axela,2013,Automatic,Petrol,1500,76000,5450000
van,Nissan,E25,2008,Automatic,Diesel,3000,240000,3850000
car,Suzuki,Wagon R FZ,2018,Automatic,Petrol,650,42000,3350000
car,Mazda,Demio,2009,Automatic,Petrol,1300,133000,2860000
car,Nissan,FB15,2001,Automatic,Petrol,1500,193000,2490000
car,Suzuki,Alto,2007,Manual,Petrol,800,120000,1425000
van,Mazda,Bongo,2010,Manual,Diesel,2200,100000,2750000
car,Toyota,Vios,2008,Automatic,Petrol,1500,177000,2615000
car,Nissan,March K11,2000,Automatic,Petrol,1000,160000,1585000
car,Nissan,March AK12,2003,Automatic,Petrol,1300,82650,2245000
car,Toyota,Aqua,2014,Automatic,Petrol,1000,46000,3900000
car,Toyota,Prius 3rd Genaration,2014,Automatic,Hybrid,1800,101000,4650000
car,Toyota,Axio G Grade,2016,Automatic,Hybrid,1500,52000,6075000
car,Toyota,Allion 240,2004,Automatic,Petrol,1500,102500,4250000
car,Toyota,Allion 240,2007,Automatic,Petrol,1500,135000,4690000
car,Toyota,Axio G Grade,2014,Automatic,Hybrid,1500,69000,4880000
car,Suzuki,Wagon R FZ,2018,Automatic,Hybrid,650,28000,3495000
car,Nissan,Sunny FB15,2002,Automatic,Petrol,1500,79000,2185000
car,Toyota,Aqua,2015,Automatic,Petrol,1500,75400,3650000
van,Daihatsu,Hijet,2013,Automatic,Petrol,650,120000,2400000
car,Toyota,Corolla,2015,Automatic,Hybrid,1500,110000,4850000
van,Toyota,KR42,2003,Manual,Petrol,1500,210000,3275000
suv,Honda,CRV,2018,Automatic,Petrol,1500,15000,14200000
car,Toyota,Passo,2007,Automatic,Petrol,1000,112200,2100000
car,Suzuki,Wagon R FZ,2018,Automatic,Petrol,650,13000,3590000
car,Toyota,Allion,2007,Automatic,Petrol,1500,142000,4975000
suv,Honda,Vezel,2014,Automatic,Hybrid,1500,66220,1550000
car,Chery,QQ,2006,Manual,Petrol,800,44000,720000
car,Suzuki,Wagon R FZ,2014,Automatic,Petrol,650,72000,2675000
car,Suzuki,Alto 800 LXI,2010,Manual,Petrol,800,165000,1380000
car,Nissan,Dayz,2016,Automatic,Petrol,650,47000,2750000
car,Suzuki,Wagon R Stingray,2015,Automatic,Hybrid,650,65000,2950000
car,Suzuki,Wagon R Stingray,2018,Automatic,Petrol,650,30600,3725000
car,Suzuki,Alto,2011,Manual,Petrol,800,73000,1575000
car,Nissan,Leaf,2017,Automatic,Electric,70,10000,4250000
car,Micro,Panda,2015,Manual,Petrol,1000,36000,1590000
car,Toyota,Aqua,2013,Automatic,Hybrid,1500,41458,4395000
car,Suzuki,Alto,2011,Manual,Petrol,800,68000,1600000
car,Suzuki,Alto,2015,Manual,Petrol,800,43000,1935000
van,Toyota,CR42,2001,Manual,Diesel,2200,21500,4150000
car,Nissan,FB15 Super Saloon,2000,Automatic,Petrol,1500,161000,2215000
car,Suzuki,Wagon R,2014,Automatic,Hybrid,650,64000,2795000
car,Suzuki,Alto,2015,Manual,Petrol,800,53000,1925000
car,Suzuki,Alto,2009,Automatic,Petrol,650,58000,1675000
car,Nissan,Tiida,2007,Automatic,Petrol,1500,142000,3025000
car,Nissan,FB15,2005,Automatic,Petrol,1300,126300,2375000
van,Suzuki,Every DA64,2006,Automatic,Petrol,650,80000,2550000
car,Suzuki,Wagon R FX,2017,Automatic,Hybrid,650,52000,3085000
pickup,Mahindra,Bolero,2017,Manual,Diesel,1500,33568,2395000
car,Suzuki,Wagon R,2018,Automatic,Hybrid,650,52000,3400000
car,Hyundai,Accent,2001,Manual,Petrol,1400,220000,1000000
car,Toyota,Prius 3rd Generation,2009,Automatic,Hybrid,1800,138000,3600000
pickup,Mitsubishi,L200,2006,Manual,Diesel,2500,194000,5100000
pickup,Mahindra,Bolero,2005,Manual,Diesel,1800,63000,2175000
van,Nissan,Caravan,2010,Manual,Diesel,3000,101000,4200000
car,Toyota,Axio,2018,Automatic,Hybrid,1500,14000,6500000
car,Suzuki,Wagon R FZ,2014,Automatic,Petrol,650,80000,2725000
car,Toyota,Corolla 121,2001,Automatic,Petrol,1500,201000,3285000
pickup,Mahindra,Bolero,2017,Manual,Diesel,2500,36000,2675000
van,Suzuki,Every,2016,Automatic,Petrol,650,83000,3440000
car,Mitsubishi,Galant,2000,Manual,Diesel,2000,244511,1850000
suv,Honda,Vezel,2014,Automatic,Hybrid,1500,64000,4800000
car,Suzuki,Alto,2012,Manual,Petrol,1000,119000,1690000
car,Toyota,Corolla 141,2008,Automatic,Petrol,1600,145000,3175000
car,Micro,Geely,2015,Manual,Petrol,1000,75000,1350000
pickup,Toyota,Hilux,2015,Manual,Diesel,2500,28000,9800000
car,Honda,Grace,2015,Automatic,Hybrid,1500,63147,5000000
suv,Honda,Vezel Z Orange,2014,Automatic,Hybrid,1500,70079,4875000
car,Suzuki,Maruti,2004,Manual,Petrol,800,76569,1200000
car,Honda,Fit Shuttle,2012,Automatic,Petrol,1300,127000,3350000
car,Toyota,Allion,2007,Automatic,Petrol,1500,130000,4275000
van,Mazda,Bongo,2008,Manual,Diesel,2000,176530,3088000
van,Nissan,Clipper,2013,Automatic,Petrol,650,61000,2375000
car,Toyota,Pixis,2016,Automatic,Petrol,1000,38000,3750000
pickup,Toyota,Hilux Vigo,2010,Manual,Diesel,2800,75000,8450000
car,Honda,Fit,2014,Automatic,Hybrid,1500,33500,3850000
car,Suzuki,Wagon R FZ,2017,Automatic,Hybrid,650,53000,3250000
suv,Honda,Vezel,2017,Automatic,Hybrid,1500,17000,7480000
car,Toyota,Vitz,2009,Automatic,Petrol,1000,105000,2800000
car,Suzuki,Alto Japan,2015,Automatic,Petrol,650,62000,2895000
car,Renault,KWID,2016,Manual,Petrol,800,33000,1695000
car,Suzuki,Wagon R Stingray,2018,Automatic,Petrol,650,51000,3675000
car,Perodua,Viva Elite,2008,Manual,Petrol,1000,90000,1950000
car,Nissan,March,2001,Automatic,Petrol,1000,153002,1750000
car,Suzuki,Alto K10,2012,Manual,Petrol,1000,79000,1675000
car,Kia,Spectra,2005,Automatic,Petrol,1600,171000,1700000
car,Suzuki,Alto,2010,Manual,Petrol,800,53000,1485000
car,Suzuki,Swift,2005,Automatic,Petrol,1300,85000,2850000
suv,Micro,Kyron,2008,Automatic,Diesel,2000,128000,3075000
car,Toyota,Aqua,2014,Automatic,Petrol,1500,108000,4100000
car,Chery,QQ,2005,Manual,Petrol,800,66000,890000
car,Toyota,Roomy,2017,Automatic,Petrol,1000,29854,4790000
van,Toyota,KDH TRH GL,2014,Automatic,Petrol,2000,52000,6500000
suv,Mitsubishi,Pajero,2000,Automatic,Petrol,1800,155200,2550000
car,Suzuki,Maruti,2006,Manual,Petrol,800,76000,1100000
car,Toyota,Soluna,2002,Manual,Petrol,1500,180000,1650000
car,Renault,KWID,2016,Manual,Petrol,800,53600,1855000
car,Hyundai,Matrix,2004,Automatic,Petrol,1600,168000,1675000
car,Toyota,Premio,2013,Automatic,Petrol,1500,96000,7425000
suv,Toyota,CHR GT TURBO,2019,Automatic,Petrol,1200,9200,8900000
car,Toyota,Prius,2014,Automatic,Hybrid,1800,70000,5200000
car,Toyota,Vitz,2014,Automatic,Petrol,1000,27584,4295000
car,Mazda,Axela,2005,Automatic,Petrol,1500,161000,2675000
car,Hyundai,Eon,2016,Manual,Petrol,800,80000,1760000
car,Suzuki,Wagon R Stingray,2014,Automatic,Petrol,650,53000,2895000
van,Toyota,KR42 Noah,2006,Automatic,Petrol,1800,103000,3690000
car,Toyota,Premio,2014,Automatic,Petrol,1500,120000,6500000
car,Suzuki,Alto 800 LXI,2015,Manual,Petrol,800,65200,1940000
car,Toyota,Prius,2014,Automatic,Hybrid,1800,14000,3950000
car,Suzuki,Alto,2015,Manual,Petrol,800,48000,1920000
car,Nissan,Sunny,2000,Automatic,Petrol,1500,134000,2275000
car,Mazda,6,2013,Automatic,Petrol,2000,108000,5985000
car,Toyota,Corolla 121,2004,Manual,Petrol,1300,200000,2750000
car,Toyota,Prius S Grade,2013,Automatic,Hybrid,1800,65786,4535000
car,Honda,Civic FD3,2008,Automatic,Petrol,1400,120000,3400000
car,Toyota,Vitz,2019,Automatic,Petrol,1000,66000,4325000
van,Nissan,Caravan,2000,Manual,Diesel,2500,192400,4450000
car,Nissan,March K11,2000,Automatic,Petrol,1000,122000,1795000
car,Toyota,Passo,2016,Automatic,Petrol,1000,40000,4160000
car,Suzuki,Maruti 800,2010,Manual,Petrol,800,45000,1245000
car,Micro,Panda LC 1.0,2015,Manual,Petrol,1000,70000,1620000
car,Suzuki,Estilo,2010,Manual,Petrol,1000,160000,1950000
car,Suzuki,Wagon R Stingray,2018,Automatic,Petrol,650,16000,3810000
car,Toyota,Aqua G Grade,2012,Automatic,Petrol,1500,90000,3000000
car,Toyota,Axio G Grade,2013,Automatic,Hybrid,1500,89000,4600000
car,Suzuki,Alto,2003,Automatic,Petrol,650,100120,1875000
car,Toyota,Axio WXB,2017,Automatic,Hybrid,1500,8000,7850000
car,Suzuki,Maruti,2011,Manual,Petrol,800,105000,1260000
car,Toyota,Corolla 141,2008,Automatic,Petrol,1600,108000,3700000
car,Suzuki,A-Star,2010,Automatic,Petrol,1000,51500,2165000
car,Nissan,Leaf G Grade,2013,Automatic,Electric,70,91700,1350000
car,Suzuki,Wagon R Stingray,2018,Automatic,Hybrid,650,23500,3125000
car,Mazda,3,2008,Manual,Petrol,1500,163000,3300000
car,Toyota,Premio,2018,Automatic,Petrol,1500,23000,10300000
car,Suzuki,Wagon R Stingray,2018,Automatic,Hybrid,650,33500,3725000
car,Suzuki,800,2004,Manual,Petrol,800,95000,950000
car,Suzuki,Wagon R Stingray,2017,Automatic,Petrol,650,48000,3550000
suv,Toyota,Harrier,2008,Automatic,Hybrid,3300,120000,5690000
van,Toyota,KR42,2008,Automatic,Diesel,3000,169000,4700000
car,Micro,Panda,2015,Manual,Petrol,1000,60000,1475000
car,Suzuki,Wagon R,2016,Automatic,Petrol,650,23000,2950000
car,Toyota,Axio,2015,Automatic,Hybrid,1500,44000,6250000
car,Kia,Picanto,2016,Automatic,Petrol,1000,22526,2650000
car,Suzuki,Alto,2015,Manual,Petrol,800,68000,1970000
suv,Mitsubishi,Montero,2015,Manual,Diesel,2800,58000,12500000
car,Toyota,Aqua,2015,Automatic,Hybrid,1500,53300,4780000
car,Toyota,Aqua,2012,Automatic,Hybrid,1500,90000,3400000
van,Suzuki,Spacia Custom,2016,Automatic,Hybrid,650,70000,3075000
car,Toyota,Allion,2008,Automatic,Petrol,1500,170676,4995000
car,Toyota,Corolla 121,2001,Automatic,Diesel,2000,287559,3350000
car,Nissan,Primera,2001,Automatic,Petrol,2000,200000,2200000
van,Suzuki,Every,2012,Automatic,Petrol,650,79780,2995000
pickup,Mahindra,Bolero,2018,Manual,Diesel,2500,27589,2395000
car,Suzuki,Wagon R,2018,Automatic,Hybrid,650,4600,4075000
suv,Kia,Sorento,2012,Automatic,Diesel,2200,176000,7475000
car,Suzuki,Maruti,2010,Manual,Petrol,800,62258,1265000
car,Suzuki,Alto 800 LXI,2011,Manual,Petrol,800,69360,1690000
pickup,Toyota,Hilux Vigo,2006,Automatic,Diesel,3000,127000,6375000
car,Toyota,Vitz,2007,Automatic,Petrol,1000,136000,3225000
car,Nissan,March,2000,Automatic,Petrol,1000,140000,1875000
car,Nissan,Leaf Azeo,2012,Automatic,Electric,80,56000,1650000
car,Nissan,Leaf Azeo,2012,Automatic,Electric,70,85000,2000000
car,Toyota,Prius 2nd Generation,2013,Automatic,Hybrid,1800,133000,3250000
car,Nissan,FB15,2003,Automatic,Petrol,1500,141000,2310000
van,Suzuki,Spacia,2015,Automatic,Petrol,650,58500,3350000
van,Toyota,KDH 200 Super GL,2005,Automatic,Diesel,2500,130000,6690000
car,Nissan,Bluebird,2000,Manual,Diesel,2000,91000,1750000
pickup,Toyota,Hilux,2008,Automatic,Diesel,2500,148000,6425000
car,Toyota,Passo,2004,Automatic,Petrol,1000,95000,2550000
car,Suzuki,Wagon R Stingray,2018,Automatic,Hybrid,650,25000,3275000
car,Micro,Panda,2013,Manual,Petrol,1000,50000,1425000
car,Suzuki,Alto Japan,2015,Automatic,Petrol,650,38000,2875000
car,Toyota,Yaris,2008,Manual,Petrol,1300,165200,3150000
car,Honda,Fit Shuttle,2013,Automatic,Petrol,1300,93000,4275000
car,Nissan,Wingroad,2001,Automatic,Petrol,1500,145000,1725000
car,Honda,Fit,2002,Automatic,Petrol,1300,111000,1400000
car,Suzuki,Swift,2002,Automatic,Petrol,1300,169000,2425000
car,Suzuki,Wagon R Stingray,2014,Automatic,Petrol,650,55000,2900000
van,Toyota,CR42,2000,Manual,Diesel,1800,210300,3850000
car,Toyota,Prius,2012,Automatic,Petrol,1800,105000,4475000
car,Micro,Panda,2015,Manual,Petrol,1000,36000,1600000
van,Nissan,Caravan,2007,Manual,Diesel,3000,128445,4500000
car,Tata,Nano,2011,Manual,Petrol,650,500,1085000
van,Toyota,Noah,2014,Automatic,Petrol,1800,90000,6600000
car,Suzuki,Alto 800 LXI,2015,Manual,Petrol,800,75600,1800000
car,Micro,MX 7,2012,Manual,Petrol,1500,140000,1500000
car,Nissan,N16,2000,Automatic,Petrol,1600,157000,2260000
van,Nissan,Super GL,2015,Automatic,Diesel,3000,110000,9350000
car,Honda,Civic,2006,Manual,Petrol,1500,160000,1350000
car,Toyota,Passo,2006,Automatic,Petrol,1000,105000,2080000
car,Toyota,Axio,2016,Automatic,Hybrid,1500,84000,5675000
car,Suzuki,Alto Japan,2006,Automatic,Petrol,650,15000,1650000
car,Honda,Fit GP5,2013,Automatic,Hybrid,1500,102000,4050000
car,Tata,Indigo,2006,Manual,Petrol,1400,82000,1245000
car,Toyota,Vios,2004,Manual,Petrol,1500,165000,2390000
van,Nissan,Caravan,2002,Automatic,Diesel,3000,124000,3575000
car,Honda,Civic,2003,Automatic,Petrol,1500,171000,2690000
car,Suzuki,Alto,2007,Manual,Petrol,800,104000,1495000
suv,Honda,Vezel,2014,Automatic,Hybrid,1500,130000,5000000
car,Toyota,Prius,2011,Automatic,Petrol,1800,150000,4250000
van,Suzuki,Spacia,2018,Automatic,Hybrid,650,61000,3650000
car,Toyota,Premio,2014,Automatic,Petrol,1500,41000,7675000
car,Suzuki,Wagon R Stingray,2015,Automatic,Petrol,650,10000,2650000
car,Toyota,Premio,2017,Automatic,Petrol,1500,27000,9650000
van,Toyota,KDH 200 Super GL,2006,Automatic,Diesel,2500,132000,6550000
car,Toyota,Axio,2014,Automatic,Hybrid,1500,76000,4750000
suv,Toyota,RAV4,2001,Manual,Petrol,2000,172000,3125000
car,Suzuki,Alto 800,2014,Manual,Petrol,800,75000,1900000
car,Nissan,March AK12,2007,Automatic,Petrol,1300,120000,2450000
car,Suzuki,Alto Japan,2003,Automatic,Petrol,650,90000,1600000
van,Nissan,Caravan,2002,Automatic,Diesel,3200,256400,3675000
car,Suzuki,Alto,2014,Manual,Petrol,800,55000,1860000
car,Toyota,Allion,2013,Automatic,Petrol,1500,48000,5300000
van,Toyota,KDH 201 Super GL,2015,Automatic,Diesel,3000,63821,8775000
car,Toyota,Premio,2015,Automatic,Petrol,1500,59900,8100000
car,Toyota,Prius,2012,Automatic,Hybrid,1800,120000,4375000
car,Toyota,Premio,2010,Automatic,Petrol,1500,120000,5950000
car,Renault,KWID,2016,Manual,Petrol,800,36000,1820000
car,Hyundai,Eon,2016,Manual,Petrol,800,74000,2200000
car,Honda,Civic,2000,Automatic,Petrol,1500,190000,2325000
car,Honda,Fit Shuttle,2014,Automatic,Petrol,1300,153000,4075000
car,Perodua,Axia,2016,Automatic,Petrol,1000,16000,3400000
suv,Honda,Vezel,2014,Automatic,Petrol,1500,73400,4900000
car,Suzuki,A-Star,2011,Manual,Petrol,1000,70700,2120000
car,Toyota,Vitz,2007,Automatic,Petrol,1000,117000,3350000
car,Honda,Civic,2018,Automatic,Petrol,1000,49000,7350000
van,Nissan,NV200,2011,Automatic,Petrol,1600,75000,3650000
car,Toyota,Prius,2012,Automatic,Petrol,1900,10000,4650000
car,Suzuki,Swift RS,2017,Automatic,Hybrid,1200,55000,5250000
car,Toyota,Soluna,2001,Automatic,Petrol,1500,170000,1610000
car,Suzuki,Maruti,2007,Manual,Petrol,800,13000,1180000
car,Toyota,Vitz,2010,Automatic,Petrol,1000,100000,3675000
van,Nissan,E25,2012,Automatic,Diesel,2500,158000,4850000
pickup,Mahindra,Bolero,2015,Manual,Diesel,2500,88000,1635000
car,Mazda,Familia,2005,Automatic,Petrol,1300,175000,2175000
car,Toyota,Corolla 121,2006,Automatic,Diesel,2200,160572,3175000
car,Toyota,Prius,2008,Automatic,Petrol,1500,76800,3150000
car,Toyota,Aqua,2012,Automatic,Hybrid,1300,100000,2800000
suv,Toyota,CHR GT TURBO,2019,Automatic,Petrol,1200,2000,9250000
car,Suzuki,Wagon R FZ,2018,Automatic,Hybrid,650,14000,3450000
car,Suzuki,Alto,2012,Manual,Petrol,800,53000,1550000
suv,Mitsubishi,Outlander,2014,Automatic,Hybrid,2000,125000,7450000
car,Suzuki,Alto K10,2011,Manual,Petrol,1000,50000,1815000
car,Suzuki,Alto 800,2015,Manual,Petrol,800,62000,1935000
car,Toyota,Vitz KSP90,2008,Automatic,Petrol,1000,100560,2735000
car,Suzuki,Wagon R Stingray,2015,Automatic,Hybrid,650,50000,2590000
van,Toyota,Dolphin 172 Super GL,2004,Manual,Diesel,3000,210000,5575000
car,Nissan,Sunny,2002,Manual,Petrol,1500,80000,2200000
car,Suzuki,Maruti,2007,Manual,Petrol,800,79998,1180000
car,Nissan,March AK12,2010,Automatic,Petrol,1300,67000,3000000
car,Suzuki,Alto 800,2010,Manual,Petrol,800,97500,1680000
van,Nissan,Vanette Lion Face,2006,Manual,Diesel,2200,144000,3285000
car,Micro,Panda,2011,Manual,Petrol,1000,67000,1275000
car,Nissan,March K11,2000,Automatic,Petrol,1000,155000,1795000
car,Suzuki,Alto,2016,Manual,Petrol,800,80000,2090000
car,Toyota,Premio,2008,Automatic,Petrol,1500,180000,5440000
pickup,Mahindra,Bolero,2015,Manual,Diesel,2500,34000,1995000
car,Suzuki,Alto,2015,Manual,Petrol,800,27000,1825000
car,Toyota,Allion,2012,Automatic,Petrol,1500,114000,6225000
car,Suzuki,Celerio,2015,Automatic,Petrol,1000,80000,2350000
car,Suzuki,Alto,2012,Manual,Petrol,800,70000,1550000
car,Suzuki,Wagon R,2017,Automatic,Hybrid,650,25700,3195000
car,Nissan,Cefiro,2003,Manual,Petrol,2000,120000,1825000
van,Mazda,Bongo,2006,Automatic,Diesel,2000,396500,3150000
car,Suzuki,Alto,2015,Manual,Petrol,800,33000,1760000
car,Suzuki,Maruti 800,2010,Manual,Petrol,800,54000,1170000
car,Suzuki,Maruti,2004,Manual,Petrol,800,70000,980000
car,Suzuki,Maruti,2011,Manual,Petrol,800,91000,1275000
van,Toyota,Hiace,2007,Manual,Diesel,2500,120000,3700000
car,Micro,Panda Cross,2016,Manual,Petrol,1300,65000,1790000
pickup,Mitsubishi,L200,2001,Manual,Diesel,2400,289000,3150000
car,Tata,Nano,2011,Manual,Petrol,800,95000,850000
car,Toyota,Premio G Superior,2015,Automatic,Petrol,1500,75000,7850000
car,Kia,Rio,2001,Manual,Petrol,1500,140000,950000
car,Honda,Civic ES8,2003,Automatic,Petrol,1500,143000,2150000
car,Suzuki,Maruti,2006,Manual,Petrol,800,58000,1250000
car,Toyota,Vitz,2016,Automatic,Petrol,1000,47132,4495000
car,Nissan,FB15,2000,Automatic,Petrol,1500,133000,2390000
van,Suzuki,Every,2020,Automatic,Petrol,650,5100,3100000
suv,Toyota,CHR,2017,Automatic,Petrol,1200,15500,7950000
car,Tata,Nano Twist,2017,Automatic,Petrol,650,3847,1585000
car,Suzuki,Wagon R,2003,Manual,Petrol,650,105000,1325000
van,Toyota,KDH,2015,Automatic,Diesel,2500,63200,9100000
van,Suzuki,Spacia,2016,Automatic,Petrol,650,75000,2990000
car,Toyota,Allion 260,2012,Automatic,Petrol,1500,183000,5880000
pickup,Mahindra,Bolero,2012,Manual,Diesel,2500,50000,1200000
car,Daihatsu,Mira,2015,Automatic,Petrol,650,52000,2900000
car,Toyota,Aqua,2015,Automatic,Hybrid,1500,30000,4000000
van,Daihatsu,Hijet,2017,Automatic,Petrol,650,43500,1000000
van,Toyota,KDH 200,2005,Automatic,Diesel,2500,172500,6250000
car,Toyota,Vitz,2007,Automatic,Petrol,1000,78000,3500000
car,Toyota,Axio,2014,Automatic,Hybrid,1500,125000,4800000
van,Hyundai,H100,2011,Manual,Diesel,2800,220000,2120000
suv,Toyota,RAV4,2008,Automatic,Petrol,2500,98000,5700000
van,Suzuki,Every,2014,Automatic,Petrol,650,115400,2790000
car,Toyota,Allion,2018,Automatic,Petrol,1500,9185,9775000
car,Mazda,Axela,2004,Automatic,Petrol,1500,157000,2750000
car,Toyota,Vitz,2007,Automatic,Petrol,1000,101000,3300000
van,Toyota,Hiace,2012,Automatic,Diesel,3000,45678,4350000
car,Toyota,Aqua,2012,Automatic,Hybrid,1500,117000,3690000
car,Micro,Panda,2015,Manual,Petrol,1000,54000,1545000
car,Honda,CRV,2019,Automatic,Petrol,1500,2100,10100000
car,Suzuki,Maruti,2006,Manual,Petrol,800,72100,1095000
car,Toyota,Corolla 110,2000,Manual,Diesel,2000,275000,2210000
car,Suzuki,Alto,2011,Manual,Petrol,800,40500,1620000
car,Suzuki,Alto K10,2012,Manual,Petrol,1000,73000,1750000
car,Suzuki,Maruti,2005,Manual,Petrol,800,73000,1040000
car,Honda,Fit GP1,2012,Automatic,Petrol,1300,79100,3090000
pickup,Mahindra,Bolero,2012,Manual,Diesel,2500,80000,1325000
car,Suzuki,Alto,2016,Manual,Petrol,800,60500,1825000
car,Suzuki,Swift,2002,Automatic,Petrol,1300,115000,2375000
car,Chery,QQ,2006,Manual,Petrol,800,98732,835000
car,Honda,Fit GP1,2012,Automatic,Petrol,1300,71000,3125000
car,Toyota,Vitz,2018,Automatic,Petrol,1000,6300,5390000
car,Toyota,Vitz,2007,Automatic,Petrol,1000,115000,3125000
car,Suzuki,Alto,2015,Manual,Petrol,800,20500,1995000
car,Toyota,Axio G Grade,2014,Automatic,Hybrid,1500,91000,4825000
car,Honda,Fit Shuttle,2013,Automatic,Hybrid,1300,152000,3100000
car,Suzuki,Alto K10,2011,Manual,Petrol,1000,63000,17750000
car,Honda,Fit Aria,2008,Automatic,Petrol,1500,108000,3000000
van,Suzuki,Spacia Custom Z,2017,Automatic,Petrol,650,47300,3645000
suv,Mitsubishi,Montero V6,2002,Automatic,Petrol,3500,113000,5100000
car,Honda,Fit GP5,2014,Automatic,Hybrid,1500,75000,4450000
car,Perodua,Viva Elite Premium,2011,Automatic,Petrol,1000,83000,2300000
car,Zotye,Z100,2017,Manual,Petrol,1000,35000,1700000
car,Toyota,Aqua,2015,Automatic,Hybrid,1500,55000,4500000
car,Nissan,AD WAGON VY11,2004,Automatic,Petrol,1300,179000,1750000
car,Suzuki,Maruti Zen,2006,Manual,Petrol,1000,87000,1295000
car,Suzuki,Wagon R Stingray,2015,Automatic,Hybrid,650,72900,2990000
car,Toyota,Corolla 121,2004,Automatic,Petrol,1500,132000,3200000
car,Toyota,Premio G Superior,2013,Automatic,Petrol,1500,75000,7000000
car,Hyundai,Accent,2001,Manual,Petrol,1300,149000,1300000
van,Suzuki,Every,2017,Automatic,Petrol,650,15100,3650000
van,Mitsubishi,Mini Cab,2003,Automatic,Petrol,650,130000,1375000
car,Suzuki,Wagon R FZ,2015,Automatic,Petrol,650,56000,2550000
car,Toyota,Prius,2011,Automatic,Hybrid,1800,142000,4175000
car,Toyota,Prius,2013,Automatic,Petrol,1800,48000,4400000
car,Toyota,Belta,2009,Automatic,Petrol,1300,91000,3650000
car,Toyota,IST,2008,Automatic,Petrol,1500,120000,3850000
van,Toyota,CR42,2000,Manual,Petrol,2700,50000,3475000
car,Suzuki,Alto,2016,Manual,Petrol,800,39000,2025000
car,Nissan,N16,2003,Automatic,Petrol,1500,30000,2575000
car,Toyota,Aqua,2014,Automatic,Hybrid,1500,34300,4350000
car,Toyota,Prius,2012,Automatic,Petrol,1800,131000,3535000
suv,Toyota,Fortuner,2013,Automatic,Diesel,3000,20000,10500000
car,Suzuki,Swift,2002,Manual,Petrol,1300,115000,2150000
car,Toyota,Vitz,2007,Automatic,Petrol,1000,100000,3450000
suv,Honda,Vezel,2015,Automatic,Hybrid,1500,82000,5370000
van,Toyota,Dolphin,2003,Manual,Diesel,2800,380000,5200000
car,Tata,Indica,2005,Manual,Petrol,1400,95000,1120000
car,Toyota,Corolla 121,2002,Manual,Diesel,2000,192800,3150000
car,Suzuki,Alto,2014,Manual,Petrol,800,57300,1750000
car,Honda,City,2004,Automatic,Petrol,1500,164000,2375000
van,Suzuki,Spacia G,2017,Automatic,Hybrid,650,34000,2875000
van,Nissan,Vanette,2007,Manual,Petrol,1800,105000,2925000
car,Micro,Panda,2015,Manual,Petrol,1000,48000,1585000
car,Toyota,Corolla 121,2001,Manual,Petrol,1300,139800,2675000
van,Toyota,KR42,2007,Automatic,Diesel,1800,106000,6200000
car,Mazda,Demio,2000,Automatic,Petrol,1300,160000,1550000
car,Toyota,Vitz KSP90,2007,Automatic,Petrol,1000,116000,3225000
car,Toyota,Vitz,2017,Automatic,Petrol,1000,42023,4550000
car,Suzuki,Maruti 800,2005,Manual,Petrol,800,48000,1090000
car,Suzuki,Alto Japan,2003,Automatic,Petrol,650,36000,1975000
car,Suzuki,Wagon R,2014,Automatic,Petrol,650,32490,2995000
pickup,Mahindra,Bolero,2012,Manual,Diesel,2500,1234,1475000
pickup,Mitsubishi,L200,2001,Manual,Diesel,2500,200000,3275000
van,Nissan,Caravan,2006,Manual,Diesel,3000,330000,4100000
car,Suzuki,Swift,2010,Automatic,Petrol,1300,38000,3375000
car,Suzuki,Alto,2016,Automatic,Petrol,1000,28000,2375000
car,Suzuki,Wagon R Stingray,2016,Automatic,Hybrid,650,61000,2600000
car,Suzuki,Alto,2015,Manual,Petrol,800,50000,1775000
car,Toyota,Allion 240,2002,Automatic,Petrol,1500,152547,3190000
car,Hyundai,Accent,2001,Automatic,Petrol,1500,120000,1600000
car,Toyota,Aqua,2012,Automatic,Hybrid,1500,81250,3575000
van,Toyota,KDH 200,2014,Automatic,Petrol,2500,119000,6775000
car,Suzuki,Wagon R Stingray,2018,Automatic,Petrol,650,50000,3575000
car,Toyota,Prius W,2009,Automatic,Hybrid,1500,116000,3250000
car,Honda,Grace,2014,Automatic,Hybrid,1500,61000,4195000
car,Toyota,Aqua G Grade,2012,Automatic,Hybrid,1500,92000,3750000
car,Toyota,Axio G Grade,2016,Automatic,Hybrid,1500,125000,5490000
car,Nissan,FB15,2003,Automatic,Petrol,1500,198500,2675000
car,Suzuki,Celerio,2016,Manual,Petrol,1000,70000,2330000
suv,Toyota,CHR,2019,Automatic,Petrol,1200,30000,8500000
car,Toyota,Vitz,2008,Automatic,Petrol,1000,82000,2865000
car,Toyota,Axio,2007,Automatic,Petrol,1500,81000,3925000
car,Suzuki,Wagon R FZ,2014,Automatic,Petrol,650,28000,3025000
car,Nissan,Sunny,2003,Automatic,Petrol,1500,160000,2650000
car,Nissan,Sunny FB15,2000,Automatic,Petrol,1500,320320,2150000
van,Suzuki,Every,2006,Manual,Petrol,650,113050,1640000
car,Honda,Civic,2007,Automatic,Hybrid,1400,128456,3250000
car,Suzuki,Maruti,2006,Manual,Petrol,800,75000,1200000
car,Suzuki,Alto Sport,2011,Manual,Petrol,800,82000,1599000
car,Tata,Nano,2013,Manual,Petrol,650,53000,835000
car,Suzuki,Wagon R Stingray,2018,Automatic,Petrol,650,41900,3775000
van,Suzuki,Every,2019,Automatic,Petrol,650,7298,3850000
suv,Mitsubishi,Montero,2003,Automatic,Diesel,2800,150000,7500000
car,Suzuki,Alto K10,2011,Manual,Petrol,1000,63500,1575000
car,Toyota,Allion 260,2011,Automatic,Petrol,1500,117000,5100000
car,Suzuki,Wagon R Stingray,2018,Automatic,Hybrid,650,27000,3650000
suv,Kia,Sorento,2012,Automatic,Diesel,2200,103670,8375000
car,Toyota,Axio,2014,Automatic,Hybrid,1500,190000,4150000
car,Suzuki,Wagon R Stingray,2018,Automatic,Hybrid,650,27000,3150000
car,Perodua,Viva Elite,2012,Automatic,Petrol,1000,55000,2340000
van,Suzuki,Spacia,2018,Automatic,Hybrid,650,80000,3490000
van,Suzuki,Every,2018,Automatic,Petrol,650,30000,2695000
car,Suzuki,Alto,2015,Manual,Petrol,800,78000,2080000
car,Daihatsu,Move,2016,Automatic,Petrol,650,60000,3590000
car,Mitsubishi,Lancer CS3,2004,Manual,Petrol,1600,87000,2575000
car,Suzuki,Swift,2007,Automatic,Petrol,1300,150000,2850000
car,Nissan,Leaf,2013,Automatic,Electric,70,41000,1350000
car,Nissan,Sunny N17,2010,Automatic,Petrol,1600,115000,3525000
car,Toyota,Carina,2000,Automatic,Petrol,1500,170000,2050000
car,Toyota,Aqua,2012,Automatic,Hybrid,1500,60100,3225000
car,Suzuki,Maruti,2010,Manual,Petrol,800,95000,1235000
car,Perodua,Viva Elite,2013,Automatic,Petrol,1000,99050,2525000
car,Nissan,March,2001,Automatic,Petrol,1000,145000,1700000
suv,Micro,Kyron,2009,Automatic,Diesel,2000,169818,3400000
car,Suzuki,Zen Estilo,2010,Manual,Petrol,1000,76000,2050000
car,Toyota,Prius,2008,Automatic,Hybrid,1800,188000,1500000
van,Toyota,KDH 200,2007,Automatic,Diesel,2500,210000,6850000
car,Suzuki,Wagon R Stingray,2018,Automatic,Petrol,650,36000,3790000
car,Honda,Grace EX,2019,Automatic,Petrol,1500,12900,7400000
car,Toyota,Axio,2015,Automatic,Hybrid,1500,146000,5250000
car,Suzuki,Maruti,2006,Manual,Petrol,800,93000,1125000
car,Suzuki,Alto,2018,Automatic,Petrol,650,19000,2840000
car,Suzuki,Wagon R Stingray,2015,Automatic,Petrol,650,47000,2680000
car,Toyota,Prius 3rd Genaration,2012,Automatic,Hybrid,1800,130000,4380000
suv,Hyundai,Tuscon,2010,Automatic,Petrol,2000,93000,4650000
van,Suzuki,Every,2007,Automatic,Petrol,650,210000,2450000
van,Nissan,Vanette,2003,Automatic,Diesel,2200,260000,2775000
van,Suzuki,Every,2018,Automatic,Petrol,650,48500,2750000
car,Toyota,Axio,2017,Automatic,Hybrid,1500,50000,5000000
car,Toyota,Vitz,2019,Automatic,Petrol,1000,40000,4895000
car,Suzuki,Swift,2005,Automatic,Petrol,1300,125000,2900000
pickup,Tata,207,2016,Manual,Diesel,3000,58000,1755000
car,Suzuki,Alto 800 LXI,2010,Manual,Petrol,800,125683,1595000
car,Toyota,Tank,2016,Automatic,Petrol,1000,19000,5100000
car,Hyundai,Accent,2006,Manual,Petrol,1500,125680,1785000
car,Toyota,Premio G Superior,2015,Automatic,Petrol,1500,82345,7850000
car,Toyota,Vitz,2018,Automatic,Diesel,1000,22000,5400000
car,Suzuki,Wagon R FX,2017,Automatic,Hybrid,650,32500,2975000
suv,Toyota,CHR,2019,Automatic,Petrol,1200,19000,8200000
van,Toyota,KDH,2006,Automatic,Petrol,2000,230220,5050000
car,Hyundai,Sonata,2000,Automatic,Petrol,2000,162069,1100000
pickup,Mahindra,Bolero,2018,Manual,Diesel,2500,28000,2395000
car,Toyota,Premio G Superior,2019,Automatic,Petrol,1500,2000,12150000
car,Suzuki,Maruti 800,2007,Manual,Petrol,800,68000,1160000
car,Suzuki,Wagon R,2006,Manual,Petrol,650,103000,1550000
suv,Toyota,Fortuner,2017,Automatic,Diesel,2500,77000,16300000
car,Toyota,Premio G Superior,2018,Automatic,Petrol,1500,17000,10700000
car,Toyota,Starlet,2000,Automatic,Diesel,1300,138082,1720000
car,Toyota,Aqua,2017,Automatic,Hybrid,1500,45000,5345000
car,Suzuki,Celerio ZXI,2015,Manual,Petrol,1000,23000,2270000
car,Suzuki,Alto,2015,Manual,Petrol,800,29000,1975000
car,Toyota,Corolla 121,2004,Automatic,Petrol,1500,117000,3450000
car,Zotye,Z100,2019,Manual,Petrol,1000,3100,2250000
car,Toyota,Axio G Grade,2015,Automatic,Hybrid,1500,77000,5350000
suv,Honda,Vezel,2019,Automatic,Hybrid,1500,6400,9200000
van,Toyota,KDH 223,2015,Automatic,Diesel,3000,112000,8575000
car,Suzuki,Alto 800 LXI,2005,Manual,Petrol,800,118750,1350000
van,Toyota,KDH 200 Super GL,2006,Automatic,Diesel,2500,143098,6975000
pickup,Tata,Xenon,2016,Manual,Diesel,3000,22500,1800000
pickup,Toyota,Hilux Rocco,2009,Manual,Diesel,2500,243000,2500000
car,Micro,Panda,2018,Automatic,Petrol,1000,31000,2150000
car,Chery,QQ,2005,Manual,Petrol,800,68000,835000
car,Suzuki,Wagon R,2017,Automatic,Petrol,650,53200,3100000
car,Micro,Panda Cross,2014,Manual,Petrol,1300,64000,1460000
car,Suzuki,Alto 800 LXI,2015,Manual,Petrol,800,65000,1765000
car,Suzuki,Maruti,2005,Manual,Petrol,800,92000,940000
car,Toyota,Yaris,2014,Automatic,Petrol,1300,73500,4950000
car,Toyota,Axio,2007,Automatic,Petrol,1500,107000,3800000
car,Honda,Civic,2003,Automatic,Petrol,1500,207600,2895000
pickup,Mahindra,Bolero,2016,Manual,Diesel,2500,32415,2250000
van,Toyota,KDH 200 Super GL,2007,Automatic,Diesel,2500,142010,6450000
car,Toyota,Premio F EX G Superior,2019,Automatic,Petrol,1500,11000,8800000
car,Nissan,Super Saloon,2004,Automatic,Petrol,1500,184000,2600000
car,Suzuki,Alto,2015,Manual,Petrol,800,40790,1850000
car,Toyota,Prius,2013,Automatic,Petrol,1800,94968,4600000
car,Suzuki,Alto,2007,Manual,Petrol,800,42000,1400000
van,Micro,MPV Junior,2006,Manual,Petrol,1100,120000,1050000
car,Suzuki,Wagon R,2017,Automatic,Petrol,650,32000,3335000
car,Toyota,Axio,2015,Automatic,Hybrid,1500,68400,5350000
van,Suzuki,Every,2015,Automatic,Petrol,650,78000,2250000
car,Suzuki,Alto,2007,Manual,Petrol,800,82000,1465000
suv,Mahindra,KUV 100,2020,Manual,Petrol,1200,145,3250000
car,Suzuki,Wagon R FZ,2014,Automatic,Hybrid,650,56000,2775000
pickup,Tata,Xenon,2015,Manual,Diesel,3000,85400,1400000
pickup,Toyota,Hilux,2008,Manual,Diesel,2500,135000,5700000
car,Toyota,Vitz Edition 3,2018,Automatic,Petrol,1000,34000,5350000
car,Suzuki,Alto,2014,Manual,Petrol,800,62800,1895000
suv,Mitsubishi,Montero Sport,2012,Automatic,Diesel,2500,119200,8450000
car,Suzuki,Celerio,2014,Manual,Petrol,1000,85000,2700000
car,Honda,City,2000,Automatic,Petrol,1500,200000,1800000
car,Perodua,Viva Elite,2015,Manual,Petrol,800,10960,2830000
car,Suzuki,Alto,2016,Manual,Petrol,800,18000,2150000
car,Suzuki,Wagon R FX,2017,Automatic,Petrol,650,10000,2600000
van,Toyota,Hiace,2017,Automatic,Diesel,3000,32000,10800000
car,Suzuki,Wagon R,2017,Automatic,Hybrid,650,64000,3075000
car,Suzuki,Alto,2014,Manual,Petrol,800,110000,1850000
car,Chery,QQ,2006,Manual,Petrol,800,63000,875000
car,Micro,Panda,2016,Manual,Petrol,1000,24000,1650000
car,Micro,MX 7,2012,Manual,Petrol,1500,120000,1650000
van,Suzuki,Every,2017,Automatic,Petrol,650,26000,3480000
car,Nissan,Leaf,2017,Automatic,Electric,80,7000,6000000
car,Perodua,Viva Elite,2014,Manual,Petrol,1000,53000,2365000
car,Suzuki,Wagon R Stingray,2018,Automatic,Petrol,650,42350,3675000
car,Toyota,Yaris,2020,Automatic,Petrol,1000,2100,7850000
car,Suzuki,Maruti,2006,Manual,Petrol,800,23000,1195000
car,Suzuki,Swift,2006,Manual,Petrol,1000,168000,2250000
suv,Toyota,CHR,2017,Automatic,Petrol,1200,39800,7790000
pickup,Mahindra,Bolero Maxi Truck,2020,Manual,Diesel,2500,11000,2560000
van,Toyota,KDH 200,2006,Automatic,Diesel,2500,152000,6100000
van,Toyota,Dolphin 172 Super GL,2004,Automatic,Diesel,3000,253790,6250000
car,Suzuki,Alto 800,2014,Manual,Petrol,800,83000,1850000
car,Toyota,Prius,2013,Automatic,Hybrid,1800,102000,4100000
car,Nissan,Leaf G Grade,2013,Automatic,Electric,70,60000,1375000
pickup,Mahindra,Bolero,2018,Manual,Diesel,2500,1600,2525000
car,Toyota,Vitz,2010,Automatic,Petrol,1000,135000,3540000
pickup,Nissan,Navara,2008,Automatic,Diesel,2500,153000,3685000
car,Nissan,Primera,2001,Automatic,Petrol,2000,138170,2195000
car,Daihatsu,Mira,2010,Automatic,Petrol,650,10500,3450000
van,Nissan,Caravan,2002,Manual,Diesel,3200,244000,3200000
car,Chery,QQ,2015,Manual,Petrol,800,50000,1250000
van,Suzuki,Every,2012,Automatic,Petrol,650,130000,2395000
car,Toyota,Vitz,2008,Automatic,Petrol,1000,85000,2835000
car,Suzuki,Spacia,2016,Automatic,Hybrid,650,68000,3200000
car,Mazda,BJ5P,2000,Automatic,Petrol,1500,140000,1990000
car,Toyota,Vitz,2016,Automatic,Petrol,1000,44500,5375000
pickup,Tata,Xenon,2015,Manual,Diesel,3000,95000,1680000
van,Suzuki,Omni,2005,Manual,Petrol,800,70000,1075000
car,Suzuki,Wagon R Stingray,2018,Automatic,Petrol,650,8550,3875000
car,Hyundai,Eon,2015,Manual,Petrol,800,65000,1890000
car,Suzuki,Maruti,2006,Manual,Petrol,800,94200,1060000
car,Suzuki,Swift,2000,Automatic,Petrol,1300,95000,2075000
car,Suzuki,Alto K10,2012,Manual,Diesel,1000,98200,1675000
car,Daihatsu,Atrai,2018,Automatic,Petrol,650,34000,3650000
car,Nissan,FB15 Super Saloon,2004,Automatic,Petrol,1500,170000,3100000
van,Suzuki,Every,2002,Automatic,Petrol,650,89968,1675000
car,Toyota,Allion,2003,Automatic,Petrol,1500,135000,4300000
car,Toyota,Passo,2007,Automatic,Petrol,1000,76470,2670000
car,Toyota,Aqua,2013,Automatic,Petrol,1500,74000,2980000
suv,Toyota,CHR GT TURBO,2020,Automatic,Petrol,1300,3620,10600000
car,Toyota,Vitz,2009,Automatic,Petrol,1000,88000,3400000
car,Micro,MX 7,2013,Manual,Petrol,1500,181000,1650000
car,Suzuki,Wagon R Stingray,2017,Automatic,Hybrid,650,19000,3620000
car,Suzuki,Wagon R,2018,Automatic,Petrol,650,64000,2850000
van,Suzuki,Every,2016,Automatic,Petrol,650,18000,3000000
car,Micro,Panda,2011,Manual,Petrol,1000,68000,1340000
car,Honda,Civic FD3,2008,Automatic,Petrol,1300,81000,3750000
car,Suzuki,Maruti,2011,Manual,Petrol,800,46000,1270000
car,Suzuki,A-Star,2011,Manual,Petrol,1000,100000,1750000
car,Suzuki,Alto,2016,Manual,Petrol,800,32000,1890000
van,Nissan,Clipper,2018,Automatic,Petrol,650,70000,2550000
car,Micro,Panda Cross,2017,Automatic,Petrol,1000,42000,2280000
car,Nissan,Sunny N17,2003,Manual,Petrol,1300,153000,2285000
suv,Honda,CRV,2008,Automatic,Petrol,2400,165000,4975000
car,Toyota,Corolla 141,2008,Automatic,Petrol,1600,193000,3890000
van,Mazda,Bongo,2007,Automatic,Diesel,2000,234500,3350000
car,Suzuki,Wagon R FZ,2017,Automatic,Hybrid,650,2730,3490000
car,Nissan,FB14,2000,Automatic,Diesel,1900,356240,1550000
car,Suzuki,Swift,2010,Automatic,Petrol,1300,90000,2700000
car,Suzuki,Alto 800,2014,Manual,Petrol,800,97000,1750000
suv,Kia,Sorento,2011,Automatic,Petrol,2000,117000,5790000
car,Hyundai,Accent,2001,Automatic,Petrol,1500,159000,1500000
car,Honda,Fit GP1,2014,Automatic,Hybrid,1300,68000,3150000
car,Toyota,Aqua,2013,Automatic,Hybrid,1500,105000,3600000
car,Honda,Fit Shuttle,2013,Automatic,Petrol,1300,55000,4109000
car,Suzuki,Wagon R Stingray,2018,Automatic,Petrol,650,18000,3285000
pickup,Toyota,Hilux Rocco,2020,Automatic,Diesel,2800,8000,15450000
car,Chery,QQ,2011,Manual,Petrol,800,94500,1200000
car,Toyota,Aqua X Urban,2015,Automatic,Hybrid,1500,89000,4650000
car,Suzuki,Alto 800 LXI,2007,Manual,Petrol,800,110050,1550000
car,Nissan,FB15 Super Saloon,2002,Automatic,Petrol,1500,280000,2225000
car,Toyota,Allion 240,2006,Automatic,Petrol,1500,238000,4275000
car,Hyundai,Accent,2001,Automatic,Petrol,1500,144000,1285000
car,Toyota,Prius,2012,Automatic,Hybrid,1800,101663,4385000
car,Suzuki,Wagon R FZ,2014,Automatic,Hybrid,650,80000,2350000
car,Honda,Insight,2009,Automatic,Hybrid,1300,117446,3150000
car,Toyota,Aqua,2013,Automatic,Hybrid,1500,102000,3050000
car,Toyota,Vitz,2018,Automatic,Petrol,1000,68249,4390000
car,Suzuki,Celerio VXI,2015,Automatic,Petrol,1000,50000,2360000
suv,Kia,Sorento,2011,Automatic,Diesel,2200,154000,5590000
pickup,Mahindra,Bolero,2016,Manual,Diesel,2500,51362,2075000
car,Suzuki,Alto Japan,2007,Automatic,Petrol,650,119700,1750000
car,Toyota,Axio,2015,Automatic,Hybrid,1500,80500,5490000
car,Perodua,Viva Elite,2012,Automatic,Petrol,1000,47000,2100000
pickup,Mahindra,Bolero Maxi Truck,2014,Manual,Diesel,2500,113019,1518000
car,Toyota,Yaris,2007,Automatic,Petrol,1300,135000,3600000
suv,Mitsubishi,Montero,2014,Automatic,Diesel,3200,76000,13950000
car,Toyota,Allion,2007,Automatic,Petrol,1500,117000,4850000
car,Nissan,Bluebird,2000,Manual,Diesel,2000,105000,1695000
car,Suzuki,Swift,2005,Automatic,Petrol,1300,110518,2400000
car,Suzuki,Alto K10,2011,Manual,Petrol,1000,78000,1790000
car,Nissan,FB15,2002,Automatic,Petrol,1500,170000,2450000
car,Suzuki,Alto,2014,Manual,Petrol,800,125000,1660000
suv,Toyota,Raize,2020,Automatic,Petrol,1000,495,7250000
van,Nissan,Vanette,2000,Manual,Diesel,2000,115000,2990000
van,Toyota,Townace KR42,2005,Manual,Petrol,1800,70000,3250000
car,Nissan,Sunny FB15,2003,Automatic,Petrol,1500,97000,2525000
car,Suzuki,Celerio,2015,Automatic,Petrol,1000,56000,2800000
car,Tata,Indica,2014,Manual,Petrol,1400,180000,990000
pickup,Mahindra,Bolero,2007,Manual,Diesel,2000,107000,2750000
car,Suzuki,Maruti,2006,Manual,Petrol,800,55000,1300000
car,Nissan,N16,2000,Automatic,Petrol,1500,190000,2100000
car,Toyota,Prius,2011,Automatic,Petrol,1800,124000,4100000
car,Mitsubishi,Lancer CS3,2002,Manual,Petrol,1600,138241,2490000
car,Toyota,Vitz,2008,Automatic,Petrol,1000,112000,3300000
car,Suzuki,Wagon R FX,2018,Automatic,Hybrid,650,90000,3250000
car,Suzuki,Alto,2006,Manual,Petrol,800,105000,1375000
car,Nissan,Sunny,2001,Automatic,Petrol,1500,165000,2350000
car,Toyota,Allion 260,2007,Automatic,Petrol,1500,146000,4825000
van,Mazda,Bongo,2002,Manual,Diesel,2200,150000,3250000
van,Suzuki,Every,2012,Automatic,Petrol,650,79000,2995000
car,Suzuki,Celerio VXI,2014,Automatic,Petrol,1000,100500,2150000
van,Suzuki,Every,2012,Automatic,Petrol,650,85173,2650000
car,Toyota,Camry,2002,Automatic,Petrol,2000,114000,3250000
car,Mitsubishi,Galant,2002,Manual,Petrol,1900,187000,2225000
car,Toyota,Premio,2013,Automatic,Petrol,1500,82000,5800000
car,Micro,Panda,2017,Manual,Petrol,1000,6000,1950000
van,Toyota,Dolphin,2003,Manual,Diesel,2800,225000,4325000
car,Suzuki,Alto,2015,Manual,Petrol,800,82000,1810000
car,Suzuki,Wagon R Stingray,2018,Automatic,Hybrid,650,24500,3290000
car,Nissan,March AK12,2012,Automatic,Petrol,1300,107000,2690000
car,Toyota,Prius S Touring,2014,Automatic,Hybrid,1800,65000,4590000
car,Toyota,Premio,2010,Automatic,Petrol,1500,116000,5400000
car,Suzuki,Celerio,2015,Manual,Petrol,1000,67000,2490000
car,Suzuki,Maruti,2005,Manual,Petrol,800,60000,1075000
car,Honda,Fit,2012,Automatic,Petrol,1300,85000,3185000
van,Suzuki,Every,2014,Automatic,Petrol,650,57000,2800000
suv,Toyota,CHR GT TURBO,2017,Automatic,Petrol,1200,16000,8150000
car,Nissan,N16,2004,Manual,Petrol,1500,160250,2150000
car,Hyundai,Eon,2015,Manual,Petrol,800,48200,1875000
car,Tata,Nano,2012,Manual,Petrol,650,75000,800000
car,Toyota,Premio,2013,Automatic,Petrol,1500,108500,6625000
van,Toyota,Dolphin,2001,Automatic,Diesel,2200,175100,5225000
pickup,Mahindra,Bolero,2017,Manual,Diesel,2500,23000,1975000
car,Suzuki,Swift,2006,Automatic,Petrol,1300,131000,2400000
van,Suzuki,Spacia,2015,Automatic,Hybrid,650,61000,3150000
van,Toyota,KR42,2006,Automatic,Petrol,1800,124000,3750000
car,Toyota,Axio G Grade,2015,Automatic,Petrol,1500,87000,5600000
suv,Toyota,CHR,2018,Automatic,Petrol,1200,41854,8695000
van,Daihatsu,Hijet,2014,Automatic,Petrol,650,79000,2700000
car,Chevrolet,Aveo,2007,Manual,Petrol,1200,79000,1480000
car,Suzuki,Maruti 800,2005,Manual,Petrol,800,67000,1015000
car,Tata,Nano Twist,2015,Manual,Petrol,650,65000,1175000
car,Honda,N Box,2016,Automatic,Petrol,650,41000,3990000
car,Hyundai,Accent,2001,Manual,Petrol,1300,130000,1390000
car,Suzuki,Zen,2006,Manual,Petrol,1000,50300,1600000
car,Honda,Fit GP1,2013,Automatic,Petrol,1300,118000,3290000
suv,Mahindra,KUV 100 NXT,2020,Manual,Petrol,1200,95,3235000
car,Suzuki,Maruti 800,2010,Manual,Petrol,800,52000,1265000
pickup,Tata,207,2016,Manual,Diesel,3000,40000,1400000
car,Nissan,March,2007,Automatic,Petrol,1000,94000,2350000
car,Mazda,3,2007,Automatic,Petrol,1500,173000,2850000
car,Suzuki,Alto,2016,Manual,Petrol,800,21000,2250000
car,Hyundai,Accent,2005,Manual,Petrol,1500,160000,1300000
car,Suzuki,Wagon R FZ,2018,Automatic,Petrol,650,30000,3390000
car,Suzuki,Alto Japan,2004,Manual,Petrol,650,146000,1490000
pickup,Tata,Xenon,2016,Manual,Diesel,3000,44000,1675000
car,Toyota,Aqua,2015,Automatic,Hybrid,1500,15800,4350000
van,Suzuki,Every,2019,Automatic,Petrol,650,79000,3100000
car,Suzuki,Alto,2015,Manual,Petrol,800,12000,2300000
pickup,Mahindra,Bolero,2015,Manual,Diesel,2500,41030,2075000
car,Nissan,Sunny,2001,Automatic,Petrol,1500,84250,2200000
car,Suzuki,Maruti,2006,Manual,Petrol,800,74000,1060000
car,Honda,Grace,2015,Automatic,Hybrid,1500,52000,5190000
car,Honda,N WGN,2016,Automatic,Petrol,650,55000,2990000
car,Toyota,Corolla 121,2000,Automatic,Petrol,1600,144000,2975000
car,Honda,N WGN,2017,Automatic,Petrol,650,69000,1300000
car,Suzuki,Alto,2015,Manual,Petrol,800,89000,1750000
car,Daihatsu,Move,2015,Automatic,Petrol,650,43000,3025000
car,Suzuki,Wagon R Stingray,2014,Automatic,Petrol,650,48000,2525000
car,Toyota,Aqua,2014,Automatic,Hybrid,1500,52000,3925000
car,Toyota,Passo,2007,Automatic,Petrol,1000,160000,2775000
van,Suzuki,Every DA64,2018,Automatic,Petrol,650,26000,3975000
car,Suzuki,Alto K10,2013,Manual,Petrol,1000,56000,1975000
car,Renault,KWID,2016,Manual,Petrol,800,65000,1875000
car,Toyota,Starlet,2000,Automatic,Diesel,1500,172000,1795000
car,Mitsubishi,Lancer CS1,2008,Manual,Petrol,1300,114850,2975000
car,Suzuki,Swift,2002,Automatic,Petrol,1300,112000,2275000
suv,Mitsubishi,Montero V6,2001,Manual,Diesel,2800,164000,6950000
car,Suzuki,Alto 800 LXI,2016,Manual,Petrol,800,28000,2395000
car,Suzuki,Wagon R Stingray,2014,Automatic,Hybrid,650,51000,2875000
car,Nissan,FB15,2000,Automatic,Petrol,1500,160000,2265000
car,Suzuki,Alto,2016,Manual,Petrol,800,71000,2045000
car,Toyota,Prius,2008,Automatic,Petrol,1800,155000,2925000
car,Renault,KWID RXT,2016,Manual,Petrol,800,28000,1750000
car,Zotye,Z100,2020,Manual,Petrol,1000,3520,2095000
car,Suzuki,Wagon R FZ,2014,Automatic,Hybrid,650,43000,2990000
car,Toyota,Avanza,2011,Manual,Petrol,1300,64000,2900000
van,Toyota,Townace Noah,2007,Automatic,Petrol,1800,82400,3500000
car,Suzuki,Wagon R Stingray,2018,Automatic,Petrol,650,23200,3790000
car,Honda,City,2001,Automatic,Petrol,1500,190000,1950000
car,Toyota,Aqua,2014,Automatic,Petrol,1500,53000,4150000
car,Honda,Fit GP5,2014,Automatic,Hybrid,1500,86500,3775000
car,Honda,Fit Shuttle,2017,Automatic,Petrol,1300,68000,3950000
car,Toyota,Aqua S Grade,2012,Automatic,Hybrid,1500,92000,3290000
car,Toyota,Premio,2011,Automatic,Petrol,1500,86000,5990000
car,Toyota,Pixis,2018,Automatic,Petrol,650,22001,2950000
car,Toyota,Premio,2016,Automatic,Petrol,1500,63000,8800000
car,Suzuki,Swift Beetle,2006,Manual,Petrol,1300,84000,1875000
suv,Honda,Vezel RS Sensing,2018,Automatic,Hybrid,1500,58000,7890000
car,Toyota,Aqua,2015,Automatic,Petrol,1500,81000,3550000
van,Toyota,KDH 201,2009,Manual,Petrol,1800,217000,6180000
suv,Honda,Vezel,2018,Automatic,Hybrid,1500,34000,7300000
car,Toyota,Axio WXB,2017,Automatic,Petrol,1500,66000,6490000
car,Suzuki,Alto,2012,Manual,Petrol,800,82000,1750000
car,Toyota,Vitz,2018,Automatic,Petrol,1000,2800,4450000
car,Suzuki,Alto Japan,2017,Automatic,Petrol,650,13000,3350000
van,Daihatsu,Hijet,2015,Automatic,Petrol,650,66500,2735000
car,Nissan,N16,2002,Automatic,Petrol,1600,149000,2250000
car,Micro,MX 7,2011,Manual,Petrol,1500,60000,1900000
van,Toyota,KDH,2015,Automatic,Petrol,3000,95000,6700000
car,Toyota,Vitz,2007,Automatic,Petrol,1000,148000,3125000
car,Suzuki,Alto,2016,Manual,Petrol,800,21000,2175000
car,Tata,Nano,2016,Automatic,Petrol,650,70000,1375000
suv,Toyota,Harrier,2008,Automatic,Hybrid,3300,102000,6800000
suv,Nissan,X-Trail,2001,Automatic,Petrol,2000,160000,3550000
car,Toyota,Prius,2013,Automatic,Hybrid,1800,110000,4745000
car,Mazda,Familia BJ5P,2000,Automatic,Petrol,1500,210000,1925000
car,Toyota,Corolla,2001,Manual,Petrol,1500,246000,1790000
car,Honda,Fit GP5,2014,Automatic,Hybrid,1500,78000,4450000
car,Toyota,Prius S Grade,2012,Automatic,Hybrid,1800,74000,4250000
van,Toyota,CR42,2000,Manual,Diesel,2200,265000,4600000
car,Renault,KWID,2016,Manual,Petrol,800,37000,1845000
car,Suzuki,Wagon R Stingray,2017,Automatic,Petrol,650,43000,3000000
suv,Toyota,RAV4,2001,Automatic,Petrol,2000,134000,2800000
van,Mitsubishi,Mini Cab,2015,Automatic,Petrol,650,120000,2250000
car,Suzuki,Wagon R Stingray,2018,Automatic,Petrol,650,38000,3650000
car,Toyota,Prius S Touring,2013,Automatic,Petrol,1800,95000,4350000
car,Suzuki,Maruti,2006,Manual,Petrol,800,43000,1150000
car,Suzuki,Alto,2004,Manual,Petrol,650,105000,1675000
car,Toyota,Premio,2013,Automatic,Petrol,1500,104000,6700000
car,Nissan,FB15,2003,Automatic,Petrol,1500,147000,2225000
car,Honda,Fit Aria,2008,Automatic,Petrol,1500,105000,2975000
van,Toyota,KDH 200,2006,Automatic,Diesel,2500,142000,5975000
car,Toyota,Roomy,2017,Automatic,Petrol,1000,53000,3700000
car,Toyota,Prius S Grade,2015,Automatic,Petrol,1800,107000,4800000
car,Toyota,Aqua,2012,Automatic,Hybrid,1500,80000,3200000
car,Daihatsu,Mira,2018,Automatic,Petrol,650,8000,4190000
car,Toyota,Axio,2007,Automatic,Petrol,1500,109000,4250000
car,Toyota,Corolla 121,2003,Automatic,Petrol,1500,143000,3585000
car,Toyota,Belta,2007,Automatic,Petrol,1000,114000,3375000
car,Suzuki,Wagon R,2014,Automatic,Petrol,650,41000,2875000
car,Suzuki,Wagon R FZ,2017,Automatic,Hybrid,650,110000,3190000
car,Suzuki,Alto 800,2015,Manual,Petrol,800,51000,1800000
car,Suzuki,Maruti,2003,Manual,Petrol,1300,62858,1375000
van,Suzuki,Spacia,2016,Automatic,Hybrid,650,20500,3125000
car,Toyota,Prius,2008,Automatic,Petrol,1800,149800,2925000
car,Hyundai,Trajet,2005,Manual,Petrol,2000,50000,2350000
car,Honda,Fit,2014,Automatic,Petrol,1500,60000,3560000
van,Toyota,KDH 221,2015,Automatic,Diesel,3000,118000,8950000
car,Suzuki,Alto,2010,Manual,Petrol,800,56000,1580000
car,Suzuki,Wagon R,2014,Automatic,Hybrid,650,78000,2390000
car,Suzuki,Alto 800 LXI,2010,Manual,Petrol,800,90000,1575000
van,Suzuki,Every,2014,Manual,Petrol,650,95000,2900000
car,Toyota,Allion,2011,Automatic,Petrol,1500,160000,5490000
car,Honda,City,2003,Automatic,Petrol,1700,231500,2250000
car,Suzuki,Wagon R FX,2017,Automatic,Hybrid,650,44000,3225000
car,Nissan,FB15,2000,Automatic,Petrol,1500,101050,2175000
car,Suzuki,Maruti Alto,2011,Manual,Petrol,800,68000,1600000
car,Suzuki,Wagon R Stingray,2014,Automatic,Petrol,650,72500,2480000
van,Nissan,Vanette,2004,Manual,Diesel,2200,125060,2550000
suv,Micro,Kyron,2007,Automatic,Diesel,2000,169133,2775000
van,Suzuki,Every,2007,Manual,Petrol,650,140000,1860000
car,Micro,Trend,2009,Manual,Petrol,1100,94000,980000
car,Suzuki,Alto,2015,Manual,Petrol,800,23000,1875000
car,Suzuki,Alto,2014,Manual,Petrol,800,70000,1890000
suv,Honda,Vezel RS Sensing,2019,Automatic,Hybrid,1500,2200,9525000
car,Suzuki,Alto,2015,Manual,Petrol,800,102000,1970000
van,Mitsubishi,Mini Cab,2000,Automatic,Petrol,800,137000,1600000
car,Suzuki,Wagon R FX,2017,Automatic,Hybrid,650,32000,2650000
car,Honda,Fit GP5,2013,Automatic,Hybrid,1500,114500,3780000
car,Suzuki,Maruti,2009,Manual,Petrol,800,78000,650000
van,Suzuki,Every,2007,Automatic,Petrol,650,105000,2600000
car,Toyota,Aqua,2013,Automatic,Petrol,1500,65000,3850000
car,Suzuki,Wagon R,2017,Automatic,Hybrid,650,55000,2650000
car,Suzuki,Swift,2008,Automatic,Petrol,1300,80000,2970000
car,Suzuki,Alto,2016,Manual,Petrol,800,44000,2250000
car,Daihatsu,Mira,2017,Automatic,Petrol,650,15845,3475000
car,Toyota,Axio,2016,Automatic,Hybrid,1500,26000,5200000
car,Toyota,Axio,2016,Automatic,Hybrid,1300,47000,5325000
car,Suzuki,Wagon R Stingray,2017,Automatic,Petrol,650,34500,3650000
van,Nissan,Vanette,2001,Manual,Diesel,2200,100000,3100000
car,Toyota,Vitz,2014,Automatic,Petrol,1000,40000,4125000
car,Toyota,Corolla 121,2003,Manual,Petrol,1500,154380,3150000
van,Nissan,Caravan,2006,Manual,Diesel,3000,270000,4790000
car,Suzuki,Wagon R FZ,2017,Automatic,Hybrid,650,40945,3525000
van,Daihatsu,Hijet,2000,Automatic,Petrol,800,145000,1400000
car,Suzuki,Maruti,2006,Manual,Petrol,800,80000,1080000
van,Suzuki,Spacia,2017,Automatic,Petrol,650,26500,3190000
car,Suzuki,Maruti 800,2005,Manual,Petrol,800,69000,1150000
van,Suzuki,DA64,2013,Automatic,Petrol,650,83000,2815000
car,Toyota,Vitz,2017,Automatic,Petrol,1000,15870,5400000
van,Suzuki,Spacia,2018,Automatic,Petrol,650,65000,3500000
car,Toyota,Corolla 121,2003,Automatic,Petrol,1500,192000,3150000
car,Mazda,BJ5P,2000,Automatic,Petrol,1500,160000,1685000
car,Toyota,Axio,2007,Automatic,Petrol,1800,140000,4290000
car,Honda,N WGN,2018,Automatic,Petrol,650,48200,3525000
suv,Mitsubishi,Outlander,2014,Automatic,Hybrid,2000,112000,7375000
car,Toyota,Premio,2013,Automatic,Petrol,1500,66000,6525000
car,Toyota,Vitz,2018,Automatic,Petrol,1000,13800,5400000
van,Toyota,KDH 200 Super GL,2007,Automatic,Diesel,2500,247000,7550000
suv,Tata,207,2012,Manual,Diesel,2000,85264,1125000
van,Toyota,KDH 201,2010,Automatic,Diesel,3000,309000,5825000
car,Mitsubishi,Lancer GLX,2003,Manual,Petrol,1600,120000,2500000
car,Honda,Grace EX,2016,Automatic,Petrol,1500,21000,5800000
van,Suzuki,Every,2015,Manual,Petrol,650,37000,2875000
car,Toyota,Vitz,2007,Automatic,Petrol,1000,89000,3350000
car,Nissan,Y11,2001,Manual,Petrol,1300,118000,1790000
car,Suzuki,Maruti,2010,Manual,Petrol,800,56000,1300000
car,Honda,Grace,2016,Automatic,Hybrid,1500,32000,5350000
car,Toyota,Prius,2008,Automatic,Hybrid,1800,11800,2900000
car,Suzuki,Celerio,2016,Automatic,Petrol,1000,32000,2830000
car,Micro,MX 7,2008,Manual,Petrol,1600,105000,1550000
car,Micro,Panda,2012,Manual,Petrol,1000,76000,1265000
van,Toyota,KDH GL,2012,Automatic,Diesel,3000,45000,7600000
car,Toyota,Aqua G Grade,2018,Automatic,Hybrid,1500,15870,4850000
car,Suzuki,Swift,2003,Automatic,Petrol,1300,110000,2350000
van,Suzuki,Every,2002,Manual,Petrol,650,98000,1725000
car,Toyota,Vios,2007,Automatic,Petrol,1500,240000,2690000
car,Tata,Indica,2005,Manual,Petrol,1400,13000,1150000
car,Suzuki,Alto,2015,Manual,Petrol,800,41900,1885000
pickup,Toyota,Hilux Vigo,2007,Automatic,Diesel,3000,152000,6875000
car,Mitsubishi,Lancer,2003,Automatic,Petrol,1300,145000,1975000
car,Toyota,Aqua,2014,Automatic,Hybrid,1500,80500,3550000
car,Chery,QQ,2007,Manual,Petrol,800,130000,925000
car,Suzuki,Maruti,2004,Manual,Petrol,800,96000,880000
car,Suzuki,Alto,2015,Manual,Petrol,800,79800,1950000
pickup,Mahindra,Bolero,2015,Manual,Diesel,2500,82000,1900000
car,Suzuki,Alto Japan,2017,Automatic,Petrol,650,69000,3235000
van,Nissan,E25,2006,Automatic,Diesel,3000,243000,4190000
car,Nissan,N16,2002,Automatic,Petrol,1500,132600,2350000
car,Kia,Carens,2006,Automatic,Petrol,1800,145000,1195000
car,Hyundai,Accent,2005,Manual,Petrol,1300,196000,1575000
van,Nissan,Caravan,2007,Automatic,Diesel,3000,95800,4900000
car,Toyota,Vitz,2018,Automatic,Petrol,1000,7018,4350000
car,Mitsubishi,Ek Wagon,2018,Automatic,Petrol,650,3725,2950000
suv,Hyundai,Santa Fe,2013,Automatic,Diesel,2200,93000,7250000
car,Toyota,Vitz,2015,Automatic,Petrol,1000,27000,4450000
car,Renault,KWID,2017,Automatic,Petrol,1000,13000,2400000
car,Nissan,March K11,2000,Automatic,Petrol,1300,116949,1755000
car,Toyota,Passo,2011,Automatic,Petrol,1000,128000,2575000
pickup,Mahindra,Bolero,2017,Manual,Diesel,2500,65000,1700000
car,Suzuki,Alto Sport,2015,Manual,Petrol,800,110000,1965000
van,Nissan,E25,2006,Automatic,Diesel,1500,324522,3900000
suv,Honda,Vezel,2018,Automatic,Hybrid,1500,34200,7100000
suv,Mitsubishi,Outlander,2015,Automatic,Petrol,2000,11000,7475000
van,Mitsubishi,Mini Cab,2003,Automatic,Petrol,650,99000,1625000
car,Suzuki,Maruti Sport,2011,Manual,Petrol,800,87000,1275000
car,Suzuki,Alto,2015,Manual,Petrol,800,79200,1925000
car,Honda,Fit GP1,2012,Automatic,Petrol,1300,78150,3275000
car,Toyota,Vitz,2016,Automatic,Petrol,1000,48000,4565000
car,Suzuki,Alto,2015,Manual,Petrol,800,103900,1830000
car,Toyota,Axio,2014,Automatic,Hybrid,1500,99000,4400000
car,Suzuki,Alto 800 LXI,2015,Manual,Petrol,800,56908,2055000
car,Toyota,Prius,2009,Automatic,Hybrid,1800,113000,3500000
car,Suzuki,Maruti,2006,Manual,Petrol,800,70000,1125000
car,Nissan,Leaf Azeo,2012,Automatic,Electric,80,80000,1950000
car,Suzuki,Maruti,2011,Manual,Petrol,800,65000,700000
car,Toyota,Aqua,2012,Automatic,Hybrid,1500,76000,3550000
car,Suzuki,Maruti Zen,2006,Manual,Petrol,1000,135000,1300000
car,Toyota,Corolla 141,2008,Automatic,Petrol,1600,104000,3750000
car,Suzuki,Alto 800 LXI,2014,Manual,Petrol,800,107500,1730000
car,Suzuki,Swift,2004,Automatic,Petrol,1300,138000,2600000
pickup,Mahindra,Bolero,2011,Manual,Diesel,2500,61009,1365000
van,Nissan,Lion Face,2003,Manual,Diesel,2500,210000,2775000
car,Mazda,Familia,2000,Manual,Petrol,1300,146732,1800000
car,Suzuki,Alto,2015,Manual,Petrol,800,61000,1680000
van,Nissan,Vanette,2006,Manual,Diesel,2100,150000,3790000
van,Toyota,Dolphin 172 Super GL,2003,Automatic,Diesel,2800,422400,5500000
suv,Kia,Sportage,2000,Manual,Diesel,2000,180000,1675000
car,Toyota,Yaris,2008,Manual,Petrol,1300,27700,3950000
car,Suzuki,Maruti,2003,Manual,Petrol,800,111,650000
van,Nissan,Clipper,2017,Automatic,Petrol,650,20590,3650000
car,Micro,Panda Cross,2012,Manual,Petrol,1300,92000,1510000
car,Toyota,Axio,2015,Automatic,Petrol,1300,106000,4750000
car,Nissan,Sunny N16,2002,Manual,Petrol,1300,118500,2100000
car,Honda,Insight,2009,Automatic,Petrol,1300,83000,2950000
car,Toyota,Allion,2013,Automatic,Petrol,1500,71000,5735000
pickup,Mahindra,Bolero,2016,Manual,Diesel,2500,24538,2285000
van,Suzuki,Spacia,2018,Automatic,Hybrid,650,24000,4275000
van,Hyundai,H100,2000,Manual,Diesel,2600,219000,2250000
car,Suzuki,Alto,2015,Manual,Petrol,800,34000,1830000
car,Toyota,Axio,2013,Automatic,Hybrid,1500,65000,4700000
car,Suzuki,A-Star,2010,Manual,Petrol,1000,139000,1800000
suv,Honda,Vezel,2015,Automatic,Hybrid,1500,44500,5970000
car,Suzuki,Alto Sport,2011,Manual,Petrol,800,79000,1440000
car,Toyota,Aqua,2015,Automatic,Hybrid,1500,45000,4500000
car,Toyota,IST,2008,Automatic,Petrol,1500,170000,3850000
car,Toyota,Aqua,2012,Automatic,Hybrid,1500,71000,2995000
car,Toyota,Vitz,2009,Automatic,Petrol,1000,102200,3450000
car,Toyota,Premio,2013,Automatic,Petrol,1500,72500,5800000
car,Honda,Fit Shuttle,2012,Automatic,Hybrid,1300,74000,3650000
car,Suzuki,Alto,2015,Manual,Petrol,800,24000,2175000
van,Daihatsu,Hijet,2012,Automatic,Petrol,650,35000,2500000
car,Honda,Fit Shuttle,2013,Automatic,Hybrid,1500,88000,4225000
car,Toyota,Axio,2016,Automatic,Petrol,1500,41000,5900000
car,Suzuki,Zen,2001,Manual,Petrol,1000,112000,1275000
van,Toyota,KDH TRH GL,2007,Automatic,Petrol,2000,106000,5500000
car,Toyota,Axio,2013,Automatic,Hybrid,1500,90000,4550000
suv,Micro,Kyron,2008,Automatic,Diesel,2000,120120,2900000
suv,Micro,Kyron,2010,Automatic,Diesel,2000,116000,3400000
van,Toyota,Townace Noah,2011,Automatic,Petrol,1800,49000,3850000
car,Nissan,Primera,2001,Manual,Petrol,2000,120000,1600000
van,Toyota,CR42,2001,Automatic,Diesel,2000,252000,4150000
car,Toyota,IST,2008,Automatic,Petrol,1000,125000,2700000
car,Toyota,Axio G Grade,2014,Automatic,Hybrid,1500,35000,4500000
car,Toyota,Corolla 121,2001,Automatic,Petrol,1500,168000,2900000
car,Suzuki,Wagon R,2017,Automatic,Hybrid,650,35000,3375000
car,Honda,Insight,2011,Automatic,Petrol,1300,92800,3200000
car,Mitsubishi,Galant,2003,Manual,Petrol,2000,150000,1800000
car,Honda,Civic FD3,2010,Automatic,Hybrid,1400,229000,3400000
car,Suzuki,Alto,2014,Manual,Petrol,800,56000,1920000
car,Nissan,Sunny,2008,Manual,Petrol,1500,87000,2450000
car,Toyota,Corolla Axio,2016,Automatic,Hybrid,1500,92000,5550000
car,Toyota,Allion 260,2007,Automatic,Petrol,1500,160000,4765000
car,Toyota,Tank,2019,Automatic,Petrol,1000,19500,5650000
car,Honda,Fit Aria,2005,Automatic,Petrol,1300,141000,2590000
car,Nissan,Cefiro,2000,Automatic,Petrol,2000,200000,1900000
van,Toyota,Noah KR42,2002,Automatic,Petrol,2000,207000,3900000
van,Toyota,KDH,2012,Automatic,Diesel,2500,300000,8450000
car,Toyota,Vitz,2019,Automatic,Petrol,1000,16500,5780000
car,Toyota,Allion,2008,Automatic,Petrol,1500,130000,5150000
car,Toyota,Axio,2008,Automatic,Petrol,1500,120180,3925000
van,Toyota,Dolphin,2003,Automatic,Diesel,3000,250600,6350000
car,Kia,Rio,2002,Manual,Petrol,1500,130000,1675000
car,Suzuki,Wagon R,2017,Automatic,Petrol,650,32000,3175000
car,Suzuki,Maruti,2013,Manual,Petrol,800,83000,1250000
car,Micro,Panda Cross,2015,Manual,Petrol,1300,54000,1700000
car,Suzuki,Celerio,2015,Automatic,Petrol,1000,30000,2590000
car,Toyota,Axio X Grade,2015,Automatic,Hybrid,1500,77000,4425000
car,Honda,Fit GP1,2011,Automatic,Hybrid,1300,85000,3700000
car,Suzuki,Maruti,2006,Manual,Petrol,800,52000,1225000
car,Toyota,Vitz,2008,Automatic,Petrol,1000,95000,2675000
car,Toyota,Vitz,2015,Automatic,Petrol,1000,40000,4315000
car,Suzuki,Maruti 800,2011,Manual,Petrol,800,78200,1330000
car,Micro,Panda,2015,Manual,Petrol,1000,41000,1490000
car,Honda,N Box,2016,Automatic,Petrol,650,26150,3700000
car,Toyota,Aqua,2015,Automatic,Hybrid,1500,51500,4200000
car,Honda,Grace,2016,Automatic,Petrol,1500,100000,4500000
car,Suzuki,Wagon R ,2011,Manual,Petrol,650,77230,2145000
car,Suzuki,Swift,2006,Automatic,Petrol,1300,145000,2190000
car,Micro,Geely MX7,2013,Manual,Petrol,1500,51000,1800000
car,Mazda,BJ5P,2001,Automatic,Petrol,1500,175000,2100000
car,Mazda,RX-8,2004,Manual,Petrol,1300,74000,2900000
suv,Honda,Vezel RS,2016,Automatic,Hybrid,1500,65000,6650000
car,Nissan,March AK12,2002,Automatic,Petrol,1300,145000,1695000
van,Nissan,NV200,2012,Automatic,Petrol,1600,70000,4600000
van,Hyundai,H100,2001,Manual,Diesel,2500,213000,2325000
car,Perodua,Viva Elite,2010,Automatic,Petrol,1000,70000,2200000
car,Toyota,Vitz,2017,Automatic,Petrol,1000,39000,5125000
car,Honda,Fit GP5,2013,Automatic,Hybrid,1500,107775,3625000
car,Toyota,Vitz,2018,Automatic,Petrol,1000,19000,5650000
car,Suzuki,Wagon R Stingray,2016,Automatic,Petrol,650,37000,2650000
car,Suzuki,Ignis,2016,Automatic,Hybrid,1300,109000,3500000
car,Mazda,Familia,2001,Manual,Petrol,1300,197000,1350000
car,Tata,Indigo,2007,Manual,Diesel,1400,169000,1335000
car,Toyota,Corolla 121,2004,Automatic,Petrol,1500,160000,3300000
car,Toyota,Vitz,2006,Automatic,Petrol,1000,106000,3095000
car,Toyota,Axio,2015,Automatic,Petrol,1500,50000,2600000
van,Mazda,Scrum,2001,Manual,Petrol,650,10000,1395000
car,Toyota,Vitz,2009,Automatic,Petrol,1000,97000,2850000
pickup,Toyota,Hilux Rocco,2019,Automatic,Petrol,2800,12000,14900000
van,Suzuki,Every,2001,Manual,Petrol,650,150000,1400000
van,Toyota,Dolphin,2003,Automatic,Petrol,2000,156450,4990000
car,Suzuki,Wagon R FZ,2014,Automatic,Petrol,650,77000,2875000
car,Suzuki,Wagon R FX,2017,Automatic,Hybrid,650,41000,2975000
car,Toyota,Roomy,2019,Automatic,Petrol,1000,6900,4560000
van,Suzuki,Every,2012,Automatic,Petrol,650,61207,2990000
car,Tata,Nano,2012,Manual,Petrol,650,103000,880000
car,Tata,Nano,2011,Manual,Petrol,650,278600,960000
car,Suzuki,Maruti,2005,Manual,Petrol,800,71000,950000
car,Toyota,Allion 260,2007,Automatic,Petrol,1500,42580,5000000
car,Tata,Indigo,2004,Manual,Petrol,1500,160000,975000
pickup,Mahindra,Bolero,2013,Manual,Diesel,2500,55000,1490000
car,Suzuki,Swift,2003,Automatic,Petrol,1300,171000,2250000
van,Suzuki,Spacia,2016,Automatic,Petrol,650,55000,3175000
car,Kia,Carens,2003,Manual,Petrol,1800,120600,1700000
van,Nissan,Clipper,2013,Automatic,Petrol,650,112000,2450000
car,Suzuki,Estilo,2011,Manual,Petrol,1000,41100,1975000
car,Mahindra,KUV 100 NXT,2020,Manual,Petrol,1200,88,3250000
car,Mitsubishi,Lancer CS1,2003,Manual,Petrol,1300,85000,1985000
car,Chery,QQ,2010,Manual,Petrol,800,49160,1025000
car,Suzuki,Swift,2004,Automatic,Petrol,1300,124600,2300000
car,Suzuki,Swift RS,2007,Automatic,Hybrid,1400,20000,5000000
van,Toyota,KDH,2014,Automatic,Petrol,2900,140000,6300000
car,Hyundai,Eon,2017,Manual,Petrol,800,32000,2485000
van,Toyota,KR42 Noah,2001,Automatic,Diesel,2100,203000,3870000
car,Chevrolet,Aveo,2008,Manual,Petrol,1500,35000,1900000
van,Suzuki,Every,2015,Automatic,Petrol,650,32000,2400000
car,Toyota,Vios,2004,Manual,Petrol,1500,210000,2500000
car,Toyota,Prius,2013,Automatic,Hybrid,1800,72300,4650000
car,Toyota,Soluna,2005,Automatic,Petrol,1500,160000,1750000
car,Toyota,Vitz,2019,Automatic,Petrol,1000,9600,5900000
car,Honda,Civic,2018,Automatic,Petrol,1000,35000,6550000
car,Tata,Nano,2011,Manual,Petrol,650,80000,890000
car,Tata,Nano,2012,Manual,Petrol,650,170000,775000
car,Toyota,Belta,2007,Automatic,Petrol,1300,123000,3640000
car,Toyota,Axio,2014,Automatic,Hybrid,1500,100000,1075000
van,Daihatsu,Hijet,2000,Automatic,Petrol,650,112900,1625000
car,Suzuki,Wagon R Stingray,2018,Automatic,Hybrid,650,45000,3750000
car,Toyota,Corolla 121,2006,Manual,Petrol,1300,250000,2975000
car,Toyota,Vios,2003,Automatic,Petrol,1500,209263,2500000
car,Toyota,Axio G Grade,2010,Automatic,Petrol,1500,108000,5150000
suv,Mahindra,KUV 100 NXT,2020,Manual,Petrol,1200,59,3250000
car,Suzuki,Hustler,2015,Automatic,Hybrid,650,13700,3175000
suv,Honda,Vezel,2014,Automatic,Petrol,1500,70000,4550000
car,Tata,Indica,2006,Manual,Petrol,1000,50000,975000
car,Daihatsu,Mira,2018,Automatic,Petrol,650,49000,3475000
car,Toyota,Aqua,2014,Automatic,Hybrid,1500,86000,3850000
car,Suzuki,Swift,2017,Automatic,Hybrid,1300,44600,4900000
car,Honda,Civic,2019,Automatic,Petrol,1000,21000,7990000
van,Toyota,Dolphin 172 Super GL,2003,Automatic,Diesel,2000,210000,5100000
van,Suzuki,Spacia,2016,Automatic,Petrol,650,30000,2800000
car,Toyota,Aqua,2012,Automatic,Hybrid,1500,112000,3275000
car,Suzuki,Maruti,2006,Manual,Petrol,800,148000,1119000
car,Perodua,Axia,2015,Automatic,Petrol,1000,66000,2985000
van,Toyota,KR42,2006,Automatic,Petrol,1800,76500,3700000
car,Nissan,Leaf,2014,Automatic,Electric,70,43000,1850000
pickup,Toyota,Hilux Rocco,2018,Automatic,Diesel,2800,39000,12450000
car,Toyota,Corolla 141,2008,Automatic,Petrol,1600,163100,3350000
car,Suzuki,Wagon R Stingray,2014,Automatic,Petrol,650,128000,2450000
van,Micro,MPV Junior 3,2013,Manual,Petrol,1100,185000,1200000
car,Honda,Fit GP1,2011,Automatic,Petrol,1300,90000,3650000
van,Toyota,KDH,2007,Automatic,Diesel,2900,305000,7450000
van,Suzuki,Every,2014,Automatic,Petrol,650,41250,3175000
car,Nissan,Sunny FB15,2000,Automatic,Petrol,1500,120000,2200000
pickup,Toyota,Hilux,2009,Manual,Diesel,2500,180000,3285000
car,Suzuki,Wagon R,2017,Automatic,Petrol,650,38650,3125000
car,Toyota,Corolla Axio,2007,Automatic,Petrol,1500,104000,3600000
pickup,Tata,Xenon,2015,Manual,Diesel,2500,77200,1690000
van,Toyota,KR42,2006,Automatic,Petrol,2500,106788,3825000
car,Toyota,Axio G Grade,2011,Automatic,Petrol,1500,115000,4900000
van,Nissan,E25,2007,Automatic,Diesel,3200,221226,3800000
car,Toyota,Aqua S Grade,2012,Automatic,Hybrid,1500,87800,3465000
suv,Suzuki,Grand Vitara,2013,Automatic,Petrol,2000,122200,5195000
car,Suzuki,Maruti,2007,Manual,Petrol,800,68000,1085000
suv,Mitsubishi,Montero,2000,Manual,Diesel,2800,170020,6500000
car,Micro,Panda,2015,Manual,Petrol,1000,70000,1700000
car,Toyota,Premio,2018,Automatic,Petrol,1500,33000,8550000
car,Perodua,Viva Elite,2015,Manual,Petrol,1000,59000,2400000
van,Nissan,Clipper,2016,Automatic,Petrol,650,46000,2790000
car,Toyota,Aqua G Grade,2012,Automatic,Hybrid,1500,80000,3190000
car,Toyota,Axio,2008,Automatic,Petrol,1500,89000,4000000
car,Suzuki,Wagon R,2016,Automatic,Hybrid,650,56000,2585000
car,Nissan,FB15,2001,Automatic,Petrol,1500,126000,1880000
car,Nissan,Bluebird,2003,Automatic,Petrol,1500,118965,3285000
car,Suzuki,Stingray,2017,Automatic,Electric,650,20000,4125000
pickup,Mahindra,Bolero,2008,Manual,Diesel,1300,21500,1850000
car,Suzuki,Maruti,2010,Manual,Petrol,800,56000,1090000
car,Suzuki,Wagon R,2014,Automatic,Petrol,650,55000,2650000
car,Nissan,N16,2001,Automatic,Petrol,1600,132000,2250000
car,Toyota,Corolla 121,2002,Automatic,Petrol,1500,189325,3390000
car,Suzuki,Alto 800 LXI,2015,Manual,Petrol,800,41000,1800000
pickup,Tata,Xenon,2018,Manual,Diesel,2500,18000,2450000
car,Suzuki,Alto 800,2015,Manual,Petrol,800,63243,1875000
pickup,Mahindra,Bolero,2008,Manual,Diesel,2500,57000,1190000
van,Suzuki,Every,2002,Manual,Petrol,650,100300,1500000
car,Honda,N WGN,2015,Automatic,Petrol,650,18000,3325000
car,Toyota,Premio G Superior,2015,Automatic,Petrol,1500,34000,7975000
pickup,Mahindra,Bolero,2019,Manual,Diesel,2500,13000,2600000
car,Toyota,Prius,2008,Automatic,Hybrid,1800,240000,2550000
car,Honda,Fit GP5,2015,Automatic,Petrol,1500,68500,3475000
car,Suzuki,Alto Sport,2011,Manual,Petrol,800,72000,1730000
car,Nissan,Sunny N17,2011,Automatic,Petrol,1300,144000,2975000
car,Suzuki,Maruti 800,2006,Manual,Petrol,800,52000,1050000
suv,Hyundai,Santa Fe,2008,Automatic,Diesel,2000,146000,4000000
car,Micro,Panda,2015,Manual,Petrol,1000,51000,1400000
car,Toyota,Vitz,2017,Automatic,Petrol,1000,25580,4150000
van,Suzuki,Every,2016,Automatic,Petrol,650,60741,3200000
van,Nissan,Vanette,2007,Automatic,Diesel,1800,143000,3650000
suv,Toyota,Harrier,2014,Automatic,Hybrid,2500,69000,11000000
car,Toyota,Belta,2009,Automatic,Petrol,1000,81107,3700000
car,Honda,City,2003,Automatic,Petrol,1500,96000,2290000
car,Toyota,Premio,2013,Automatic,Petrol,1500,122000,6750000
car,Suzuki,Alto 800 LXI,2015,Manual,Petrol,800,39000,1800000
car,Micro,Panda LC 1.0,2016,Manual,Petrol,1000,60000,1700000
car,Suzuki,Alto,2015,Manual,Petrol,800,63000,1860000
car,Toyota,Corolla 141,2008,Automatic,Petrol,1600,83000,3800000
car,Perodua,Viva Elite,2013,Automatic,Electric,1000,85600,2495000
van,Toyota,KR42,2002,Automatic,Petrol,1500,98000,3050000
car,Mazda,3,2014,Automatic,Petrol,1600,125000,5625000
car,Toyota,Allion,2010,Automatic,Petrol,1500,90000,5450000
car,Suzuki,Alto,2013,Manual,Petrol,800,62340,1650000
car,Suzuki,Alto,2015,Manual,Petrol,800,59000,1845000
car,Toyota,Vitz,2009,Automatic,Petrol,1000,86600,2790000
car,Nissan,N16,2007,Automatic,Petrol,1500,151000,2280000
car,Nissan,N16,2001,Automatic,Petrol,1600,190750,2375000
car,Suzuki,Alto 800,2014,Manual,Petrol,800,45200,1910000
car,Toyota,Vitz Edition 3,2019,Automatic,Petrol,1000,13000,5675000
van,Toyota,KDH Super GL,2006,Automatic,Diesel,2500,109000,6975000
van,Suzuki,Every,2016,Automatic,Petrol,650,38900,3475000
car,Suzuki,Wagon R FZ,2017,Automatic,Petrol,650,80000,3450000
pickup,Mahindra,Bolero,2015,Manual,Diesel,2500,32000,1150000
car,Suzuki,Wagon R,2018,Automatic,Petrol,650,38650,3640000
car,Mazda,Familia BJ5P,2001,Automatic,Petrol,1500,246382,2200000
car,Toyota,IST,2007,Automatic,Petrol,1500,101500,3795000
car,Suzuki,Wagon R Stingray,2014,Automatic,Petrol,650,70000,2490000
car,Suzuki,Maruti,2020,Manual,Petrol,800,52000,850000
car,Toyota,Aqua,2014,Automatic,Petrol,1500,116000,3390000
car,Suzuki,Maruti 800,2007,Manual,Petrol,800,80000,1085000
car,Suzuki,Swift Beetle,2008,Manual,Petrol,1300,130000,2125000
car,Suzuki,Alto,2006,Manual,Petrol,800,91500,1315000
suv,Kia,Sportage,2011,Manual,Petrol,2000,140000,4975000
car,Nissan,Primera,2001,Automatic,Petrol,2000,160000,1925000
van,Toyota,KR42 Noah,2002,Automatic,Petrol,1800,126800,3650000
car,Toyota,Prius,2013,Automatic,Hybrid,1800,97000,4190000
car,Toyota,Vitz,2008,Automatic,Petrol,1000,113000,2685000
car,Nissan,N17,2006,Manual,Petrol,1300,160000,2700000
car,Suzuki,Wagon R FZ,2016,Automatic,Hybrid,650,4400,2750000
van,Daihatsu,Hijet,2007,Automatic,Petrol,650,85000,2185000
car,Suzuki,Alto,2008,Manual,Petrol,800,94000,1595000
car,Toyota,Roomy,2017,Automatic,Petrol,1000,25000,5000000
suv,Nissan,X-Trail,2011,Automatic,Petrol,2000,163500,4945000
car,Suzuki,Wagon R Stingray,2015,Automatic,Hybrid,650,60000,2850000
car,Nissan,FB15 Super Saloon,2005,Automatic,Petrol,1500,125000,2550000
car,Suzuki,Swift,2004,Automatic,Petrol,1300,114000,2150000
car,Toyota,Passo,2010,Automatic,Petrol,1000,134000,2450000
van,Toyota,KDH,2007,Automatic,Diesel,2500,185600,7050000
car,Suzuki,Maruti,2005,Manual,Petrol,800,90000,1050000
car,Suzuki,Alto,2015,Manual,Petrol,800,32000,1875000
car,Toyota,Prius,2014,Automatic,Petrol,1800,80000,5025000
car,Nissan,FB15,2000,Manual,Petrol,1500,345620,1850000
car,Suzuki,Wagon R FX,2018,Automatic,Hybrid,650,43000,3150000
car,Suzuki,Alto,2015,Manual,Petrol,800,56000,1960000
car,Suzuki,Hustler,2017,Automatic,Petrol,650,15000,3275000
car,Hyundai,Elantra,2010,Manual,Petrol,1600,85000,1950000
car,Tata,Indica V2,2015,Manual,Petrol,1500,52000,1535000
car,Nissan,FB15,2003,Automatic,Petrol,1500,119000,2875000
pickup,Toyota,Hilux Rocco,2019,Automatic,Diesel,2800,6500,15000000
car,Micro,Panda,2015,Manual,Petrol,1000,54000,1525000
car,Toyota,Corolla 121,2004,Automatic,Petrol,1500,120000,3050000
car,Nissan,FB15,2000,Automatic,Petrol,1500,225000,2700000
car,Suzuki,Maruti 800,2010,Manual,Petrol,800,65500,1250000
van,Toyota,KDH,2017,Automatic,Petrol,2000,24590,7990000
car,Nissan,FB15,2004,Automatic,Petrol,1500,145900,2350000
van,Mazda,Bongo,2005,Automatic,Diesel,2000,214000,3700000
car,Micro,Panda,2017,Manual,Petrol,1000,38600,1585000
car,Perodua,Viva Elite,2010,Automatic,Petrol,1000,85000,1850000
pickup,Toyota,Hilux,2007,Manual,Diesel,3000,170000,5280000
car,Micro,Panda LC 1.0,2014,Manual,Petrol,1000,34700,1585000
van,Daihatsu,Hijet,2020,Automatic,Petrol,650,2350,3675000
car,Suzuki,Wagon R Stingray,2016,Automatic,Petrol,650,55124,2945000
car,Suzuki,Maruti,2008,Manual,Petrol,800,69000,1180000
van,Suzuki,Omni,2006,Manual,Petrol,800,125000,960000
pickup,Mahindra,Bolero,2017,Manual,Diesel,2500,60000,1775000
van,Suzuki,Every,2015,Automatic,Petrol,650,108000,2825000
car,Toyota,Passo,2004,Automatic,Petrol,1000,124000,2475000
van,Suzuki,Every,2007,Manual,Petrol,650,195000,1775000
van,Suzuki,Every,2017,Automatic,Petrol,650,19800,3250000
pickup,Mahindra,Bolero,2014,Manual,Diesel,2500,80000,1625000
van,Toyota,Hiace KDH 201 GL,2015,Automatic,Diesel,3000,11900,9750000
car,Honda,Grace EX,2016,Automatic,Petrol,1500,75000,5950000
car,Toyota,Vitz,2009,Automatic,Petrol,1000,31000,3800000
car,Toyota,Allion,2011,Automatic,Petrol,1500,137000,4250000
van,Suzuki,Every,2014,Automatic,Petrol,650,100000,2825000
car,Suzuki,Alto,2015,Manual,Petrol,800,54000,1975000
car,Nissan,Tiida,2005,Automatic,Petrol,1500,55000,3050000
car,Suzuki,Alto Japan,2017,Automatic,Petrol,650,39000,2460000
van,Daihatsu,Hijet,2001,Manual,Petrol,1300,80000,1390000
car,Nissan,Bluebird,2000,Manual,Diesel,1800,170116,1675000
van,Mazda,Bongo,2002,Automatic,Diesel,2000,222222,3150000
car,Suzuki,Alto,2008,Manual,Petrol,800,85000,1375000
car,Toyota,Premio,2013,Automatic,Petrol,1500,12000,7050000
car,Nissan,Sunny FB15,2003,Automatic,Petrol,1500,130000,2640000
car,Toyota,Premio 240,2005,Automatic,Petrol,1500,170000,3625000
car,Honda,Fit Shuttle,2013,Automatic,Hybrid,1300,152200,3650000
car,Suzuki,Alto,2015,Manual,Petrol,800,70000,1840000
car,Honda,City,2001,Automatic,Petrol,1500,188000,2050000
pickup,Mahindra,Bolero,2006,Manual,Diesel,2500,75000,1050000
suv,Kia,Sorento,2014,Automatic,Diesel,2200,90000,10500000
car,Toyota,Vitz,2007,Automatic,Petrol,1000,172000,3070000
car,Honda,Fit Shuttle,2014,Automatic,Hybrid,1300,81564,4480000
car,Hyundai,Elantra,2008,Automatic,Petrol,1600,91000,2350000
car,Toyota,Premio G Superior,2018,Automatic,Petrol,1500,20000,7990000
car,Perodua,Viva Elite,2011,Manual,Petrol,1000,85369,1840000
van,Nissan,Super GL,2006,Automatic,Diesel,2000,153000,6550000
car,Suzuki,Wagon R Stingray,2018,Automatic,Petrol,650,15000,3300000
car,Suzuki,Alto 800 LXI,2015,Manual,Petrol,800,33000,1825000
car,Toyota,Vitz KSP90,2007,Automatic,Petrol,1000,98700,3245000
van,Suzuki,Every DA17,2016,Automatic,Petrol,650,57000,3615000
car,Nissan,Y11,2002,Manual,Petrol,1300,200000,1675000
car,Suzuki,Maruti,2006,Manual,Petrol,800,80000,1130000
car,Toyota,Prius,2011,Automatic,Hybrid,1500,96000,3650000
car,Suzuki,Wagon R FZ,2018,Automatic,Hybrid,650,13900,3250000
car,Tata,Nano,2017,Automatic,Petrol,650,40598,1400000
car,Micro,Panda,2015,Manual,Petrol,1000,26000,1425000
car,Nissan,Leaf,2012,Automatic,Electric,70,81000,1450000
car,Micro,Panda,2012,Manual,Petrol,1000,50000,1500000
car,Suzuki,Swift,2007,Automatic,Petrol,1300,114000,2250000
car,Toyota,Premio,2019,Automatic,Petrol,1500,9000,11500000
van,Suzuki,Every,2016,Automatic,Petrol,650,70500,2550000
car,Suzuki,Celerio VXI,2015,Automatic,Petrol,1000,54000,2370000
car,Suzuki,Alto,2015,Manual,Petrol,800,37500,1820000
van,Toyota,KDH 201,2016,Automatic,Diesel,3000,43000,9175000
car,Suzuki,Maruti 800,2004,Manual,Petrol,800,23500,950000
van,Nissan,Vanette,2016,Automatic,Petrol,1500,37000,5700000
car,Suzuki,Swift,2004,Automatic,Petrol,1300,130000,2585000
car,Hyundai,Elantra,2000,Manual,Petrol,1600,146000,1275000
pickup,Mitsubishi,L200,2001,Manual,Diesel,2500,292000,3000000
van,Toyota,KR42,2000,Automatic,Diesel,3000,250000,3390000
car,Suzuki,Maruti,2011,Manual,Petrol,800,64000,1220000
car,Toyota,Allion 260,2010,Automatic,Petrol,1500,84000,4100000
car,Honda,Fit GP1,2013,Automatic,Hybrid,1500,115000,3400000
car,Suzuki,Alto 800 LXI,2017,Manual,Petrol,800,25690,2525000
car,Toyota,Prius S Touring,2011,Automatic,Hybrid,1800,40000,4250000
car,Tata,Indica,2008,Manual,Petrol,1400,80450,1090000
van,Toyota,KDH 200,2006,Automatic,Diesel,2500,165000,6400000
car,Toyota,Belta,2007,Automatic,Petrol,1300,96000,3285000
car,Honda,N WGN,2015,Automatic,Petrol,650,62000,3500000
car,Suzuki,Swift,2004,Manual,Petrol,1300,137000,2150000
car,Suzuki,Maruti,2004,Manual,Petrol,800,28000,1050000
car,Daihatsu,Mira,2017,Automatic,Petrol,650,23000,3450000
car,Suzuki,Swift,2010,Automatic,Petrol,1300,39100,3325000
car,Toyota,Premio,2015,Automatic,Petrol,1500,70000,6500000
car,Suzuki,Wagon R Stingray,2017,Automatic,Hybrid,650,40000,3150000
car,Toyota,Vitz,2008,Automatic,Petrol,1000,68000,3325000
car,Nissan,Leaf,2012,Automatic,Electric,70,42000,1395000
car,Hyundai,Sonata,2000,Automatic,Petrol,2000,120000,1350000
pickup,Mahindra,Bolero,2014,Manual,Diesel,2500,50000,1750000
pickup,Mahindra,Bolero,2013,Manual,Diesel,2500,46530,1275000
car,Daihatsu,Mira,2017,Automatic,Petrol,650,8000,3850000
van,Suzuki,Every,2018,Automatic,Petrol,650,10000,3590000
car,Toyota,Carina,2000,Manual,Petrol,1500,150000,1950000
car,Perodua,Axia,2015,Automatic,Petrol,1000,68000,2990000
car,Honda,Fit GP1,2012,Automatic,Hybrid,1300,98000,3400000
car,Suzuki,Wagon R Stingray,2017,Automatic,Hybrid,650,36000,3195000
car,Toyota,Axio,2013,Automatic,Hybrid,1500,83000,4725000
suv,Nissan,X-Trail,2015,Automatic,Hybrid,2000,20000,5850000
suv,Mitsubishi,Montero Sport,2011,Automatic,Diesel,2500,66000,8750000
car,Toyota,Prius,2016,Automatic,Hybrid,1800,23000,6700000
car,Toyota,Prius,2008,Automatic,Hybrid,1800,190000,2900000
car,Suzuki,Alto 800,2007,Manual,Petrol,800,90000,1390000
van,Nissan,Lion Face,2001,Manual,Diesel,2200,240300,2950000
van,Toyota,KDH,2017,Automatic,Diesel,3000,70000,9950000
car,Suzuki,Wagon R Stingray,2015,Automatic,Hybrid,650,59000,2975000
pickup,Mahindra,Bolero Maxi Truck,2016,Manual,Diesel,2500,41000,2300000
pickup,Tata,Xenon,2016,Manual,Diesel,3000,24000,1825000
car,Nissan,Sunny N16,2004,Automatic,Petrol,1600,165000,2600000
van,Toyota,KDH 201,2012,Automatic,Diesel,3000,155000,7435000
car,Toyota,Aqua,2014,Automatic,Hybrid,1500,40000,4500000
car,Honda,Fit Shuttle,2013,Automatic,Petrol,1300,100000,4100000
suv,Honda,Vezel,2014,Automatic,Hybrid,1500,75000,4300000
car,Suzuki,Maruti Sport,2011,Manual,Petrol,800,98000,1290000
car,Toyota,Prius,2009,Automatic,Hybrid,1800,85000,3825000
car,Honda,Fit Shuttle,2013,Automatic,Hybrid,1300,81000,3490000
car,Suzuki,Alto,2015,Manual,Petrol,800,15500,1860000
suv,Honda,Vezel,2014,Automatic,Petrol,1500,60000,4650000
car,Toyota,Allion 260,2016,Automatic,Petrol,1500,48128,8295000
car,Suzuki,Wagon R,2014,Automatic,Petrol,650,30500,2985000
van,Daihatsu,Hijet,2003,Manual,Petrol,650,160500,1485000
car,Hyundai,Sonata,2001,Automatic,Petrol,2000,128900,1265000
car,Micro,Trend,2011,Manual,Petrol,1100,39000,1190000
car,Toyota,Prius,2011,Automatic,Hybrid,1800,98000,2850000
car,Nissan,Sunny N16,2007,Manual,Petrol,1300,101500,2600000
van,Nissan,NV200,2011,Automatic,Petrol,1600,140000,3750000
car,Honda,Fit,2011,Automatic,Hybrid,1300,90000,3015000
car,Toyota,Belta,2007,Automatic,Petrol,1300,150000,3350000
car,Suzuki,Alto,2015,Manual,Petrol,800,37000,1920000
car,Suzuki,Celerio,2016,Automatic,Petrol,1000,53200,2470000
car,Toyota,Axio G Grade,2016,Automatic,Hybrid,1500,31000,5800000
car,Suzuki,Alto,2015,Manual,Petrol,800,20000,1930000
car,Micro,MX 7,2014,Manual,Petrol,1500,140000,1800000
van,Toyota,Dolphin,2002,Manual,Diesel,3000,203500,6100000
car,Toyota,Prius,2011,Automatic,Hybrid,1800,156000,4250000
pickup,Mahindra,Bolero,2012,Manual,Diesel,2500,38000,1100000
car,Suzuki,Maruti,2004,Manual,Petrol,800,72000,915000
van,Toyota,Voxy,2014,Automatic,Hybrid,1800,55500,6950000
van,Suzuki,Every DA64,2006,Automatic,Petrol,800,137000,2185000
car,Nissan,Bluebird,2001,Automatic,Petrol,1800,222000,1730000
car,Suzuki,Alto 800,2015,Manual,Petrol,800,77000,1750000
car,Toyota,Aqua,2012,Automatic,Petrol,1500,47000,3075000
car,Toyota,Corolla 141,2008,Automatic,Petrol,1600,101000,3750000
van,Nissan,Caravan,2000,Manual,Diesel,2000,86000,4500000
car,Suzuki,Alto 800,2015,Manual,Petrol,800,46500,1850000
car,Suzuki,Wagon R,2018,Automatic,Hybrid,650,21000,3680000
car,Honda,Fit,2007,Automatic,Petrol,1300,180000,2575000
car,Hyundai,Sonata,2000,Automatic,Petrol,2000,206432,1275000
car,Mazda,Axela,2015,Automatic,Hybrid,2000,130000,5500000
car,Honda,Grace,2017,Automatic,Petrol,1500,68000,5900000
van,Nissan,Caravan,2000,Manual,Diesel,2500,200000,4900000
car,Suzuki,Alto,2015,Manual,Petrol,800,12500,2050000
car,Mazda,Familia,2004,Automatic,Petrol,1500,295230,1650000
car,Suzuki,Wagon R FZ,2017,Automatic,Petrol,650,40000,3285000
car,Suzuki,Wagon R,2018,Automatic,Petrol,650,10000,3250000
car,Suzuki,Alto,2014,Manual,Petrol,800,52500,1880000
car,Toyota,Prius,2010,Automatic,Hybrid,1800,112900,3175000
car,Suzuki,Wagon R Stingray,2017,Automatic,Petrol,650,45000,3535000
car,Honda,Grace,2014,Automatic,Petrol,1500,86430,4350000
car,Nissan,FB14,2000,Automatic,Petrol,1400,98600,1750000
car,Suzuki,Wagon R Stingray,2018,Automatic,Petrol,650,7900,2000000
car,Mitsubishi,CS1,2008,Manual,Petrol,1300,180000,2700000
van,Suzuki,Every,2017,Automatic,Petrol,650,13000,2975000
van,Suzuki,Every,2015,Automatic,Petrol,650,89000,3050000
car,Suzuki,Alto,2015,Manual,Petrol,650,85000,1995000
car,Toyota,Soluna,2001,Manual,Petrol,1500,125000,1425000
suv,Kia,Sportage,2007,Automatic,Diesel,1900,124000,3725000
car,Micro,Panda,2016,Manual,Petrol,1000,1500,1875000
suv,Mitsubishi,Outlander,2013,Automatic,Petrol,2400,87000,6290000
car,Nissan,N16,2004,Automatic,Petrol,1500,140000,2250000
car,Toyota,Corolla 121,2001,Automatic,Petrol,1500,230000,2750000
car,Suzuki,Alto,2006,Manual,Petrol,800,76000,1495000
car,Honda,City,2000,Manual,Petrol,1500,250000,1725000
van,Suzuki,Every,2007,Automatic,Petrol,650,170000,2150000
car,Toyota,Prius,2011,Automatic,Hybrid,1800,91000,4150000
car,Suzuki,Alto,2015,Manual,Petrol,800,47000,1950000
van,Toyota,KDH Super GL,2007,Automatic,Diesel,3000,220000,6490000
car,Nissan,FB15,2000,Automatic,Petrol,1300,205000,2050000
car,Honda,Civic FD4,2011,Automatic,Petrol,1600,221000,4100000
car,Perodua,Viva Elite,2011,Automatic,Petrol,1000,170000,1975000
car,Toyota,Axio,2016,Automatic,Hybrid,1500,97000,4270000
suv,Kia,Sportage,2007,Automatic,Diesel,2000,145000,3650000
car,Suzuki,Alto Sport,2009,Manual,Petrol,800,68000,1425000
car,Suzuki,Wagon R,2014,Automatic,Hybrid,650,97000,2860000
pickup,Tata,Xenon,2016,Manual,Diesel,3000,73000,1700000
suv,Hyundai,Santa Fe,2010,Automatic,Petrol,2400,90000,3985000
car,Suzuki,Alto,2014,Manual,Petrol,800,52000,1890000
car,Suzuki,Celerio ZXI,2018,Automatic,Petrol,1000,8136,3050000
car,Honda,Civic,2018,Automatic,Petrol,1000,27000,6375000
pickup,Mahindra,Bolero,2012,Manual,Diesel,2500,75000,1375000
car,Nissan,N17,2006,Automatic,Petrol,1500,129946,2975000
car,Suzuki,Alto 800,2015,Manual,Petrol,800,58000,1875000
van,Suzuki,Spacia Custom,2015,Automatic,Hybrid,650,54000,2865000
car,Honda,N Box,2016,Automatic,Petrol,650,47200,4100000
car,Suzuki,Alto,2015,Manual,Petrol,800,73000,1775000
car,Suzuki,Maruti 800,2011,Manual,Petrol,800,88000,1190000
car,Suzuki,Celerio,2015,Automatic,Petrol,1000,77000,2225000
car,Suzuki,Wagon R Stingray,2018,Automatic,Petrol,650,23000,3725000
suv,Honda,Vezel Z Orange,2014,Automatic,Petrol,1500,57000,5275000
car,Toyota,Aqua S Grade,2013,Automatic,Hybrid,1500,61632,3250000
car,Suzuki,Alto Japan,2004,Automatic,Petrol,650,90000,1890000
van,Toyota,Hiace,2001,Manual,Diesel,3000,400000,4000000
car,Toyota,Premio G Superior,2019,Automatic,Petrol,1500,10000,11150000
van,Daihatsu,Hijet,2001,Manual,Petrol,650,110000,1575000
car,Suzuki,Wagon R,2015,Automatic,Petrol,650,62000,2750000
car,Mitsubishi,Lancer CS1,2005,Automatic,Petrol,1300,100000,3700000
suv,Hyundai,Tuscon,2011,Automatic,Diesel,2000,107000,5000000
van,Suzuki,Every,2008,Automatic,Petrol,650,101000,2650000
car,Micro,Panda,2014,Manual,Petrol,1000,68972,1475000
car,Suzuki,Alto,2016,Manual,Petrol,800,51263,2170000
suv,Kia,Sorento,2004,Manual,Diesel,2500,151384,2995000
car,Toyota,Axio,2007,Automatic,Petrol,1500,76000,3850000
car,Toyota,Vitz,2015,Automatic,Petrol,1000,86000,4675000
car,Toyota,Vitz,2017,Automatic,Petrol,1000,55000,4850000
car,Suzuki,Maruti,2006,Manual,Petrol,800,61000,1135000
car,Nissan,March K11,2000,Automatic,Petrol,1000,92000,1610000
suv,Kia,Sorento,2011,Automatic,Diesel,2200,150000,5500000
car,Nissan,Wingroad,2000,Manual,Petrol,1500,160000,1730000
car,Hyundai,Accent,2002,Manual,Petrol,1500,163000,1275000
pickup,Mitsubishi,L200,2011,Automatic,Diesel,2500,13000,4500000
car,Suzuki,Wagon R Stingray,2017,Automatic,Petrol,650,29000,3595000
car,Suzuki,Alto,2017,Automatic,Petrol,650,6200,3500000
car,Suzuki,Wagon R FZ,2018,Automatic,Hybrid,650,50000,3300000
car,Toyota,Corolla 121,2002,Automatic,Petrol,1500,199000,2865000
car,Toyota,Premio G Superior,2016,Automatic,Petrol,1500,69000,8750000
car,Suzuki,Swift,2004,Manual,Petrol,1300,130000,2150000
car,Toyota,Corolla 121,2001,Automatic,Petrol,1500,120000,3185000
car,Suzuki,Wagon R Stingray,2017,Automatic,Hybrid,650,32000,3725000
car,Suzuki,Wagon R FZ,2018,Automatic,Hybrid,650,47000,2950000
car,Zotye,Z100,2020,Manual,Petrol,1000,1000,2120000
car,Toyota,Premio,2014,Automatic,Petrol,1500,64400,7250000
van,Toyota,KDH 201,2014,Automatic,Diesel,2000,116970,7700000
van,Toyota,KDH GL,2014,Automatic,Diesel,3000,148000,8600000
suv,Honda,HRV,2000,Automatic,Petrol,1600,145000,2790000
car,Nissan,Leaf,2013,Automatic,Electric,70,55000,1675000
van,Nissan,Vanette,2002,Manual,Diesel,1600,200000,3150000
car,Daihatsu,Move,2017,Automatic,Petrol,650,19500,3275000
car,Toyota,Allion,2017,Automatic,Petrol,1500,22300,8000000
van,Suzuki,Every,2000,Automatic,Petrol,650,150000,1575000
car,Suzuki,Wagon R Stingray,2018,Automatic,Hybrid,650,31000,3675000
car,Nissan,March K11,2002,Automatic,Petrol,1000,192000,1750000
car,Toyota,Vitz,2015,Automatic,Petrol,1000,58000,4450000
car,Suzuki,Maruti,2000,Manual,Petrol,800,130700,960000
car,Toyota,Aqua,2013,Automatic,Petrol,1500,90100,3400000
car,Toyota,Axio,2008,Automatic,Petrol,1500,148000,3500000
car,Hyundai,Eon,2015,Manual,Petrol,800,69335,1950000
car,Suzuki,Alto,2004,Automatic,Petrol,650,115000,1625000
car,Toyota,Passo,2004,Automatic,Petrol,1000,127000,2150000
car,Suzuki,Wagon R Stingray,2017,Automatic,Petrol,650,47000,3100000
car,Toyota,Corolla 141,2008,Automatic,Petrol,1500,75000,3100000
car,Suzuki,Alto,2009,Manual,Petrol,800,72000,1575000
car,Nissan,March AK12,2007,Automatic,Petrol,1300,88700,2375000
car,Suzuki,Wagon R FX,2018,Automatic,Hybrid,650,49000,3260000
car,Honda,Civic,2013,Automatic,Hybrid,1300,110000,3100000
car,Suzuki,Wagon R,2017,Automatic,Hybrid,650,6500,3770000
car,Suzuki,Maruti 800,2011,Manual,Petrol,800,68000,1275000
car,Tata,Nano,2011,Manual,Petrol,650,58000,750500
car,Toyota,Vitz,2015,Automatic,Petrol,1000,38000,4450000
van,Toyota,Voxy,2015,Automatic,Hybrid,1800,79000,7400000
car,Toyota,Vitz,2016,Automatic,Petrol,1000,53000,4400000
car,Suzuki,Alto,2008,Manual,Petrol,800,104300,1450000
car,Honda,Grace,2016,Automatic,Petrol,1500,25000,5600000
car,Toyota,Vitz,2007,Automatic,Petrol,1000,72300,3080000
car,Suzuki,Alto 800 LXI,2016,Manual,Petrol,800,80000,1850000
car,Suzuki,Wagon R Stingray,2017,Automatic,Hybrid,650,54000,2550000
car,Toyota,Carina,2000,Automatic,Petrol,1500,135230,3300000
car,Toyota,Allion,2012,Automatic,Petrol,1500,140000,6225000
car,Suzuki,Alto,2011,Manual,Petrol,800,64000,1650000
pickup,Nissan,Navara Aventura,2010,Automatic,Diesel,3000,119500,6250000
car,Toyota,Axio,2016,Automatic,Hybrid,1500,48000,5825000
van,Toyota,KDH 201,2012,Automatic,Diesel,3000,130333,7650000
van,Toyota,KDH,2005,Automatic,Diesel,3000,225000,6200000
car,Mitsubishi,Lancer CS1,2008,Manual,Petrol,1300,106331,2490000
car,Suzuki,Wagon R Stingray,2015,Automatic,Petrol,650,60000,2950000
car,Suzuki,Maruti,2007,Manual,Petrol,800,71000,1060000
car,Suzuki,Alto K10,2011,Manual,Petrol,1000,102700,1650000
car,Mitsubishi,CS1,2008,Manual,Petrol,1300,166000,2385000
car,Suzuki,Wagon R,2017,Automatic,Hybrid,650,14000,3350000
car,Toyota,Prius,2010,Automatic,Petrol,1800,169000,3050000
car,Suzuki,Wagon R,2016,Automatic,Hybrid,650,39400,2890000
pickup,Mahindra,Bolero,2015,Manual,Diesel,2500,37065,2095000
van,Toyota,KDH,2007,Manual,Diesel,2500,130000,5500000
car,Perodua,Kenari,2008,Automatic,Petrol,1000,105000,1715000
car,Suzuki,Alto Sport,2011,Manual,Petrol,800,37000,1600000
car,Suzuki,Maruti 800,2006,Manual,Petrol,800,52000,1060000
car,Suzuki,Maruti,2006,Manual,Petrol,800,56000,1100000
van,Nissan,Vanette,2003,Manual,Diesel,1300,300000,2450000
car,Suzuki,Alto K10,2016,Automatic,Petrol,1000,34962,2525000
car,Nissan,Bluebird,2004,Automatic,Petrol,1500,102314,2900000
car,Suzuki,Liana,2004,Manual,Petrol,1500,170000,1880000
suv,Toyota,CHR GT TURBO,2018,Automatic,Petrol,1200,42000,7300000
car,Suzuki,Maruti,2006,Manual,Petrol,800,45760,1040000
car,Suzuki,Wagon R,2007,Manual,Petrol,650,70400,1750000
car,Hyundai,Elantra,2000,Automatic,Petrol,1600,200000,1275000
car,Suzuki,Wagon R Stingray,2017,Automatic,Hybrid,650,44500,3580000
car,Kia,Spectra,2004,Manual,Petrol,1600,110600,1385000
suv,Honda,Vezel,2017,Automatic,Hybrid,1500,58000,6550000
car,Mazda,Demio,2008,Automatic,Petrol,1300,112000,2325000
car,Nissan,Sunny FB15,2000,Manual,Petrol,1500,180000,1950000
suv,Nissan,X-Trail,2015,Automatic,Petrol,2000,54000,5550000
car,Suzuki,Wagon R FX,2017,Automatic,Hybrid,650,27500,3330000
pickup,Toyota,Hilux,2006,Manual,Diesel,2500,135000,4750000
pickup,Mahindra,Bolero,2015,Manual,Diesel,2500,65000,1825000
van,Nissan,Lion Face,2003,Manual,Diesel,2200,230000,3050000
suv,Honda,HRV,2000,Automatic,Petrol,1600,146000,2700000
car,Toyota,Aqua,2015,Automatic,Hybrid,1500,110000,3775000
car,Chery,QQ,2007,Manual,Petrol,800,80953,925000
van,Suzuki,Every,2013,Automatic,Petrol,650,71245,2965000
car,Suzuki,Wagon R,2014,Automatic,Petrol,650,60000,2750000
car,Suzuki,Wagon R Stingray,2018,Automatic,Hybrid,650,47000,3175000
car,Nissan,Sunny FB15,2003,Automatic,Petrol,1500,118500,2650000
car,Micro,Panda,2015,Manual,Petrol,1000,24100,1575000
car,Toyota,Aqua,2012,Automatic,Petrol,1500,134000,2750000
car,Micro,Trend,2012,Manual,Petrol,1000,100000,1175000
car,Toyota,Premio,2013,Automatic,Petrol,1500,100000,7150000
car,Perodua,Viva Elite,2011,Automatic,Petrol,1000,110000,2225000
car,Toyota,Vitz Edition 3,2019,Automatic,Petrol,1000,2500,5875000
car,Suzuki,Wagon R,2018,Automatic,Petrol,650,27000,3390000
car,Chevrolet,Cruze,2002,Automatic,Petrol,1300,150000,1890000
car,Suzuki,Wagon R Stingray,2018,Automatic,Petrol,650,41000,3650000
van,Toyota,Hiace,2000,Manual,Diesel,3000,200000,4950000
van,Hyundai,H100,2001,Manual,Diesel,2000,225000,2175000
suv,Honda,Vezel,2017,Automatic,Hybrid,1500,50000,7100000
car,Suzuki,Maruti,2011,Manual,Petrol,800,74000,1320000
car,Toyota,Premio G Superior,2014,Automatic,Petrol,1500,62000,7490000
van,Suzuki,Spacia,2018,Automatic,Petrol,650,50000,2550000
car,Mitsubishi,Lancer,2008,Automatic,Petrol,1600,120000,4400000
car,Toyota,Axio,2017,Automatic,Hybrid,1500,36000,5875000
car,Micro,Panda LC 1.0,2016,Manual,Petrol,1000,19500,1520000
car,Toyota,Prius,2014,Automatic,Hybrid,1800,92000,4200000
car,Suzuki,Swift,2007,Automatic,Petrol,1300,80000,2985000
car,Suzuki,Wagon R FZ,2016,Automatic,Hybrid,650,33200,2975000
van,Suzuki,Every,2016,Automatic,Petrol,650,41500,3450000
car,Toyota,Aqua,2015,Automatic,Hybrid,1500,118000,4200000
car,Chevrolet,Aveo,2010,Manual,Petrol,1400,167000,2200000
car,Suzuki,Wagon R,2016,Automatic,Petrol,650,62000,2800000
car,Mazda,Demio,2009,Automatic,Petrol,1300,130000,2875000
car,Nissan,N17,2010,Manual,Petrol,1300,200000,2775000
pickup,Mahindra,Bolero,2013,Manual,Diesel,2500,95000,1425000
car,Toyota,Prius,2011,Automatic,Petrol,1800,54475,3850000
car,Toyota,Axio,2015,Automatic,Hybrid,1500,61000,4525000
car,Toyota,Premio,2010,Automatic,Petrol,1500,113000,5890000
suv,Mitsubishi,Montero,2000,Manual,Diesel,3000,250000,6990000
car,Toyota,Vitz,2018,Automatic,Petrol,1000,55000,4950000
car,Suzuki,Wagon R Stingray,2015,Automatic,Hybrid,650,92000,3100000
suv,Mitsubishi,Montero,2002,Automatic,Diesel,2800,132000,7200000
car,Renault,KWID RXT,2016,Manual,Petrol,800,41000,1000000
car,Honda,Fit Shuttle,2012,Automatic,Petrol,1300,75000,3900000
car,Nissan,Bluebird,2000,Manual,Diesel,2000,260000,1600000
van,Toyota,KDH,2008,Automatic,Diesel,2500,142000,6600000
van,Toyota,KDH 200,2005,Automatic,Diesel,2500,240000,5890000
car,Nissan,March AK12,2003,Automatic,Petrol,1300,88000,1875000
car,Mazda,3,2007,Manual,Petrol,1500,150160,3550000
pickup,Mahindra,Bolero,2016,Manual,Diesel,2500,19000,2500000
van,Toyota,KDH 201,2015,Automatic,Diesel,3000,85400,9425000
car,Suzuki,Wagon R Stingray,2017,Automatic,Hybrid,650,31500,3670000
car,Toyota,Aqua,2014,Automatic,Petrol,1500,75000,3400000
car,Toyota,Allion,2011,Automatic,Petrol,1500,83000,6090000
car,Mazda,Axela,2014,Automatic,Hybrid,2000,70000,5475000
car,Toyota,Aqua,2014,Automatic,Petrol,1500,46000,3980000
van,Suzuki,Every,2017,Automatic,Petrol,650,22000,3350000
car,Nissan,Cefiro,2000,Manual,Petrol,2000,200000,1475000
car,Suzuki,Alto K10,2011,Manual,Petrol,1000,61000,1650000
car,Toyota,Corolla,2002,Automatic,Petrol,1500,150000,2275000
van,Suzuki,Every,2003,Automatic,Petrol,650,52900,2785000
car,Toyota,Allion,2010,Automatic,Petrol,1500,97000,4790000
car,Suzuki,Wagon R Stingray,2018,Automatic,Hybrid,650,33500,3675000
car,Micro,Panda,2015,Manual,Petrol,1000,21500,1450000
car,Suzuki,Wagon R FX,2017,Automatic,Petrol,650,16600,3225000
car,Micro,Panda,2015,Manual,Petrol,1000,50100,1495000
car,Toyota,Vitz,2012,Automatic,Petrol,1000,73200,4000000
car,Suzuki,Alto 800 LXI,2016,Manual,Petrol,800,21000,2100000
car,Toyota,Belta,2008,Automatic,Petrol,1300,140000,3550000
van,Toyota,KR42,2000,Manual,Petrol,1800,127000,3075000
car,Nissan,N16,2003,Automatic,Petrol,1600,130000,2700000
car,Suzuki,Maruti,2010,Manual,Petrol,800,12900,1175000
van,Nissan,Clipper,2017,Automatic,Petrol,650,58500,3150000
car,Toyota,Premio,2013,Automatic,Petrol,1500,76500,6090000
car,Daihatsu,Mira,2000,Automatic,Petrol,650,100000,1400000
car,Toyota,Prius S Grade,2012,Automatic,Hybrid,1800,85000,5040000
van,Nissan,Vanette,2008,Automatic,Petrol,1800,190000,3300000
car,Honda,Fit GP1,2003,Automatic,Petrol,1300,127000,2450000
car,Tata,Nano,2012,Manual,Petrol,650,112000,750000
pickup,Mahindra,Bolero,2013,Manual,Diesel,1500,110000,1525000
car,Nissan,FB15,2001,Automatic,Petrol,1300,137000,2150000
van,Suzuki,Every,2000,Manual,Petrol,650,71000,1795000
car,Toyota,Axio WXB,2016,Automatic,Hybrid,1500,52000,6500000
car,Chery,QQ,2006,Manual,Petrol,800,84570,850000
car,Hyundai,Eon,2015,Manual,Petrol,800,30000,1925000
car,Suzuki,Alto Japan,2007,Automatic,Petrol,650,142000,1925000
car,Chery,QQ,2012,Manual,Petrol,800,58700,875000
car,Honda,Fit GP1,2015,Automatic,Hybrid,1300,118000,3200000
car,Tata,Nano,2015,Manual,Petrol,650,59000,995000
car,Suzuki,Swift,2002,Automatic,Petrol,1300,160000,2175000
van,Nissan,Vanette,2007,Automatic,Diesel,2200,248000,3450000
van,Suzuki,Every,2014,Automatic,Petrol,650,42000,3550000
car,Suzuki,Maruti,2011,Manual,Petrol,800,93000,1260000
suv,Hyundai,Santa Fe,2007,Manual,Diesel,2200,129000,3800000
car,Suzuki,Wagon R,2014,Automatic,Hybrid,650,68000,2825000
pickup,Toyota,Hilux,2007,Manual,Diesel,2500,140000,5975000
van,Mitsubishi,Mini Cab,2007,Automatic,Petrol,650,88300,2190000
car,Toyota,Vios,2004,Automatic,Petrol,1500,134000,2760000
car,Toyota,Belta,2007,Automatic,Petrol,1000,89000,3445000
car,Honda,N Box,2016,Automatic,Petrol,650,41000,3475000
car,Toyota,Carina,2001,Manual,Petrol,1800,315000,2775000
car,Suzuki,Zen,2002,Manual,Petrol,1000,141000,950000
car,Suzuki,Wagon R,2015,Automatic,Hybrid,650,50000,2875000
car,Toyota,Prius,2015,Automatic,Hybrid,1800,27000,4990000
car,Nissan,March K11,2001,Automatic,Petrol,1000,121000,1790000
car,Suzuki,Wagon R,2014,Automatic,Hybrid,650,45000,2525000
car,Chevrolet,Aveo,2011,Manual,Petrol,1400,96000,2650000
car,Honda,Fit GP5,2013,Automatic,Hybrid,1500,66000,4100000
car,Suzuki,Maruti 800,2012,Manual,Petrol,800,85000,1225000
car,Micro,MX 7,2013,Manual,Petrol,1500,155000,1550000
car,Toyota,Allion 260,2011,Automatic,Petrol,1500,88000,5475000
car,Toyota,Tank,2018,Automatic,Petrol,1000,20000,5100000
car,Toyota,Prius S Touring,2010,Automatic,Hybrid,1800,95000,3650000
car,Suzuki,Maruti 800,2005,Manual,Petrol,800,88000,1035000
car,Toyota,Prius W,2008,Automatic,Hybrid,1500,150000,2890000
suv,Honda,Vezel,2014,Automatic,Hybrid,1500,98040,4750000
suv,Honda,Vezel,2014,Automatic,Hybrid,1500,106000,5200000
car,Suzuki,Alto,2012,Manual,Petrol,800,67000,1585000
car,Toyota,Axio X Grade,2014,Automatic,Hybrid,1500,78000,3900000
car,Nissan,Sunny,2000,Automatic,Petrol,1500,120400,2185000
car,Suzuki,Maruti,2005,Manual,Petrol,800,75000,1125000
car,Toyota,Vitz,2009,Automatic,Petrol,1000,88500,2750000
car,Toyota,Premio G Superior,2017,Automatic,Petrol,1500,26000,10500000
car,Honda,Insight,2009,Automatic,Hybrid,1300,120000,3390000
car,Suzuki,Wagon R FZ,2017,Automatic,Petrol,650,1800,3550000
van,Toyota,Townace Noah,2001,Manual,Diesel,1800,282431,2700000
car,Toyota,Vitz,2018,Automatic,Petrol,1000,53000,5190000
car,Perodua,Viva Elite,2011,Manual,Petrol,1000,25750,1795000
car,Toyota,Allion,2010,Automatic,Petrol,1500,92700,5650000
van,Toyota,KDH GL,2007,Automatic,Hybrid,2500,386422,6250000
car,Suzuki,Maruti,2005,Manual,Petrol,800,64000,1050000
car,Nissan,N16,2002,Manual,Petrol,1500,160000,1990000
car,Suzuki,Alto K10,2015,Manual,Petrol,1000,40000,2125000
car,Nissan,Leaf G Grade,2012,Automatic,Electric,70,57000,1450000
car,Suzuki,Maruti,2011,Manual,Petrol,800,87000,1285000
car,Toyota,Aqua,2013,Automatic,Hybrid,1500,132000,3425000
car,Toyota,Premio,2012,Automatic,Petrol,1500,145000,6375000
pickup,Tata,207,2011,Manual,Diesel,3000,60000,1025000
car,Toyota,Prius S Touring,2014,Automatic,Hybrid,1800,92000,4500000
car,Nissan,Leaf,2017,Automatic,Electric,70,7400,4475000
car,Suzuki,Wagon R FZ,2018,Automatic,Petrol,650,17500,2300000
pickup,Mitsubishi,L200 Sportero,2014,Manual,Diesel,2500,140000,5800000
car,Nissan,FB15 Super Saloon,2003,Automatic,Petrol,2500,121000,3000000
car,Toyota,Vitz Edition 3,2018,Automatic,Petrol,1000,19500,5490000
car,Toyota,Vitz,2017,Automatic,Petrol,1000,31000,4825000
car,Nissan,Sunny N16,2000,Automatic,Petrol,1300,120000,2300000
car,Suzuki,Wagon R Stingray,2014,Automatic,Hybrid,650,47000,2885000
car,Nissan,N16,2002,Manual,Petrol,1500,160000,2050000
car,Toyota,Aqua S Grade,2012,Automatic,Hybrid,1500,96000,3295000
van,Nissan,Clipper,2014,Automatic,Petrol,650,42000,3450000
car,Suzuki,Alto 800,2015,Manual,Petrol,800,51000,2025000
suv,Nissan,X-Trail,2016,Automatic,Hybrid,2000,38000,6650000
van,Suzuki,Every,2015,Automatic,Petrol,650,68500,2640000
suv,Nissan,X-Trail,2015,Automatic,Hybrid,2000,84000,6485000
car,Toyota,Aqua G Grade,2013,Automatic,Hybrid,1500,88000,3975000
van,Daihatsu,Hijet,2003,Manual,Petrol,650,100000,1500000
car,Toyota,Axio,2013,Automatic,Hybrid,1500,88000,4500000
car,Toyota,Vitz,2007,Automatic,Petrol,1000,124000,3150000
car,Suzuki,Wagon R Stingray,2014,Automatic,Petrol,650,58000,2600000
car,Chery,QQ,2006,Manual,Petrol,800,36000,795000
car,Chevrolet,Aveo,2008,Manual,Petrol,1300,67000,1500000
car,Suzuki,Swift,2010,Automatic,Petrol,1300,58000,3000000
car,Tata,Nano,2012,Manual,Petrol,650,259000,850000
suv,Nissan,X-Trail,2016,Automatic,Hybrid,2000,69000,6925000
car,Toyota,Aqua,2012,Automatic,Petrol,1500,117000,2850000
car,Suzuki,Alto,2003,Manual,Petrol,1000,100000,1150000
car,Nissan,N16 Super Saloon,2000,Automatic,Petrol,1600,97412,2300000
car,Toyota,Premio G Superior,2015,Automatic,Petrol,1500,36000,7975000
car,Suzuki,Wagon R,2015,Automatic,Hybrid,650,31000,2550000
car,Suzuki,Wagon R Stingray,2017,Automatic,Petrol,650,66000,3540000
car,Toyota,Allion 260,2007,Automatic,Petrol,1800,150000,4600000
car,Suzuki,Wagon R FX,2017,Automatic,Hybrid,650,57500,3075000
car,Suzuki,Alto 800 LXI,2009,Manual,Petrol,800,105943,1485000
van,Toyota,KDH 201,2015,Automatic,Diesel,3000,85000,9425000
car,Micro,Panda,2015,Manual,Petrol,1000,48000,1650000
van,Suzuki,Every,2005,Automatic,Petrol,650,165000,1690000
car,Suzuki,Wagon R FZ,2014,Automatic,Petrol,650,63000,2485000
suv,Honda,CRV,2006,Automatic,Petrol,2400,80000,4600000
suv,Toyota,Harrier,2008,Automatic,Petrol,2300,108020,5575000
car,Toyota,Aqua,2013,Automatic,Hybrid,1500,107000,3480000
car,Suzuki,Wagon R,2018,Automatic,Petrol,650,65000,3075000
van,Mazda,Bongo,2002,Manual,Diesel,2200,145000,2560000
van,Toyota,Noah KR42,2006,Automatic,Petrol,1700,93000,4150000
car,Kia,Rio,2004,Automatic,Petrol,1500,180000,1450000
car,Mazda,Familia BJ5P,2002,Manual,Petrol,1300,180000,1975000
car,Toyota,Yaris,2006,Automatic,Petrol,1300,134000,3450000
van,Nissan,Caravan,2012,Automatic,Diesel,3000,315000,2950000
suv,Honda,Vezel,2014,Automatic,Petrol,1500,69080,5180000
car,Mazda,6,2002,Automatic,Petrol,2000,178000,2250000
car,Suzuki,Wagon R Stingray,2018,Automatic,Hybrid,650,16900,3275000
car,Honda,Grace EX,2015,Automatic,Hybrid,1500,95060,4850000
van,Hyundai,H100,2000,Manual,Diesel,2600,255000,1900000
car,Toyota,Axio X Grade,2007,Automatic,Petrol,1500,128720,3995000
car,Suzuki,Swift,2003,Automatic,Petrol,1300,145927,2150000
car,Suzuki,Alto,2006,Manual,Petrol,800,86000,1450000
car,Toyota,Axio X Grade,2011,Automatic,Petrol,1500,66000,4800000
car,Suzuki,Wagon R Stingray,2017,Automatic,Hybrid,650,29000,3625000
car,Toyota,Vitz,2016,Automatic,Petrol,1000,44800,4550000
car,Suzuki,Alto 800,2015,Manual,Petrol,800,65000,1755000
car,Suzuki,Maruti,2006,Manual,Petrol,800,56000,1050000
car,Suzuki,Swift,2002,Automatic,Petrol,1300,110000,1990000
van,Suzuki,Spacia Custom,2016,Automatic,Hybrid,650,90000,3450000
car,Mazda,6,2015,Automatic,Petrol,2000,23000,8600000
car,Micro,Panda,2015,Manual,Petrol,1000,42000,1425000
car,Toyota,Prius,2012,Automatic,Hybrid,1800,80000,4400000
car,Suzuki,Wagon R,2015,Automatic,Petrol,650,49000,2850000
car,Toyota,Premio,2000,Automatic,Diesel,1500,150000,2550000
car,Suzuki,Wagon R Stingray,2015,Automatic,Hybrid,650,37000,2565000
car,Suzuki,Maruti,2006,Manual,Petrol,800,59000,1050000
car,Toyota,Vios,2004,Manual,Petrol,1500,153500,2475000
van,Toyota,KDH Super GL,2016,Automatic,Diesel,3000,58000,9800000
suv,Toyota,CHR,2018,Automatic,Petrol,1200,24000,8700000
car,Suzuki,Maruti Zen,2006,Manual,Petrol,1000,80000,1425000
van,Suzuki,Every,2014,Automatic,Petrol,650,57000,3375000
suv,Nissan,X-Trail,2016,Automatic,Hybrid,2000,56000,6909000
car,Nissan,Sunny N17,2006,Manual,Petrol,1300,180000,2225000
car,Toyota,Prius,2010,Automatic,Hybrid,1800,129000,3640000
car,Perodua,Kenari,2007,Automatic,Petrol,1000,126000,1650000
car,Suzuki,Celerio,2014,Automatic,Petrol,1000,79200,2570000
pickup,Tata,Xenon,2016,Manual,Diesel,2000,57000,1775000
car,Kia,Rio,2002,Manual,Petrol,1500,116000,1275000
van,Toyota,KDH 201 Super GL,2011,Automatic,Diesel,3000,240000,7300000
car,Honda,Civic,2017,Automatic,Petrol,1000,39000,5890000
car,Toyota,Premio,2017,Automatic,Petrol,1500,43590,9478000
car,Suzuki,Wagon R Stingray,2016,Automatic,Hybrid,650,22000,3100000
car,Nissan,Sunny,2006,Automatic,Petrol,1500,125000,2550000
car,Toyota,Aqua,2013,Automatic,Hybrid,1500,47000,3250000
car,Suzuki,Swift,2004,Automatic,Petrol,1300,140000,2325000
car,Suzuki,Swift Center Antenna,2006,Automatic,Petrol,1300,101305,2595000
suv,Honda,Vezel,2016,Automatic,Hybrid,1500,67200,6900000
car,Toyota,Carina,2000,Automatic,Petrol,1500,190000,2700000
car,Toyota,Allion 260,2013,Automatic,Petrol,1500,100000,7050000
car,Micro,Panda,2014,Manual,Petrol,1000,31033,1500000
suv,Nissan,X-Trail,2007,Automatic,Petrol,2500,200000,3650000
car,Suzuki,Wagon R Stingray,2017,Automatic,Hybrid,650,18078,3900000
car,Toyota,Corolla 121,2002,Automatic,Petrol,1500,135000,3500000
car,Toyota,Allion,2007,Automatic,Petrol,1800,117000,4895000
suv,Honda,Vezel RS,2018,Automatic,Hybrid,1500,38000,8326900
car,Nissan,FB15,2002,Automatic,Petrol,1300,126000,2375000
car,Suzuki,Wagon R FX,2017,Automatic,Hybrid,650,61000,3050000
van,Toyota,Townace KR42,2000,Automatic,Petrol,1800,225000,3250000
car,Toyota,Allion,2018,Automatic,Petrol,1500,29000,9350000
car,Nissan,Leaf Azeo,2013,Automatic,Electric,70,22600,2350000
car,Toyota,Vitz,2017,Automatic,Petrol,1000,49470,4600000
van,Suzuki,Every,2014,Automatic,Petrol,650,72000,2750000
car,Toyota,Premio,2019,Automatic,Petrol,1500,2200,12090000
car,Toyota,Premio,2011,Automatic,Petrol,1500,76500,5975000
car,Suzuki,Wagon R FX,2017,Automatic,Hybrid,650,37000,2775000
car,Toyota,Allion,2018,Automatic,Petrol,1500,8000,7300000
car,Honda,Grace,2016,Automatic,Petrol,1500,95000,5000000
car,Suzuki,Alto,2009,Manual,Petrol,800,94000,1550000
car,Perodua,Viva Elite,2009,Manual,Petrol,650,78000,1675000
car,Suzuki,Omni,2006,Manual,Petrol,800,145000,1085000
car,Suzuki,Alto 800,2016,Manual,Petrol,800,43000,1995000
car,Honda,Grace,2018,Automatic,Hybrid,1500,24500,7000000
van,Toyota,KDH Dark Prime,2015,Automatic,Diesel,3000,68000,8750000
van,Toyota,KDH 201 Super GL,2013,Automatic,Diesel,3000,79505,8375000
car,Toyota,Passo,2009,Automatic,Petrol,1000,90000,2875000
van,Suzuki,Every,2007,Automatic,Petrol,650,86000,2390000
car,Suzuki,Wagon R Stingray,2014,Automatic,Petrol,650,47000,2475000
car,Toyota,Prius,2010,Automatic,Petrol,1800,67324,3975000
pickup,Mitsubishi,L200,2012,Manual,Diesel,2830,230000,4750000
suv,Toyota,CHR,2018,Automatic,Petrol,1200,27000,8385000
car,Honda,Grace EX,2014,Automatic,Hybrid,1500,81200,5150000
car,Hyundai,Accent,2006,Manual,Petrol,1300,130000,1425000
car,Toyota,Axio,2015,Automatic,Hybrid,1500,50000,4825000
car,Toyota,Aqua G Grade,2012,Automatic,Petrol,1500,45000,3500000
car,Tata,Nano,2011,Manual,Petrol,650,25000,925000
car,Suzuki,Wagon R Stingray,2018,Automatic,Petrol,650,70000,3090000
car,Toyota,Prius,2013,Automatic,Hybrid,1800,111000,4250000
suv,Kia,Sportage,2011,Automatic,Petrol,2000,85000,5350000
car,Suzuki,Maruti 800,2010,Manual,Petrol,800,84000,1275000
car,Toyota,Vios,2003,Automatic,Petrol,1500,110000,2490000
suv,Kia,Sportage,2010,Automatic,Petrol,1800,100000,4700000
car,Toyota,Corolla 121,2002,Automatic,Petrol,1500,118000,3575000
car,Suzuki,Wagon R Stingray,2016,Automatic,Hybrid,650,22000,3150000
car,Toyota,Pixis,2016,Automatic,Petrol,650,47000,3375000
car,Honda,Fit Shuttle,2012,Automatic,Hybrid,1300,90000,3550000
car,Toyota,Vitz Edition 3,2019,Automatic,Petrol,1000,9800,5590000
van,Toyota,KDH 201,2011,Automatic,Diesel,3000,136000,6850000
suv,Suzuki,Grand Vitara,2001,Manual,Petrol,2000,150000,2800000
car,Toyota,Premio G Superior,2013,Automatic,Petrol,1500,100000,5700000
suv,Honda,Vezel,2014,Automatic,Hybrid,1500,100000,4800000
pickup,Mahindra,Bolero,2017,Manual,Diesel,2500,50000,1825000
pickup,Toyota,Hilux,2007,Automatic,Diesel,3000,170000,6600000
car,Nissan,March AK12,2008,Automatic,Petrol,1300,100540,2550000
car,Honda,Insight,2010,Automatic,Petrol,1300,164000,3285000
car,Toyota,Vitz,2007,Automatic,Petrol,1000,56000,3075000
car,Toyota,Allion,2004,Automatic,Petrol,1500,116000,3825000
car,Nissan,March,2001,Automatic,Petrol,1000,160000,1750000
car,Kia,Carens,2004,Automatic,Petrol,1800,119605,1475000
pickup,Toyota,Hilux,2009,Manual,Diesel,2500,161716,3875000
van,Toyota,KDH 223,2015,Automatic,Diesel,3000,152000,8575000
van,Suzuki,Spacia,2017,Automatic,Petrol,650,26000,3825000
suv,Honda,Vezel RS Sensing,2016,Automatic,Hybrid,1500,63000,6860000
car,Perodua,Axia,2016,Automatic,Petrol,1000,66000,3190000
car,Toyota,Aqua,2012,Automatic,Hybrid,1500,99000,3800000
car,Suzuki,Maruti,2006,Manual,Petrol,800,92000,1100000
car,Honda,N Box,2016,Automatic,Petrol,650,16000,2975000
car,Honda,Fit Aria,2007,Automatic,Petrol,1500,150000,2650000
car,Toyota,Prius W,2015,Automatic,Hybrid,1500,106000,4650000
car,Toyota,Vitz KSP90,2009,Automatic,Petrol,1000,80000,3325000
car,Suzuki,Wagon R FZ,2015,Automatic,Hybrid,650,53000,2550000
car,Hyundai,Eon,2015,Manual,Petrol,800,39700,1875000
car,Perodua,Viva Elite,2012,Manual,Petrol,1000,24000,2350000
car,Suzuki,Wagon R,2017,Automatic,Petrol,650,40000,3045000
car,Toyota,Axio WXB,2018,Automatic,Hybrid,1500,20100,7200000
car,Toyota,Vitz,2007,Automatic,Petrol,1000,99000,3525000
car,Mahindra,KUV 100,2019,Manual,Petrol,1200,98,3350000
car,Toyota,Prius,2013,Automatic,Petrol,1800,76000,4825000
car,Suzuki,Alto Japan,2017,Automatic,Petrol,650,12800,2600000
suv,Honda,Vezel Z Grade,2014,Automatic,Petrol,1500,57000,4875000
car,Suzuki,Maruti,2005,Manual,Petrol,800,65000,1035000
car,Suzuki,Maruti 800,2006,Manual,Petrol,800,64000,1300000
car,Tata,Nano,2011,Manual,Petrol,650,180000,750000
van,Daihatsu,Hijet,2010,Automatic,Petrol,650,85000,2280000
car,Toyota,Allion 260,2007,Automatic,Petrol,1500,106000,4700000
car,Toyota,Corolla,2008,Automatic,Petrol,1600,153000,3100000
car,Honda,Civic,2003,Automatic,Petrol,1600,148000,2990000
car,Suzuki,Maruti,2012,Manual,Petrol,800,78000,1250000
car,Nissan,March K11,2001,Automatic,Petrol,1000,180000,1825000
car,Suzuki,Wagon R,2017,Automatic,Hybrid,650,23000,2650000
car,Suzuki,Swift,2003,Manual,Petrol,1300,155000,1775000
van,Nissan,Vanette,2008,Automatic,Petrol,1800,180000,2700000
suv,Mitsubishi,Montero,2001,Automatic,Petrol,3500,120000,6200000
car,Suzuki,Maruti,2006,Manual,Petrol,800,68000,1135000
suv,Nissan,X-Trail,2015,Automatic,Hybrid,2000,80000,5240000
car,Toyota,Prius 3rd Genaration,2009,Automatic,Hybrid,1800,145000,3850000
van,Nissan,Caravan,2000,Manual,Diesel,2500,24000,3700000
van,Toyota,Dolphin,2002,Automatic,Diesel,3000,209000,4350000
car,Nissan,Clipper,2012,Automatic,Petrol,650,90000,2850000
car,Nissan,March,2001,Automatic,Petrol,1000,140000,1650000
car,Honda,Fit GP5,2014,Automatic,Hybrid,1500,77400,4275000
car,Daihatsu,Mira,2018,Automatic,Petrol,650,8000,3990000
car,Toyota,Vitz,2007,Automatic,Petrol,1000,90000,3290000
car,Suzuki,Hustler,2015,Automatic,Petrol,650,33000,2625000
car,Suzuki,Wagon R FZ,2018,Automatic,Petrol,650,47000,3390000
car,Nissan,Tiida,2010,Automatic,Petrol,1500,155000,3200000
car,Toyota,Premio,2013,Automatic,Petrol,1500,80000,7275000
van,Nissan,Clipper,2016,Automatic,Petrol,650,34502,3400000
car,Kia,Spectra,2003,Automatic,Petrol,1600,78000,2450000
car,Tata,Nano,2011,Manual,Petrol,650,49000,790000
van,Suzuki,Spacia Custom,2016,Automatic,Petrol,650,103000,2980000
car,Toyota,Prius,2016,Automatic,Hybrid,1800,41000,7600000
car,Nissan,Leaf,2013,Automatic,Electric,70,63000,1375000
car,Suzuki,Maruti 800,2011,Manual,Petrol,800,31000,1275000
car,Perodua,Kelisa,2005,Automatic,Petrol,1000,111253,1850000
car,Toyota,Corolla 121,2001,Automatic,Petrol,1500,177000,3100000
car,Suzuki,Swift,2000,Manual,Petrol,1300,190000,1600000
car,Suzuki,Maruti,2002,Manual,Petrol,800,200000,890000
car,Suzuki,Alto,2015,Manual,Petrol,800,65000,1985000
car,Suzuki,Maruti Alto,2011,Manual,Petrol,800,70000,1570000
car,Nissan,FB15,2000,Automatic,Petrol,1500,218000,2250000
car,Suzuki,Maruti 800,2007,Manual,Petrol,800,123000,1090000
car,Suzuki,Wagon R,2007,Automatic,Petrol,650,65000,2800000
car,Toyota,Axio,2014,Automatic,Hybrid,1500,90000,4700000
car,Tata,Nano,2011,Manual,Petrol,650,79000,870000
suv,Toyota,CHR GT TURBO,2018,Automatic,Petrol,1200,10090,8600000
car,Suzuki,Swift,2006,Automatic,Petrol,1300,104440,2390000
car,Toyota,Vitz,2015,Automatic,Petrol,1000,50000,4325000
car,Toyota,Vitz,2007,Automatic,Petrol,1000,84000,3385000
pickup,Mahindra,Bolero,2018,Manual,Diesel,1500,24525,2540000
car,Daihatsu,Mira,2017,Automatic,Petrol,650,10200,3490000
car,Toyota,Aqua,2014,Automatic,Hybrid,1500,69000,3550000
car,Suzuki,Celerio,2015,Manual,Petrol,1000,110000,2350000
suv,Kia,Sorento,2012,Automatic,Diesel,1500,116000,7450000
suv,Daihatsu,Terios,2007,Manual,Petrol,1500,97000,3550000
van,Suzuki,Every,2017,Automatic,Petrol,650,40000,2675000
van,Nissan,Vanette,2004,Manual,Diesel,2200,100000,2250000
van,Suzuki,Every,2013,Automatic,Petrol,650,53519,2659000
car,Honda,Fit Shuttle,2013,Automatic,Hybrid,1300,90000,4390000
car,Chery,QQ,2009,Manual,Petrol,800,67800,975000
suv,Toyota,CHR,2017,Automatic,Petrol,1800,79061,8050000
car,Suzuki,Maruti,2005,Manual,Petrol,800,66600,1030000
car,Toyota,Prius,2008,Automatic,Hybrid,1800,85000,3300000
car,Suzuki,Hustler,2016,Automatic,Petrol,650,43000,2650000
car,Suzuki,Wagon R FZ,2017,Automatic,Petrol,650,40300,3175000
car,Toyota,Premio,2016,Automatic,Petrol,1500,50000,8450000
van,Suzuki,Every,2016,Automatic,Petrol,650,24057,3175000
car,Toyota,Aqua,2012,Automatic,Hybrid,1500,115000,3450000
car,Tata,Nano,2011,Manual,Petrol,650,180000,650000
car,Suzuki,Alto,2014,Manual,Petrol,800,65000,1750000
pickup,Mahindra,Bolero,2015,Manual,Diesel,2500,60000,2175000
van,Suzuki,Every,2001,Manual,Diesel,650,95000,1450000
van,Nissan,Caravan,2000,Manual,Diesel,2500,178800,4990000
car,Toyota,Corolla 141,2008,Manual,Diesel,2000,56000,4350000
car,Hyundai,Accent,2000,Manual,Petrol,1300,138000,1200000
car,Toyota,Premio,2017,Automatic,Petrol,1500,24000,10500000
car,Suzuki,Maruti 800,2006,Manual,Petrol,800,122000,1125000
car,Suzuki,Wagon R,2017,Automatic,Hybrid,650,32000,3350000
van,Toyota,KDH,2006,Automatic,Diesel,2500,330000,5850000
car,Toyota,Premio,2009,Automatic,Petrol,1500,117000,5200000
car,Mazda,3,2008,Automatic,Petrol,1500,136000,2950000
car,Toyota,Vitz,2016,Automatic,Petrol,1000,65000,4425000
car,Honda,Civic FD3,2013,Automatic,Hybrid,1300,100000,3450000
van,Toyota,KDH 201 Super GL,2011,Automatic,Diesel,3000,75000,7425000
van,Micro,MPV,2013,Manual,Petrol,1100,60000,1325000
car,Honda,Grace,2016,Automatic,Hybrid,1500,107600,6150000
car,Toyota,Axio,2014,Automatic,Hybrid,1500,68000,4350000
car,Honda,Fit GP1,2012,Automatic,Hybrid,1300,65000,2825000
car,Tata,Nano,2012,Manual,Petrol,650,54000,860000
car,Toyota,Aqua,2014,Automatic,Hybrid,1500,106600,4650000
car,Toyota,Corolla 121,2002,Automatic,Petrol,1500,145000,3450000
car,Suzuki,Maruti,2010,Manual,Petrol,800,70000,1160000
suv,Micro,Rexton,2009,Automatic,Diesel,2700,200000,4490000
car,Toyota,Corolla 121,2001,Automatic,Petrol,1800,169000,3375000
car,Honda,Fit GP5,2014,Automatic,Hybrid,1500,47900,4200000
car,Toyota,Aqua,2012,Automatic,Hybrid,1500,87000,3250000
van,Nissan,Vanette,2002,Manual,Diesel,2200,170000,2880000
van,Toyota,KDH 201,2017,Automatic,Diesel,3000,23000,9600000
car,Suzuki,Wagon R FX,2018,Automatic,Petrol,650,27900,2700000
car,Suzuki,Wagon R,2014,Automatic,Petrol,650,44000,2815000
car,Toyota,Allion,2002,Automatic,Petrol,1500,138000,3440000
car,Daihatsu,Mira,2017,Automatic,Petrol,650,35000,3390000
van,Nissan,Vanette,2006,Manual,Diesel,2000,300000,3100000
van,Toyota,Noah KR42,2005,Automatic,Diesel,2200,172456,3475000
van,Nissan,Vanette,2001,Automatic,Diesel,1000,200000,2900000
car,Toyota,Vitz,2007,Automatic,Petrol,1000,100000,2775000
car,Suzuki,Alto,2015,Manual,Petrol,800,59000,1875000
pickup,Toyota,Hilux,2018,Automatic,Diesel,2800,27000,13800000
car,Mahindra,KUV 100 NXT,2019,Manual,Petrol,1200,119,3250000
suv,Kia,Carens,2001,Automatic,Petrol,1800,156600,1600000
van,Nissan,Caravan,2001,Manual,Diesel,3000,177789,3350000
suv,Toyota,CHR,2017,Automatic,Hybrid,1800,8500,9690000
car,Toyota,Avanza,2012,Automatic,Petrol,1300,145000,4090000
car,Suzuki,Maruti Alto,2007,Manual,Petrol,800,110000,1490000
car,Honda,Fit GP5,2014,Automatic,Petrol,1500,115000,3900000
van,Hyundai,H100,2006,Manual,Diesel,2600,195200,2075000
van,Toyota,KDH 201 Super GL,2011,Automatic,Diesel,3000,76991,7950000
van,Suzuki,Every,2017,Automatic,Petrol,650,36220,2990000
van,Suzuki,Every DA64,2015,Automatic,Petrol,650,66500,3375000
car,Suzuki,Alto,2011,Manual,Petrol,800,62000,1450000
car,Suzuki,Wagon R FX,2017,Automatic,Petrol,650,25600,3175000
van,Toyota,Dolphin,2003,Automatic,Diesel,3000,61000,2850000
car,Toyota,Premio G Superior,2011,Automatic,Petrol,1500,127000,5975000
car,Mitsubishi,Galant,2002,Manual,Petrol,2000,136000,1725000
car,Honda,Fit Shuttle,2012,Automatic,Petrol,1300,105000,3750000
car,Toyota,Aqua G Grade,2014,Automatic,Hybrid,1500,113000,3990000
van,Suzuki,Every,2014,Automatic,Petrol,650,76665,2700000
car,Mitsubishi,Lancer CS1,2003,Automatic,Petrol,1300,210000,2350000
car,Micro,Panda,2014,Manual,Petrol,1000,52000,1480000
car,Nissan,N16,2007,Automatic,Petrol,1600,147000,2725000
car,Suzuki,Alto,2015,Automatic,Petrol,650,21754,3590000
van,Suzuki,Every,2013,Automatic,Petrol,650,71000,2790000
car,Toyota,Vitz,2017,Automatic,Petrol,1000,21000,4825000
suv,Kia,Sorento,2012,Automatic,Diesel,2200,78800,7850000
car,Suzuki,Maruti 800,2010,Manual,Petrol,800,37000,1155000
car,Suzuki,Wagon R ,2008,Manual,Petrol,650,85000,1585000
car,Perodua,Viva Elite,2012,Automatic,Petrol,1000,107000,2175000
van,Suzuki,Every,2006,Automatic,Petrol,650,54989,2100000
van,Toyota,Hiace,2018,Manual,Diesel,3000,22000,9500000
car,Renault,KWID,2017,Manual,Petrol,800,32700,1790000
car,Toyota,Allion,2007,Automatic,Petrol,1500,112000,4725000
pickup,Mitsubishi,L200 Sportero,2007,Manual,Diesel,2500,115000,4640000
car,Renault,KWID,2016,Manual,Petrol,800,34253,1965000
car,Suzuki,Wagon R FZ,2017,Automatic,Hybrid,650,20000,1400000
car,Perodua,Viva Elite Premium,2011,Automatic,Petrol,1000,90000,2175000
car,Toyota,Aqua G Sport,2013,Automatic,Hybrid,1500,92000,4200000
van,Suzuki,Every,2016,Automatic,Petrol,650,51000,3385000
van,Suzuki,Every,2012,Automatic,Petrol,650,61207,3010000
car,Toyota,Axio X Grade,2016,Automatic,Hybrid,1500,48000,5690000
car,Suzuki,Wagon R,2017,Automatic,Hybrid,650,22400,3675000
car,Toyota,Axio,2015,Automatic,Hybrid,1500,65000,5600000
van,Suzuki,Every,2012,Automatic,Petrol,650,62000,2750000
car,Suzuki,Swift,2004,Automatic,Petrol,1300,97500,2145000
car,Honda,Fit Shuttle,2014,Automatic,Hybrid,1300,84000,4375000
car,Toyota,Aqua,2014,Automatic,Petrol,1500,71000,4050000
car,Nissan,March K11,2005,Automatic,Petrol,1000,80000,1950000
car,Honda,Fit GP5,2014,Automatic,Hybrid,1500,51800,3560000
van,Nissan,Vanette,2006,Manual,Diesel,1900,190000,3350000
car,Toyota,Corolla 141,2008,Automatic,Petrol,1600,117000,3850000
van,Nissan,Caravan,2006,Automatic,Diesel,3000,270000,4450000
car,Honda,Freed,2014,Automatic,Hybrid,1500,66500,4560000
suv,Mahindra,KUV 100 NXT,2020,Manual,Petrol,1200,67,3250000
car,Suzuki,Alto Sport,2011,Manual,Petrol,800,91000,1675000
car,Suzuki,Swift,2007,Automatic,Petrol,1300,150000,2890000
car,Toyota,Axio,2015,Automatic,Hybrid,1500,57000,5550000
car,Suzuki,Alto,2015,Manual,Petrol,800,48521,1985000
car,Suzuki,Maruti,2007,Manual,Petrol,800,70000,1050000
car,Toyota,Premio,2014,Automatic,Petrol,1500,62000,7175000
car,Nissan,N16,2001,Automatic,Petrol,1500,120000,2145000
car,Honda,Grace EX,2015,Automatic,Hybrid,1500,48300,4975000
car,Toyota,Axio X Grade,2015,Automatic,Hybrid,1500,71000,4900000
car,Suzuki,Wagon R Stingray,2015,Automatic,Hybrid,650,42567,2800000
car,Mazda,Familia,2000,Automatic,Petrol,1500,140000,1790000
car,Toyota,Premio G Superior,2018,Automatic,Petrol,1500,42000,10150000
suv,Mitsubishi,Montero,2002,Automatic,Petrol,3500,146000,5825000
car,Tata,Indigo,2010,Manual,Petrol,1300,121000,1275000
car,Suzuki,Maruti 800,2011,Manual,Petrol,800,26500,1495000
suv,Daihatsu,Terios,2007,Manual,Petrol,1300,105000,3800000
van,Toyota,KDH 201,2015,Automatic,Diesel,3000,98100,9425000
car,Honda,Grace,2017,Automatic,Hybrid,1500,51000,5995000
car,Honda,Civic ES8,2004,Automatic,Petrol,1500,250000,2850000
car,Toyota,Prius 3rd Generation,2009,Automatic,Petrol,1800,114000,3625000
van,Toyota,KDH Super GL,2012,Automatic,Diesel,3500,155000,7700000
car,Nissan,March K12,2003,Automatic,Petrol,1300,145000,2300000
car,Nissan,Bluebird,2000,Manual,Diesel,2000,111500,1650000
car,Toyota,Corolla,2008,Automatic,Petrol,1600,126000,3750000
suv,Nissan,X-Trail,2015,Automatic,Hybrid,2000,59600,5500000
suv,Honda,HRV,2000,Automatic,Petrol,1600,175000,2850000
van,Nissan,Vanette,2006,Automatic,Petrol,1800,198998,2665000
car,Suzuki,Maruti 800,2006,Manual,Petrol,800,63380,1175000
van,Toyota,KDH,2016,Automatic,Diesel,3000,153000,8650000
suv,Hyundai,Tuscon,2007,Automatic,Diesel,2000,134266,3675000
car,Toyota,Axio,2016,Automatic,Hybrid,1500,53000,5475000
car,Suzuki,Swift,2010,Automatic,Petrol,1300,114000,2975000
van,Suzuki,Every,2014,Automatic,Petrol,650,88000,3425000
car,Toyota,Axio,2015,Automatic,Petrol,1500,78000,4490000
car,Toyota,Corolla 121,2006,Automatic,Petrol,1500,135620,3650000
car,Honda,Fit GP5,2014,Automatic,Hybrid,1500,91000,4190000
van,Suzuki,Every DA64,2016,Automatic,Petrol,650,45000,3425000
car,Toyota,Prius 3rd Generation,2013,Automatic,Petrol,1300,120000,3750000
van,Suzuki,Spacia G,2015,Automatic,Hybrid,650,43000,3285000
car,Hyundai,Accent,2000,Automatic,Petrol,1500,147500,1420000
car,Hyundai,Matrix,2001,Automatic,Petrol,1000,75000,1800000
suv,Mitsubishi,Montero,2013,Automatic,Diesel,3200,81000,13650000
car,Suzuki,Alto Japan,2016,Automatic,Petrol,650,58000,3050000
car,Nissan,N16,2011,Manual,Petrol,1300,147000,3100000
car,Toyota,Aqua X Urban,2015,Automatic,Petrol,1500,75876,4675000
car,Toyota,Allion 260,2011,Automatic,Petrol,1500,96000,4825000
car,Toyota,Allion,2003,Automatic,Petrol,1500,153000,3500000
car,Suzuki,Alto,2015,Manual,Petrol,800,45000,2050000
car,Suzuki,Alto,2012,Manual,Petrol,800,117000,1575000
car,Toyota,Premio G Superior,2017,Automatic,Petrol,1500,30000,9800000
car,Toyota,Aqua,2015,Automatic,Hybrid,1500,46000,4450000
car,Chery,QQ,2006,Manual,Petrol,800,58000,775000
car,Suzuki,Alto 800,2015,Manual,Petrol,800,47280,2025000
suv,Toyota,CHR,2017,Automatic,Hybrid,1800,38000,8500000
van,Suzuki,Every,2018,Automatic,Petrol,650,21000,2975000
car,Mazda,Familia,2000,Automatic,Petrol,1500,224000,1895000
van,Toyota,Noah,2014,Automatic,Hybrid,1800,84000,6490000
van,Nissan,Caravan,2007,Automatic,Diesel,3000,212000,4250000
car,Micro,Panda,2015,Manual,Petrol,1000,72000,1430000
van,Suzuki,Every,2010,Manual,Petrol,650,65232,2735000
car,Suzuki,Wagon R,2015,Automatic,Hybrid,650,55000,2740000
van,Nissan,Super GL,2007,Automatic,Diesel,3000,160000,4650000
car,Micro,MX 7 Geely,2014,Manual,Petrol,1500,80000,2200000
car,Suzuki,Maruti,2009,Manual,Petrol,800,45000,1100000
pickup,Mahindra,Bolero Maxi Truck,2020,Manual,Diesel,2500,36500,2170000
car,Suzuki,Wagon R Stingray,2018,Automatic,Hybrid,650,57000,3250000
car,Toyota,Aqua,2013,Automatic,Petrol,1500,129000,3450000
car,Suzuki,Maruti 800,2006,Manual,Petrol,800,92000,1025000
car,Suzuki,Wagon R Stingray,2014,Automatic,Hybrid,650,35984,2985000
van,Suzuki,Every DA64,2007,Automatic,Petrol,650,99500,2425000
car,Nissan,Sunny N17,2004,Manual,Petrol,1600,115500,2250000
car,Nissan,FB15,2010,Automatic,Petrol,1300,132000,2810000
car,Suzuki,Wagon R ,2006,Manual,Petrol,650,93000,1650000
car,Toyota,Passo,2009,Automatic,Petrol,1000,109328,2590000
car,Honda,City,2003,Automatic,Petrol,1500,115000,2500000
car,Suzuki,Maruti,2006,Manual,Petrol,800,20500,1300000
car,Suzuki,Alto,2017,Manual,Petrol,800,21000,2145000
car,Nissan,N16,2001,Automatic,Petrol,1500,182000,2400000
car,Suzuki,Swift,2011,Automatic,Petrol,1300,153000,3025000
car,Nissan,FB15,2006,Automatic,Petrol,1500,144000,2460000
car,Toyota,Vitz,2015,Automatic,Petrol,1000,35000,4375000
suv,Mitsubishi,Montero V6,2006,Manual,Diesel,2800,131000,8200000
pickup,Toyota,Hilux,2005,Manual,Diesel,3000,200000,4700000
car,Toyota,Aqua G Grade,2012,Automatic,Hybrid,1500,127000,3590000
car,Suzuki,Alto,2015,Manual,Petrol,800,67000,1940000
car,Suzuki,Wagon R,2010,Manual,Petrol,650,80206,1975000
car,Suzuki,Swift,2010,Automatic,Petrol,1300,75000,3375000
car,Micro,Panda,2015,Manual,Petrol,1000,43000,1550000
suv,Mitsubishi,Montero V6,2003,Automatic,Petrol,3500,67371,6500000
suv,Honda,Vezel,2014,Automatic,Petrol,1500,76000,4825000
van,Toyota,KDH Super GL,2015,Automatic,Diesel,3000,46000,9800000
car,Hyundai,Accent,2000,Manual,Petrol,1300,108860,1090000
car,Toyota,Axio WXB,2018,Automatic,Hybrid,1500,4500,7900000
car,Suzuki,Swift,2010,Automatic,Petrol,1300,79000,3290000
car,Renault,KWID,2016,Manual,Petrol,800,45500,1725000
van,Hyundai,H100,2001,Manual,Diesel,2100,147000,2190000
car,Toyota,Aqua,2015,Automatic,Hybrid,1500,63421,4550000
car,Toyota,Axio G Grade,2007,Automatic,Petrol,1500,130000,4250000
car,Hyundai,Eon,2017,Manual,Petrol,800,9500,2200000
car,Toyota,Vitz,2016,Automatic,Petrol,1000,43000,4550000
car,Renault,KWID,2016,Manual,Petrol,800,16000,1950000
van,Suzuki,Spacia,2015,Automatic,Petrol,650,61500,2690000
car,Suzuki,Estilo,2011,Manual,Petrol,1000,40400,1895000
car,Toyota,Premio,2019,Automatic,Petrol,1500,14000,10400000
car,Toyota,Corolla 121,2001,Automatic,Petrol,1500,145000,3375000
car,Tata,Indica,2014,Manual,Petrol,1000,30000,1375000
car,Nissan,Tiida,2006,Automatic,Petrol,1500,99000,950000
pickup,Mitsubishi,L200,2000,Manual,Diesel,2500,238000,2650000
van,Toyota,KR42,2002,Automatic,Petrol,1800,184000,3550000
car,Honda,Civic ES8,2000,Automatic,Petrol,1500,160000,2490000
car,Toyota,Prius,2011,Automatic,Hybrid,1800,80000,3750000
car,Suzuki,Wagon R Stingray,2017,Automatic,Petrol,650,6432,3790000
van,Daihatsu,Atrai,2017,Automatic,Petrol,650,36000,2550000
car,Nissan,Sunny FB15,2001,Automatic,Petrol,1500,198000,2350000
suv,Honda,CRV,2019,Automatic,Petrol,1500,9500,13600000
suv,Toyota,CHR,2017,Automatic,Petrol,1200,56000,7525000
van,Mazda,Scrum,2007,Automatic,Petrol,650,75000,2390000
van,Suzuki,Spacia,2017,Automatic,Hybrid,650,57000,2490000
car,Perodua,Viva Elite,2010,Manual,Petrol,1000,120000,2075000
car,Toyota,Passo,2008,Automatic,Petrol,1000,136000,2850000
van,Suzuki,Spacia Custom,2018,Automatic,Hybrid,650,91600,3500000
car,Toyota,Axio X Grade,2007,Automatic,Petrol,1500,89000,3685000
car,Toyota,Premio,2007,Automatic,Petrol,1500,53700,4500000
car,Suzuki,Maruti 800,2006,Manual,Petrol,800,96000,1075000
car,Toyota,Aqua,2013,Automatic,Petrol,1500,80000,3280000
car,Kia,Spectra,2001,Automatic,Petrol,1600,164000,1350000
car,Toyota,Belta,2010,Automatic,Petrol,1000,190000,3300000
car,Suzuki,Maruti,2004,Manual,Petrol,800,110000,975000
car,Nissan,N16 Super Saloon,2003,Manual,Petrol,1300,55500,2350000
car,Honda,Grace,2017,Automatic,Petrol,1500,30000,6290000
car,Honda,Fit,2015,Automatic,Hybrid,1500,102000,3875000
car,Tata,Indigo,2005,Manual,Petrol,1500,85000,1350000
car,Nissan,Dayz Highway Star,2016,Automatic,Petrol,650,68590,3500000
van,Mazda,Bongo,2006,Manual,Diesel,2000,170000,2520000
car,Toyota,Vitz,2013,Automatic,Petrol,1000,65000,3250000
car,Toyota,Allion 260,2008,Automatic,Petrol,1500,190000,4750000
van,Hyundai,H100,2000,Manual,Diesel,2600,214320,2050000
suv,Kia,Sportage,2007,Automatic,Petrol,2000,200000,3775000
car,Tata,Nano,2016,Manual,Petrol,800,65000,1150000
suv,Zotye,Nomad,2008,Manual,Petrol,1300,13850,1580000
car,Suzuki,Swift,2008,Automatic,Petrol,1300,105000,2940000
car,Toyota,Allion 260,2007,Automatic,Petrol,1500,160000,4750000
car,Toyota,Aqua,2014,Automatic,Petrol,1500,64000,3890000
car,Mazda,Axela,2014,Automatic,Petrol,2000,97000,7400000
car,Honda,Fit Shuttle,2014,Automatic,Hybrid,1300,82100,4185000
van,Suzuki,Every,2011,Automatic,Petrol,650,72000,2740000
van,Toyota,KDH 223,2008,Automatic,Diesel,3000,160000,6850000
car,Honda,Insight,2019,Automatic,Petrol,1500,79000,2795000
car,Suzuki,Wagon R Stingray,2015,Automatic,Petrol,650,79000,2590000
van,Toyota,Noah,2015,Automatic,Petrol,1700,22000,6300000
suv,Nissan,X-Trail,2015,Automatic,Hybrid,2000,34000,6650000
car,Nissan,Leaf,2013,Automatic,Electric,70,77000,1700000
car,Tata,Indica,2004,Manual,Petrol,1400,100000,1230000
car,Toyota,Corolla 141,2007,Manual,Petrol,1600,145000,3380000
car,Nissan,N16,2001,Automatic,Petrol,1500,140000,2185000
car,Mazda,Axela,2007,Automatic,Petrol,1500,150000,3325000
suv,Mitsubishi,Outlander,2014,Automatic,Hybrid,2000,165600,7200000
pickup,Mahindra,Bolero,2011,Manual,Diesel,2500,137000,1325000
car,Toyota,Corolla 121,2002,Manual,Petrol,1500,213000,2925000
car,Mitsubishi,Mini Cab,2004,Automatic,Petrol,650,133000,1485000
car,Suzuki,Wagon R,2007,Manual,Petrol,650,119000,1690000
car,Suzuki,Wagon R,2017,Automatic,Hybrid,650,54000,2695000
car,Toyota,Axio WXB,2016,Automatic,Hybrid,1500,25096,6450000
car,Toyota,Aqua,2013,Automatic,Petrol,1500,87000,3450000
car,Toyota,Allion 260,2007,Automatic,Petrol,1500,140000,4875000
car,Honda,Fit GP1,2012,Automatic,Hybrid,1300,77000,3650000
car,Nissan,Leaf,2014,Automatic,Electric,70,72000,1850000
car,Suzuki,Wagon R,2017,Automatic,Hybrid,650,29000,2850000
van,Toyota,KDH,2005,Automatic,Diesel,2500,300000,5580000
car,Hyundai,Eon,2015,Manual,Petrol,800,31000,2160000
van,Daihatsu,Atrai,2018,Automatic,Petrol,650,33000,2590000
van,Suzuki,Every,2013,Automatic,Petrol,650,85000,2340000
van,Toyota,KDH 200 Super GL,2007,Automatic,Diesel,2500,47000,7600000
car,Suzuki,Wagon R Stingray,2018,Automatic,Hybrid,650,29000,3990000
van,Toyota,Noah,2003,Automatic,Diesel,2000,225000,3575000
car,Honda,Fit Shuttle,2013,Automatic,Hybrid,1300,103000,3700000
suv,Honda,Vezel,2014,Automatic,Hybrid,1500,68000,4275000
car,Suzuki,Hustler,2016,Automatic,Hybrid,650,19200,3125000
car,Micro,Panda Cross,2014,Manual,Petrol,1300,47000,1550000
car,Toyota,Axio,2015,Automatic,Hybrid,1500,77350,5350000
car,Suzuki,Alto,2011,Manual,Petrol,800,48000,1690000
car,Toyota,Vios,2004,Automatic,Petrol,1500,110600,2490000
car,Toyota,AE110 ,2002,Automatic,Petrol,1500,125430,2300000
van,Toyota,KDH,2015,Automatic,Diesel,2500,55000,7650000
car,Toyota,Premio G Superior,2018,Automatic,Petrol,1500,7500,10800000
car,Chevrolet,Aveo,2007,Manual,Petrol,1200,79600,1480000
car,Kia,Picanto,2016,Automatic,Petrol,1000,73000,3250000
suv,Mitsubishi,Montero,2003,Automatic,Petrol,3800,137900,6175000
car,Toyota,Vitz,2009,Automatic,Petrol,1000,67000,3450000
car,Honda,City,2003,Automatic,Petrol,1500,113000,2230000
van,Nissan,Vanette,2006,Automatic,Diesel,2000,193500,4400000
car,Suzuki,Maruti 800,2004,Manual,Petrol,800,25600,1048000
car,Suzuki,Maruti Zen,2005,Manual,Petrol,1000,155000,1485000
car,Toyota,Belta,2007,Automatic,Petrol,1300,108000,3595000
car,Nissan,N16 Super Saloon,2004,Automatic,Petrol,1600,110000,2300000
car,Suzuki,Alto,2015,Manual,Petrol,800,82500,1975000
car,Suzuki,Maruti,2005,Manual,Petrol,800,70000,930000
car,Suzuki,Alto,2015,Manual,Petrol,800,44000,2045000
van,Nissan,Caravan,2002,Manual,Diesel,3200,250000,4400000
van,Daihatsu,Hijet,2001,Automatic,Petrol,650,117000,1330000
pickup,Mahindra,Bolero,2014,Manual,Diesel,2500,76863,1890000
van,Toyota,KDH 200 Super GL,2006,Automatic,Diesel,2800,140000,5800000
car,Suzuki,Alto,2015,Manual,Petrol,800,36000,1875000
car,Suzuki,Celerio ZXI,2015,Manual,Petrol,1000,75000,2645000
car,Suzuki,Alto,2015,Manual,Petrol,800,75000,1925000
car,Suzuki,Wagon R Stingray,2016,Automatic,Hybrid,650,27000,3375000
car,Toyota,Aqua,2012,Automatic,Petrol,1500,98000,3150000
car,Toyota,Axio G Grade,2014,Automatic,Hybrid,1500,82000,4850000
car,Toyota,Prius,2015,Automatic,Hybrid,1800,75000,5050000
car,Suzuki,Alto Japan,2018,Automatic,Petrol,650,49000,2995000
van,Daihatsu,Hijet,2002,Manual,Petrol,650,115000,1725000
car,Perodua,Viva Elite,2010,Manual,Petrol,1000,89000,1875000
car,Suzuki,Alto 800,2015,Manual,Petrol,800,33000,2025000
car,Honda,Fit GP5,2014,Automatic,Petrol,1500,85000,4250000
car,Micro,Panda,2015,Manual,Petrol,1000,15000,1650000
car,Toyota,Starlet,2002,Automatic,Petrol,1300,150000,2075000
car,Mitsubishi,Lancer CS3,2003,Manual,Petrol,1600,195000,2875000
car,Toyota,Axio,2017,Automatic,Petrol,1300,53000,6350000
car,Toyota,Allion,2007,Automatic,Petrol,1500,109000,4350000
car,Suzuki,Alto 800 LXI,2015,Manual,Petrol,800,22600,1950000
car,Renault,KWID RXT,2017,Manual,Petrol,800,7000,1975000
car,Toyota,Prius G Touring,2011,Automatic,Petrol,1800,100000,3900000
car,Chevrolet,Cruze,2003,Automatic,Petrol,1300,121563,2275000
van,Nissan,NV200,2018,Automatic,Petrol,1600,20822,6400000
car,Perodua,Kelisa,2007,Automatic,Petrol,1000,73000,1890000
car,Hyundai,Eon,2015,Manual,Petrol,800,14751,2350000
car,Nissan,Bluebird,2001,Automatic,Petrol,1800,196000,1890000
suv,Mitsubishi,Montero,2000,Manual,Diesel,2800,170000,6500000
car,Suzuki,Maruti,2007,Manual,Petrol,800,45000,1145000
car,Honda,Fit GP1,2012,Automatic,Petrol,1300,56000,2990000
car,Suzuki,Swift,2012,Automatic,Petrol,1300,90000,2690000
car,Honda,Freed,2012,Automatic,Hybrid,1500,100000,3600000
car,Suzuki,Alto,2003,Automatic,Petrol,650,124511,1695000
car,Honda,Fit GP1,2012,Automatic,Hybrid,1300,92000,3700000
car,Suzuki,Alto,2015,Manual,Petrol,800,65000,1950000
car,Toyota,Belta,2009,Automatic,Petrol,1000,140000,3490000
van,Daihatsu,Hijet,2016,Automatic,Petrol,650,35000,2278500
suv,Nissan,X-Trail,2016,Automatic,Hybrid,2000,68500,6950000
car,Suzuki,Maruti Sport,2006,Manual,Petrol,800,74832,1100000
car,Suzuki,Wagon R Stingray,2014,Automatic,Petrol,650,52000,2500000
car,Tata,Nano,2016,Automatic,Petrol,650,49000,1250000
car,Toyota,Vitz,2016,Automatic,Petrol,1000,64500,4350000
car,Mazda,Demio,2000,Automatic,Petrol,1300,255000,1785000
car,Tata,Indica,2015,Manual,Petrol,1200,54000,1795000
car,Toyota,Aqua,2012,Automatic,Petrol,1500,57000,3150000
suv,Nissan,X-Trail,2015,Automatic,Hybrid,2000,77000,6200000
car,Nissan,Leaf,2012,Automatic,Electric,80,37000,1390000
car,Toyota,Allion,2003,Automatic,Petrol,1500,120000,3900000
car,Suzuki,Alto,2016,Manual,Petrol,800,42000,1825000
car,Suzuki,Maruti,2012,Manual,Petrol,800,56000,1190000
car,Suzuki,Alto,2011,Manual,Petrol,800,78000,1530000
pickup,Toyota,Hilux,2008,Manual,Diesel,2200,195000,4500000
car,Toyota,Premio G Superior,2019,Automatic,Petrol,1500,12900,10750000
car,Suzuki,Wagon R,2016,Automatic,Hybrid,650,39900,2500000
van,Suzuki,Spacia Custom,2016,Automatic,Hybrid,650,59000,3425000
car,Toyota,Axio,2014,Automatic,Hybrid,1500,100000,4500000
car,Toyota,Vitz,2014,Automatic,Petrol,1000,111111,2590000
car,Toyota,Corolla 121,2002,Automatic,Petrol,1500,200000,3100000
van,Mitsubishi,Mini Cab,2015,Automatic,Petrol,650,120000,2300000
pickup,Toyota,Hilux,2009,Manual,Diesel,3000,94000,7800000
car,Hyundai,Accent,2000,Manual,Petrol,1300,120000,1385000
van,Suzuki,Every,2000,Manual,Petrol,650,168600,1525000
car,Micro,Panda,2017,Manual,Petrol,1000,47000,1750000
suv,Honda,Vezel,2015,Automatic,Petrol,1500,98795,5800000
car,Suzuki,Alto 800 LXI,2015,Manual,Petrol,800,33000,1950000
car,Suzuki,Alto,2015,Manual,Petrol,800,57000,1900000
car,Mitsubishi,Lancer,2009,Manual,Petrol,1300,134920,2500000
car,Toyota,Prius,2015,Automatic,Hybrid,1800,110000,4275000
suv,Honda,Vezel,2014,Automatic,Hybrid,1500,80500,4915000
car,Suzuki,Maruti 800,2006,Manual,Petrol,800,8500,1120000
car,Suzuki,Swift,2003,Automatic,Petrol,1300,137500,2350000
van,Suzuki,Every,2013,Automatic,Petrol,650,111000,2750000
car,Micro,Panda,2012,Manual,Petrol,1000,46000,1385000
car,Suzuki,Maruti,2008,Manual,Petrol,800,45000,1080000
car,Suzuki,Wagon R Stingray,2017,Automatic,Hybrid,650,29400,3640000
car,Hyundai,Accent,2000,Manual,Petrol,1300,155000,1225000
car,Honda,Fit,2012,Automatic,Hybrid,1300,105000,2795000
van,Nissan,Caravan,2007,Manual,Diesel,3000,130000,3950000
car,Honda,Civic,2017,Automatic,Petrol,1000,16200,6575000
car,Micro,MX 7,2004,Manual,Petrol,1500,96000,1890000
car,Micro,Panda,2011,Manual,Petrol,1000,87000,1380000
car,Toyota,Aqua,2012,Automatic,Petrol,1500,85000,3820000
suv,Honda,Vezel RS,2017,Automatic,Petrol,1500,45000,6950000
pickup,Toyota,Hilux,2000,Automatic,Diesel,2500,175000,3275000
van,Toyota,KDH 200 Super GL,2006,Automatic,Diesel,2500,168600,5900000
car,Hyundai,Accent,2005,Manual,Petrol,1300,180000,1490000
car,Perodua,Viva Elite,2008,Manual,Petrol,1000,100000,1900000
van,Suzuki,Spacia Custom,2018,Automatic,Petrol,650,21000,4290000
car,Suzuki,Alto K10,2011,Manual,Petrol,1000,86000,1625000
suv,Kia,Sorento,2011,Automatic,Diesel,2200,99910,6150000
car,Suzuki,Swift,2000,Automatic,Petrol,1300,112000,2200000
car,Tata,Nano,2017,Automatic,Petrol,650,19200,1475000
car,Nissan,Bluebird,2000,Automatic,Petrol,1800,167000,2295000
car,Toyota,Aqua,2012,Automatic,Hybrid,1500,94464,3400000
car,Renault,KWID,2016,Manual,Petrol,800,10000,2000000
car,Nissan,FB15,2002,Automatic,Petrol,1500,173500,2275000
car,Honda,Fit Shuttle,2014,Automatic,Petrol,1300,152000,4650000
car,Toyota,Passo,2017,Automatic,Petrol,1000,25000,3900000
car,Toyota,Premio,2019,Automatic,Petrol,1500,2400,11550000
car,Honda,Vezel Z Grade,2015,Automatic,Petrol,1500,59000,4875000
suv,Mitsubishi,Pajero,2000,Automatic,Petrol,1800,137000,2800000
car,Toyota,Vios,2006,Automatic,Petrol,1500,149000,2950000
suv,Hyundai,Santa Fe,2008,Automatic,Petrol,2700,120000,3780000
suv,Toyota,CHR GT TURBO,2019,Automatic,Petrol,1000,20896,9450000
car,Suzuki,Alto,2015,Manual,Petrol,800,100700,1670000
car,Honda,Fit GP1,2012,Automatic,Hybrid,1300,56000,3400000
van,Toyota,KDH TRH GL,2015,Automatic,Petrol,2000,155000,7500000
car,Micro,Trend,2011,Manual,Petrol,1000,63000,1175000
car,Toyota,Axio WXB,2017,Automatic,Hybrid,1500,78000,6950000
car,Tata,Nano,2011,Manual,Petrol,650,223000,760000
car,Suzuki,Alto,2014,Manual,Petrol,800,57000,1775000
van,Suzuki,Every,2000,Manual,Petrol,800,162000,1575000
car,Honda,Insight,2019,Automatic,Hybrid,1500,5100,10500000
pickup,Toyota,Hilux Vigo,2010,Manual,Diesel,3000,150000,4550000
van,Nissan,Caravan,2011,Automatic,Diesel,3000,161000,4850000
car,Suzuki,Alto,2015,Manual,Petrol,800,56000,1945000
car,Suzuki,Wagon R,2014,Automatic,Hybrid,650,52000,2635000
car,Toyota,Prius,2008,Automatic,Hybrid,1800,88794,2975000
car,Suzuki,Wagon R Stingray,2015,Automatic,Hybrid,650,70000,3025000
car,Suzuki,Alto 800,2015,Manual,Petrol,800,51000,1995000
car,Suzuki,Wagon R Stingray,2014,Automatic,Petrol,650,38000,2550000
car,Suzuki,Wagon R FX,2018,Automatic,Petrol,650,17000,2825000
car,Suzuki,Alto,2015,Manual,Petrol,800,62000,1985000
van,Suzuki,Every,2015,Automatic,Petrol,650,40100,2350000
car,Perodua,Viva Elite,2011,Automatic,Petrol,1000,123000,2165000
car,Nissan,N16,2001,Automatic,Petrol,1600,206000,2300000
car,Hyundai,Elantra,2012,Automatic,Petrol,1500,80000,3600000
car,Toyota,Premio,2002,Automatic,Petrol,1500,120000,3500000
car,Toyota,Wigo,2017,Automatic,Petrol,1000,34000,4090000
car,Toyota,Prius,2012,Automatic,Petrol,1800,118000,4200000
van,Suzuki,Spacia Custom Z,2017,Automatic,Petrol,650,35000,3390000
car,Suzuki,A-Star,2011,Manual,Petrol,1000,109000,2150000
car,Suzuki,Wagon R FZ,2014,Automatic,Hybrid,650,75000,2350000
car,Perodua,Axia,2016,Automatic,Petrol,1000,9500,3300000
van,Daihatsu,Hijet,2015,Automatic,Petrol,650,65500,2735000
van,Toyota,KDH,2006,Automatic,Diesel,2500,148000,5950000
car,Suzuki,Alto,2016,Manual,Petrol,800,57000,1945000
car,Toyota,Vitz,2016,Automatic,Petrol,1000,60000,4400000
car,Suzuki,Wagon R Stingray,2018,Automatic,Petrol,650,21000,3650000
car,Suzuki,Alto,2016,Automatic,Petrol,650,14000,2700000
car,Toyota,Prius,2014,Automatic,Petrol,1800,106000,4750000
car,Toyota,Vitz,2013,Automatic,Petrol,1000,85000,4095000
van,Toyota,KDH 200 Super GL,2007,Automatic,Diesel,2500,258000,6650000
car,Suzuki,Wagon R,2005,Manual,Petrol,650,100000,1570000
car,Hyundai,Trajet,2004,Automatic,Petrol,2000,202646,1850000
van,Toyota,KDH Dark Prime,2015,Automatic,Diesel,3000,52000,8750000
pickup,Mahindra,Bolero,2016,Manual,Diesel,2500,56700,2500000
car,Toyota,Vitz,2020,Automatic,Petrol,1000,1300,6000000
car,Suzuki,Maruti 800,2005,Manual,Petrol,800,59000,1085000
pickup,Mahindra,Bolero,2016,Manual,Diesel,1500,26321,2285000
van,Suzuki,Every,2006,Automatic,Petrol,650,90000,1975000
car,Toyota,Axio X Grade,2007,Automatic,Petrol,1500,135000,4075000
van,Toyota,KR42 Noah,2012,Manual,Diesel,2000,238747,3400000
pickup,Mahindra,Bolero,2012,Manual,Diesel,2500,54000,1470000
car,Suzuki,Hustler,2015,Automatic,Hybrid,650,82000,3060000
car,Toyota,Corolla 121,2002,Automatic,Petrol,1500,160200,3200000
suv,Honda,Vezel,2013,Automatic,Hybrid,1500,113000,4590000
car,Toyota,Axio,2015,Automatic,Hybrid,1500,84000,5475000
car,Suzuki,Swift RS,2017,Automatic,Hybrid,1300,39000,5200000
van,Suzuki,Every,2000,Automatic,Petrol,650,120000,1625000
car,Suzuki,Swift,2010,Automatic,Petrol,1300,83000,2970000
car,Suzuki,Alto,2015,Manual,Petrol,800,36375,1950000
suv,Honda,CRV,2018,Automatic,Petrol,2000,15000,13000000
van,Suzuki,Every,2007,Automatic,Petrol,650,100325,1775000
car,Suzuki,Alto 800,2015,Manual,Petrol,800,24000,1825000
car,Toyota,Corolla 121,2002,Automatic,Petrol,1500,196850,3425000
car,Suzuki,Maruti Alto,2012,Manual,Petrol,800,65000,1255000
van,Toyota,KDH 201,2015,Automatic,Diesel,3000,123000,7200000
car,Tata,Indigo,2015,Manual,Petrol,1200,25000,1600000
car,Honda,Fit GP1,2012,Automatic,Petrol,1300,96000,3500000
car,Toyota,Corolla 121,2000,Automatic,Petrol,1600,119000,3050000
car,Toyota,Vitz,2016,Automatic,Petrol,1000,30000,4590000
car,Toyota,Axio X Grade,2011,Automatic,Petrol,1500,141000,4390000
car,Honda,Grace,2016,Automatic,Hybrid,1500,6398,5900000
car,Toyota,Corolla 141,2008,Automatic,Petrol,1600,103000,3675000
car,Micro,Panda,2012,Manual,Petrol,1000,73000,1275000
car,Toyota,Prius,2010,Automatic,Hybrid,1800,90000,3200000
van,Mitsubishi,Mini Cab,2017,Automatic,Petrol,650,22000,2525000
car,Toyota,Allion 260,2007,Automatic,Petrol,1500,157000,4690000
car,Toyota,Premio,2017,Automatic,Petrol,1500,52000,9650000
car,Nissan,FB15 Super Saloon,2004,Automatic,Petrol,1500,140000,2675000
car,Suzuki,Wagon R FZ,2017,Automatic,Hybrid,650,22030,2980000
suv,Mitsubishi,Outlander,2015,Automatic,Hybrid,2000,84500,10400000
car,Toyota,Wigo,2018,Automatic,Petrol,1000,7500,4025000
car,Toyota,Aqua S Grade,2012,Automatic,Petrol,1500,92000,3025000
car,Tata,Indica,2014,Manual,Petrol,1200,125000,1350000
pickup,Mahindra,Bolero,2015,Manual,Diesel,2500,50000,2100000
car,Suzuki,Swift,2003,Automatic,Petrol,1300,130000,2420000
suv,Nissan,X-Trail,2002,Manual,Petrol,2000,120000,3500000
car,Toyota,Prius,2011,Automatic,Petrol,1800,76000,3975000
car,Toyota,Prius,2009,Automatic,Petrol,1800,114900,1790000
van,Nissan,NV200,2016,Automatic,Petrol,1600,20000,4700000
car,Suzuki,Maruti,2012,Manual,Petrol,800,46000,1250000
car,Micro,MX 7 Geely,2013,Manual,Petrol,1500,45500,1800000
car,Suzuki,Alto,2015,Manual,Petrol,800,97000,1920000
car,Tata,Nano,2011,Manual,Petrol,650,30000,1250000
car,Toyota,Soluna,2000,Manual,Petrol,1500,318000,1590000
car,Suzuki,Maruti,2007,Manual,Petrol,800,97000,1150000
car,Nissan,N16 Super Saloon,2002,Manual,Petrol,1500,144000,2225000
car,Suzuki,A-Star,2011,Manual,Petrol,1000,53000,1975000
suv,Mitsubishi,Montero,2008,Automatic,Petrol,3000,90000,8700000
van,Suzuki,Omni,2005,Manual,Petrol,800,50000,1250000
car,Suzuki,Swift Center Antenna,2003,Automatic,Petrol,1300,81000,2290000
car,Suzuki,Swift,2011,Automatic,Petrol,1300,102000,3090000
car,Suzuki,Alto,2015,Automatic,Petrol,650,51000,3050000
car,Suzuki,Maruti,2006,Manual,Petrol,800,52000,1080000
car,Suzuki,Swift,2003,Automatic,Petrol,1300,235000,2050000
car,Toyota,Aqua,2016,Automatic,Hybrid,1500,42300,5300000
car,Honda,Fit,2014,Automatic,Hybrid,1500,82000,3975000
car,Toyota,Vitz,2008,Automatic,Petrol,1000,82000,3100000
van,Suzuki,Every,2014,Automatic,Petrol,650,37000,2345000
van,Toyota,KDH 221,2017,Automatic,Diesel,3000,103000,9600000
car,Toyota,Axio,2014,Automatic,Hybrid,1500,94000,4050000
car,Suzuki,Alto,2014,Manual,Petrol,800,13424,2000000
car,Suzuki,Wagon R,2014,Automatic,Hybrid,650,58000,2900000
car,Tata,Nano,2012,Manual,Petrol,650,19000,800000
car,Suzuki,Maruti,2005,Manual,Petrol,800,87550,920000
car,Mitsubishi,Lancer CS1,2006,Manual,Petrol,1300,128000,2400000
van,Toyota,KDH GL,2011,Automatic,Diesel,2500,383000,6100000
car,Tata,Indica,2015,Manual,Petrol,1200,105000,1675000
suv,Honda,Vezel,2014,Automatic,Petrol,1500,110000,5200000
car,Suzuki,Swift Center Antenna,2003,Automatic,Petrol,1300,135000,2450000
car,Honda,Fit Shuttle,2015,Automatic,Hybrid,1500,90000,3450000
van,Toyota,KDH,2005,Automatic,Diesel,2500,216000,6850000
car,Suzuki,Alto,2002,Manual,Petrol,1000,115000,1130000
car,Suzuki,Alto Sport,2011,Manual,Petrol,800,79000,1650000
car,Suzuki,Estilo,2010,Manual,Petrol,1000,76000,1975000
car,Suzuki,Swift RS,2017,Automatic,Hybrid,1300,45000,4660000
van,Daihatsu,Hijet,2007,Automatic,Petrol,650,143000,2450000
car,Nissan,Dayz,2016,Automatic,Petrol,650,24000,2800000
car,Toyota,Axio,2014,Automatic,Hybrid,1500,105000,5500000
car,Nissan,March,2010,Automatic,Petrol,1200,27900,4250000
car,Suzuki,Maruti,2006,Automatic,Petrol,800,77000,1050000
car,Toyota,Prius,2011,Automatic,Hybrid,1800,92100,3750000
car,Suzuki,Alto,2015,Manual,Petrol,800,39000,1800000
car,Perodua,Viva Elite,2011,Automatic,Petrol,1000,47000,2350000
suv,Hyundai,Santa Fe,2009,Automatic,Diesel,2200,127400,4050000
car,Toyota,Premio,2017,Automatic,Petrol,1500,26500,7350000
car,Honda,City,2005,Automatic,Petrol,1500,156000,2560000
car,Toyota,Tank,2017,Automatic,Petrol,1000,26000,4800000
van,Nissan,Vanette,2004,Manual,Diesel,2200,125000,2550000
car,Suzuki,Maruti Sport,2010,Automatic,Petrol,800,36000,1250000
car,Micro,Panda,2016,Manual,Petrol,1000,43500,1595000
car,Suzuki,Maruti,2009,Manual,Petrol,800,25000,1175000
car,Suzuki,Maruti,2006,Manual,Petrol,650,56000,1085000
car,Toyota,Allion,2014,Automatic,Petrol,1500,54000,7600000
van,Suzuki,Every,2004,Automatic,Petrol,650,120000,1650000
suv,Honda,Vezel RS Sensing,2017,Automatic,Petrol,1500,55000,5325000
van,Toyota,Dolphin,2004,Automatic,Diesel,3000,265000,5830000
car,Suzuki,Alto,2015,Manual,Petrol,800,65200,1745000
car,Micro,Panda,2015,Manual,Petrol,1000,32000,1500000
car,Toyota,Corolla 121,2002,Manual,Petrol,1500,170000,2390000
car,Renault,KWID,2016,Manual,Petrol,800,105000,1100000
car,Suzuki,Alto Japan,2016,Automatic,Petrol,650,40000,3175000
car,Toyota,Prius,2012,Automatic,Hybrid,1800,63000,4250000
car,Toyota,Prius,2013,Automatic,Hybrid,1300,58000,4500000
van,Suzuki,Every,2007,Automatic,Petrol,800,110400,2360000
van,Suzuki,Every DA64,2017,Automatic,Petrol,650,126000,2295000
car,Toyota,Axio,2015,Automatic,Hybrid,1500,80000,5375000
car,Toyota,Allion,2006,Automatic,Petrol,1500,160000,3750000
car,Honda,City,2001,Manual,Petrol,1500,59000,1775000
car,Toyota,Premio,2019,Automatic,Petrol,1500,11000,1100000
car,Toyota,Aqua,2014,Automatic,Hybrid,1500,72000,3485000
car,Toyota,Vitz,2016,Automatic,Petrol,1000,61000,4600000
car,Suzuki,Wagon R FZ,2018,Automatic,Hybrid,650,10265,3150000
car,Toyota,Corolla 121,2006,Manual,Petrol,1300,220000,3225000
suv,Zotye,Nomad,2011,Manual,Petrol,1500,39000,1750000
van,Suzuki,Every,2014,Automatic,Petrol,650,65000,3275000
suv,Honda,Vezel,2014,Automatic,Hybrid,1500,90000,4850000
car,Mitsubishi,Lancer CS3,2012,Automatic,Petrol,1600,120000,3450000
car,Toyota,Prius,2014,Automatic,Hybrid,1800,40500,5300000
car,Hyundai,Elantra,2011,Automatic,Petrol,1600,170000,3590000
car,Chevrolet,Cruze,2005,Automatic,Petrol,1300,112000,2150000
car,Suzuki,Alto,2015,Manual,Petrol,800,55000,1980000
suv,Toyota,CHR,2018,Automatic,Hybrid,1800,21000,9000000
car,Suzuki,Alto,2011,Manual,Petrol,800,102000,1500000
car,Suzuki,Celerio ZXI,2015,Manual,Petrol,1000,49267,2350000
car,Mitsubishi,CS1,2008,Manual,Petrol,1300,117000,2700000
car,Suzuki,Alto Sport,2012,Manual,Petrol,800,82000,1550000
car,Toyota,Premio,2010,Automatic,Petrol,1500,150000,5750000
car,Hyundai,Eon,2015,Manual,Petrol,800,47000,1875000
suv,Honda,Vezel RS,2016,Automatic,Petrol,1500,50000,6650000
suv,Mitsubishi,Montero,2001,Automatic,Petrol,3500,203000,5475000
car,Suzuki,Wagon R FX,2017,Automatic,Hybrid,650,45000,2980000
car,Suzuki,Maruti,2011,Manual,Petrol,800,89000,1200000
car,Toyota,Prius S Grade,2012,Automatic,Hybrid,1800,113000,4375000
car,Toyota,Passo,2004,Automatic,Petrol,1000,74000,2575000
suv,Honda,CRV,2019,Automatic,Petrol,1500,3100,13900000
car,Suzuki,Wagon R Stingray,2015,Automatic,Petrol,650,41500,2975000
car,Suzuki,Swift,2009,Automatic,Petrol,1300,95000,2900000
van,Toyota,KDH 201,2017,Automatic,Diesel,3000,11000,10500000
car,Toyota,Axio,2015,Automatic,Petrol,1500,99000,5325000
suv,Nissan,X-Trail,2015,Automatic,Hybrid,2000,64700,5600000
van,Toyota,KDH,2013,Automatic,Petrol,2000,83000,6420000
car,Toyota,Axio,2013,Automatic,Hybrid,1500,100000,4300000
van,Daihatsu,Hijet,2011,Automatic,Petrol,650,107000,2480000
pickup,Mahindra,Bolero Maxi Truck,2015,Manual,Diesel,2500,79630,2300000
car,Toyota,Vios,2003,Automatic,Petrol,1500,131000,2600000
car,Toyota,Axio G Grade,2008,Automatic,Petrol,1500,170000,4200000
car,Nissan,N16,2000,Manual,Petrol,1300,170000,1625000
car,Micro,Panda,2015,Manual,Petrol,1000,38000,1585000
car,Toyota,Vios,2006,Automatic,Petrol,1500,106000,2850000
car,Nissan,FB15,2002,Automatic,Petrol,1500,215600,2050000
car,Honda,Civic,2018,Automatic,Petrol,1000,12500,7600000
car,Honda,Fit GP5,2015,Automatic,Hybrid,1500,72000,4300000
pickup,Tata,Xenon,2016,Manual,Diesel,3000,121000,1575000
car,Suzuki,Alto Sport,2015,Manual,Petrol,800,79000,1975000
suv,Mitsubishi,Montero V6,2003,Automatic,Petrol,3000,124000,6050000
car,Suzuki,Alto 800 LXI,2011,Manual,Petrol,800,115000,1520000
car,Mitsubishi,Lancer GLX,2008,Automatic,Petrol,1300,150000,2875000
car,Toyota,Allion,2009,Automatic,Petrol,1500,124000,4975000
car,Tata,Nano,2013,Manual,Petrol,650,132000,890000
pickup,Mahindra,Bolero Maxi Truck,2012,Manual,Diesel,2500,76000,1375000
car,Nissan,Leaf,2013,Automatic,Electric,70,41000,1700000
car,Toyota,Premio G Superior,2007,Automatic,Petrol,1500,108000,5590000
car,Honda,Fit GP5,2013,Automatic,Hybrid,1500,42000,4350000
car,Toyota,Soluna,2000,Automatic,Petrol,1500,190000,1450000
suv,Honda,CRV,2006,Automatic,Petrol,2000,130000,4590000
car,Honda,Fit GP1,2013,Automatic,Hybrid,1500,100000,3480000
car,Toyota,Premio,2013,Automatic,Petrol,1500,84000,6475000
car,Honda,City,2001,Manual,Petrol,1500,181000,2000000
car,Toyota,Prius S Touring,2011,Automatic,Hybrid,1800,122000,4250000
van,Toyota,KDH 200 Super GL,2007,Automatic,Diesel,2500,285000,6850000
car,Honda,Fit GP1,2013,Automatic,Hybrid,1300,41000,3590000
car,Honda,Fit GP1,2012,Automatic,Hybrid,1300,111000,3475000
car,Toyota,Axio,2015,Automatic,Hybrid,1500,112000,4160000
car,Suzuki,Alto,2015,Manual,Petrol,800,36000,2060000
van,Toyota,KDH,2007,Automatic,Diesel,2500,100000,5850000
car,Honda,Fit Aria,2004,Automatic,Petrol,1500,164000,2590000
car,Suzuki,Swift,2004,Automatic,Petrol,1300,132000,2450000
car,Suzuki,A-Star,2012,Manual,Petrol,1000,85000,1950000
car,Suzuki,Alto 800 LXI,2015,Manual,Petrol,800,34000,1965000
car,Suzuki,Alto,2015,Automatic,Petrol,650,42500,3200000
car,Renault,KWID,2016,Manual,Petrol,800,47000,1625000
car,Nissan,March,2002,Automatic,Petrol,1300,113000,2065000
car,Micro,Panda Cross,2013,Manual,Petrol,1300,89000,1450000
car,Suzuki,Wagon R Stingray,2017,Automatic,Petrol,650,9000,4000000
car,Nissan,Leaf,2014,Automatic,Electric,70,50000,1500000
car,Honda,Grace,2015,Automatic,Hybrid,1500,79950,4325000
car,Micro,Panda,2015,Manual,Petrol,1000,70000,1450000
car,Toyota,Corolla 141,2008,Automatic,Petrol,1600,57000,4100000
car,Toyota,Premio G Superior,2013,Automatic,Petrol,1500,90000,7225000
van,Suzuki,Spacia,2016,Automatic,Petrol,650,91000,3200000
car,Honda,Fit Shuttle,2014,Automatic,Hybrid,1300,130000,4250000
car,Suzuki,Wagon R Stingray,2015,Automatic,Hybrid,650,77000,2995000
car,Toyota,Corolla 110,2007,Automatic,Petrol,1500,160000,2050000
car,Suzuki,Wagon R Stingray,2015,Automatic,Petrol,650,66000,2925000
car,Suzuki,Maruti,2007,Manual,Petrol,800,110000,1100000
pickup,Toyota,Hilux Vigo,2005,Manual,Diesel,3000,190000,3850000
suv,Nissan,X-Trail,2013,Automatic,Diesel,2000,127000,5100000
pickup,Toyota,Hilux,2009,Manual,Diesel,2500,113000,6100000
car,Toyota,Axio,2013,Automatic,Hybrid,1500,57000,4275000
car,Suzuki,Maruti,2010,Manual,Petrol,800,48000,1150000
car,Toyota,Axio,2011,Automatic,Petrol,1500,120000,4150000
car,Micro,MX 7 Geely,2012,Manual,Petrol,1500,65000,1000000
car,Honda,Fit Shuttle,2014,Automatic,Petrol,1300,105000,4275000
car,Toyota,Aqua G Grade,2014,Automatic,Hybrid,1500,65395,3550000
car,Mazda,RX-8,2009,Manual,Petrol,1300,85000,4875000
car,Toyota,Aqua,2015,Automatic,Hybrid,1500,32000,4350000
car,Toyota,Corolla 121,2003,Automatic,Petrol,1500,181500,3000000
car,Suzuki,Wagon R,2009,Manual,Petrol,650,139000,1650000
car,Suzuki,Estilo,2011,Manual,Petrol,1000,79000,1875000
car,Toyota,IST,2007,Automatic,Petrol,1500,101000,3825000
car,Honda,Grace,2015,Automatic,Hybrid,1500,110000,5375000
van,Nissan,Clipper NV100,2012,Automatic,Petrol,650,77654,2375000
van,Suzuki,Every,2018,Automatic,Petrol,650,31000,3800000
car,Toyota,Axio G Grade,2015,Automatic,Hybrid,1500,123000,5800000
car,Zotye,Z100,2020,Manual,Petrol,1000,1800,2150000
car,Toyota,Aqua,2013,Automatic,Hybrid,1500,63600,3980000
van,Hyundai,H100,2001,Manual,Diesel,2500,310000,2250000
car,Perodua,Viva Elite,2014,Manual,Petrol,1000,49300,2175000
car,Toyota,Prius,2012,Automatic,Hybrid,1800,118400,4350000
car,Suzuki,Maruti Alto,2010,Manual,Petrol,800,108000,1500000
car,Toyota,Vitz,2008,Automatic,Petrol,1000,75000,3425000
car,Toyota,Axio Fielder,2013,Automatic,Hybrid,1500,113000,4300000
car,Toyota,Axio G Grade,2014,Automatic,Hybrid,1500,41000,4420000
car,Tata,Nano,2012,Manual,Petrol,650,79000,875000
car,Toyota,IST,2004,Automatic,Petrol,1300,160000,2925000
car,Perodua,Kenari,2008,Manual,Petrol,1000,107000,1615000
van,Mazda,Bongo,2003,Manual,Diesel,2200,150000,3050000
car,Renault,KWID,2016,Manual,Petrol,800,36000,1780000
car,Suzuki,Wagon R FZ,2016,Automatic,Hybrid,650,70000,2850000
car,Toyota,Vitz,2008,Automatic,Petrol,1000,92158,3495000
car,Toyota,Aqua,2013,Automatic,Hybrid,1500,40000,3850000
suv,Suzuki,Grand Vitara,2002,Automatic,Petrol,2700,170000,2990000
car,Suzuki,Alto,2011,Manual,Petrol,800,74345,1585000
car,Nissan,FB15 Super Saloon,2003,Automatic,Petrol,1500,88500,2990000
van,Suzuki,Spacia,2018,Automatic,Hybrid,650,26000,4290000
car,Kia,Rio,2001,Automatic,Petrol,1500,123230,1165000
car,Suzuki,Zen Estilo,2011,Manual,Petrol,1000,48650,1745000
car,Toyota,Vitz Edition 3,2019,Automatic,Petrol,1000,2000,4825000
car,Suzuki,Swift,2004,Automatic,Petrol,1300,120000,2475000
car,Toyota,Vios,2003,Automatic,Petrol,1500,167000,2675000
car,Suzuki,Alto,2006,Manual,Petrol,800,99000,1525000
suv,Honda,Vezel RS Sensing,2016,Automatic,Hybrid,1500,57000,6575000
car,Suzuki,Alto,2009,Manual,Petrol,800,82900,1540000
car,Suzuki,Maruti,2006,Manual,Petrol,800,74000,990000
car,Suzuki,Wagon R,2006,Automatic,Petrol,650,116000,2050000
van,Suzuki,Every,2016,Automatic,Petrol,650,35000,2725000
car,Micro,Panda,2016,Manual,Petrol,1000,59000,1650000
car,Datsun,Redi-GO,2017,Manual,Petrol,800,50000,1850000
car,Toyota,Prius S Grade,2011,Automatic,Petrol,1800,164000,4300000
car,Honda,Freed,2013,Automatic,Petrol,1500,100000,4275000
car,Nissan,March K12,2007,Automatic,Petrol,1300,90000,2300000
car,Suzuki,Alto Sport,2011,Manual,Petrol,800,135000,1475000
van,Toyota,KDH High Roof,2010,Manual,Diesel,2500,230000,7000000
car,Nissan,FB15 Ex Saloon,2001,Automatic,Petrol,1300,122000,2175000
car,Tata,Nano,2016,Manual,Petrol,650,120000,1215000
car,Toyota,Corolla 121,2006,Manual,Petrol,1300,250000,3075000
car,Suzuki,Wagon R Stingray,2017,Automatic,Hybrid,650,56000,3595000
car,Nissan,FB15,2002,Automatic,Petrol,1500,190000,2200000
suv,Honda,Vezel RS Sensing,2017,Automatic,Hybrid,1500,65000,8200000
car,Toyota,Axio G Grade,2016,Automatic,Hybrid,1500,105000,6050000
car,Suzuki,Alto Japan,2004,Automatic,Petrol,650,103000,1890000
car,Renault,KWID RXT,2016,Manual,Petrol,800,64000,1725000
van,Suzuki,Every DA64,2014,Automatic,Petrol,650,54000,2975000
car,Tata,Nano,2013,Manual,Petrol,800,190000,785000
car,Suzuki,Hustler,2017,Automatic,Petrol,650,12209,3550000
suv,Toyota,CHR GT TURBO,2019,Automatic,Petrol,1200,8900,9300000
car,Suzuki,Alto K10,2014,Manual,Petrol,1000,60000,2200000
car,Suzuki,Alto K10,2015,Automatic,Petrol,800,44000,2250000
car,Nissan,Tiida,2010,Automatic,Petrol,1500,145000,3175000
car,Honda,Fit Shuttle,2012,Automatic,Petrol,1300,110000,3775000
car,Honda,Fit GP5,2014,Automatic,Hybrid,1500,66000,3595000
car,Suzuki,A-Star,2012,Manual,Petrol,1000,49000,1840000
car,Toyota,Aqua,2012,Automatic,Hybrid,1500,66000,3850000
car,Toyota,Prius,2011,Automatic,Hybrid,1800,94008,3650000
car,Toyota,Axio G Grade,2015,Automatic,Hybrid,1500,68000,5590000
car,Suzuki,Wagon R Stingray,2018,Automatic,Petrol,650,35000,3660000
car,Toyota,Aqua,2014,Automatic,Hybrid,1500,76000,3775000
car,Suzuki,Wagon R FZ,2016,Automatic,Hybrid,650,57000,2635500
car,Nissan,Sunny,2001,Manual,Petrol,1500,137450,1850000
car,Micro,Panda,2016,Manual,Petrol,1000,16000,1100000
car,Suzuki,Wagon R,2017,Automatic,Hybrid,650,48000,3595000
van,Nissan,Super GL,2015,Automatic,Diesel,3000,119000,9650000
car,Nissan,N16,2001,Manual,Petrol,1300,170600,1785000
van,Suzuki,Every,2014,Automatic,Petrol,650,35000,2950000
car,Honda,Civic,2018,Automatic,Petrol,1000,32000,5875000
car,Toyota,Prius S Grade,2015,Automatic,Hybrid,1800,89000,4550000
car,Nissan,March AK12,2010,Automatic,Petrol,1300,127000,2950000
car,Kia,Rio,2003,Manual,Petrol,1500,141000,1250000
car,Suzuki,Wagon R FX,2017,Automatic,Hybrid,650,11000,3000000
car,Toyota,Corolla 121,2001,Automatic,Petrol,1600,160500,3350000
car,Nissan,N16,2004,Manual,Petrol,1600,190000,2290000
car,Toyota,Prius,2008,Automatic,Hybrid,1800,125000,2850000
car,Suzuki,Swift,2004,Automatic,Petrol,1300,116000,2200000
car,Mitsubishi,Lancer CS1,2001,Manual,Petrol,1300,216000,2250000
van,Toyota,KDH 221,2013,Automatic,Diesel,3000,226000,7900000
car,Suzuki,Alto,2015,Manual,Petrol,800,30550,1790000
car,Suzuki,Maruti 800,2011,Manual,Petrol,800,71000,1275000
car,Suzuki,Alto,2011,Manual,Petrol,800,109000,1550000
car,Suzuki,Swift,2017,Automatic,Petrol,1200,53000,5000000
van,Nissan,Clipper,2015,Automatic,Petrol,650,105000,3550000
car,Suzuki,Wagon R,2018,Automatic,Petrol,650,5460,3550000
car,Suzuki,Stingray,2017,Automatic,Petrol,650,31567,3640000
car,Toyota,Vitz,2018,Automatic,Petrol,1000,29000,5290000
car,Honda,Fit Shuttle,2017,Automatic,Hybrid,1500,67000,5800000
car,Toyota,Vitz,2017,Automatic,Petrol,1000,22000,4815000
car,Suzuki,Celerio,2014,Automatic,Petrol,1000,56000,2585000
car,Mazda,3,2005,Manual,Petrol,1500,165300,3625000
pickup,Mahindra,Bolero,2013,Manual,Diesel,1500,73000,1450000
car,Micro,Panda Cross,2012,Manual,Petrol,1300,28000,1435000
car,Toyota,Premio F EX G Superior,2017,Automatic,Petrol,1500,31000,9350000
van,Suzuki,Every,2017,Automatic,Petrol,650,31000,3200000
van,Nissan,Caravan,2000,Manual,Diesel,2500,201500,4550000
car,Toyota,Prius,2011,Automatic,Petrol,1800,138000,4200000
car,Suzuki,Maruti,2005,Manual,Petrol,800,67000,1050000
car,Suzuki,Alto,2015,Manual,Petrol,800,69000,1990000
car,Hyundai,Eon,2014,Manual,Petrol,800,115000,1690000
car,Honda,Fit,2014,Automatic,Hybrid,1500,60000,3600000
car,Suzuki,Maruti,2012,Manual,Petrol,800,59000,1200000
van,Suzuki,Every DA64,2016,Automatic,Petrol,650,65000,1000000
suv,Toyota,Raize,2020,Automatic,Petrol,1000,80,7275000
car,Suzuki,Maruti,2008,Manual,Petrol,800,32000,1340000
van,Nissan,Caravan,2008,Automatic,Diesel,3000,182000,4250000
car,Nissan,March AK12,2009,Automatic,Petrol,1300,112000,2675000
car,Micro,Panda,2015,Manual,Petrol,1000,36000,1395000
car,Suzuki,Maruti 800,2005,Manual,Petrol,800,73512,1045000
car,Nissan,March K12,2002,Manual,Petrol,1300,170000,1890000
car,Honda,Grace,2015,Automatic,Petrol,1500,88000,4840000
car,Toyota,Premio,2016,Automatic,Petrol,1500,46000,8700000
car,Suzuki,Swift,2011,Automatic,Petrol,1300,97800,3025000
pickup,Nissan,Navara,2007,Manual,Diesel,2500,145000,3785000
car,Toyota,Prius G Touring,2012,Automatic,Petrol,1800,33200,4700000
pickup,Tata,Xenon,2015,Manual,Diesel,2500,69000,1550000
car,Toyota,Vitz,2015,Automatic,Petrol,1000,27350,4575000
car,Toyota,Axio,2015,Automatic,Hybrid,1500,79000,4450000
car,Toyota,Aqua,2013,Automatic,Petrol,1500,72000,3825000
car,Toyota,Allion 240,2003,Automatic,Petrol,1500,127000,3450000
car,Suzuki,Wagon R FZ,2018,Automatic,Hybrid,650,32000,2925000
van,Toyota,Townace KR42,2003,Automatic,Diesel,2000,160000,3075000
car,Nissan,Cefiro,2002,Automatic,Petrol,2000,175900,1850000
car,Toyota,Prius,2013,Automatic,Petrol,1800,146000,5100000
pickup,Nissan,Navara,2008,Manual,Diesel,2500,124000,5250000
car,Suzuki,Wagon R,2018,Automatic,Petrol,650,45000,3390000
car,Hyundai,Sonata,2007,Automatic,Petrol,2000,89000,1620000
car,Honda,Insight,2017,Automatic,Petrol,1500,18000,9000000
car,Micro,Panda Cross,2015,Manual,Petrol,1300,41000,1695000
car,Suzuki,Celerio VXI,2015,Automatic,Petrol,1000,58000,2475000
car,Toyota,Vitz,2018,Automatic,Petrol,1000,45000,4590000
car,Toyota,Aqua,2013,Automatic,Hybrid,1500,112000,3200000
car,Toyota,Axio,2007,Automatic,Petrol,1500,136185,4375000
car,Tata,Nano,2011,Manual,Petrol,650,85000,895000
car,Suzuki,Zen,2006,Manual,Petrol,1000,80000,1225000
car,Micro,MX 7 Geely,2012,Manual,Petrol,1500,100000,1400000
car,Suzuki,Maruti Alto,2016,Manual,Petrol,800,29649,1975000
suv,Honda,Vezel RS Sensing,2018,Automatic,Hybrid,1500,58200,7785000
car,Toyota,Vios,2004,Automatic,Petrol,1500,93500,3350000
van,Daihatsu,Hijet,2007,Automatic,Petrol,650,74000,1800000
car,Toyota,Premio F EX G Superior,2018,Automatic,Petrol,1500,16200,10800000
car,Suzuki,Wagon R FZ,2017,Automatic,Petrol,650,40000,3425000
car,Micro,Panda,2015,Manual,Petrol,1000,84000,15750000
suv,Toyota,CHR,2018,Automatic,Petrol,1200,2000,8800000
car,Suzuki,Wagon R,2014,Automatic,Petrol,650,81000,2415000
car,Perodua,Viva Elite,2009,Manual,Petrol,1000,75000,1800000
pickup,Mahindra,Bolero,2014,Manual,Diesel,2500,47000,1000000
car,Suzuki,SX4,2008,Automatic,Petrol,1500,96160,3150000
car,Suzuki,Alto,2012,Manual,Petrol,800,59000,1750000
suv,Mitsubishi,Montero V6,2002,Automatic,Petrol,3500,120000,6000000
car,Honda,Fit GP1,2010,Automatic,Petrol,1300,90000,2675000
car,Toyota,Pixis,2013,Manual,Petrol,650,23450,2575000
car,Suzuki,Swift,2006,Manual,Petrol,1300,165000,2075000
car,Suzuki,Alto Japan,2004,Automatic,Petrol,650,91050,1850000
car,Micro,Panda,2012,Manual,Petrol,1000,40000,1375000
car,Nissan,FB15,2000,Manual,Petrol,1500,145000,2175000
car,Suzuki,Alto 800,2015,Manual,Petrol,800,78500,1885000
suv,Toyota,CHR,2018,Automatic,Petrol,1800,10000,8000000
car,Toyota,Camry,2005,Automatic,Petrol,2400,102000,3375000
car,Toyota,Axio,2016,Automatic,Petrol,1500,74000,5825000
suv,Toyota,CHR,2017,Automatic,Petrol,1200,38000,7635000
car,Toyota,Aqua,2012,Automatic,Petrol,1500,69000,3220000
van,Suzuki,Every,2017,Automatic,Petrol,650,42000,3185000
car,Suzuki,Alto 800 LXI,2008,Manual,Petrol,800,116000,1485000
car,Toyota,Axio,2008,Automatic,Diesel,1500,88000,4190000
car,Toyota,Axio,2007,Automatic,Petrol,1500,149000,3950000
car,Suzuki,Alto,2015,Manual,Petrol,800,66000,1775000
car,Nissan,FB15,2000,Automatic,Petrol,1500,230000,2240000
car,Daihatsu,Mira,2017,Automatic,Petrol,650,39000,2850000
car,Suzuki,Wagon R,2017,Automatic,Petrol,650,22000,3200000
van,Nissan,Caravan,2004,Automatic,Diesel,3000,265000,4850000
car,Suzuki,Swift,2005,Automatic,Petrol,1300,127400,2800000
car,Toyota,Allion 260,2007,Automatic,Petrol,1500,148526,5190000
car,Suzuki,Maruti,2006,Manual,Petrol,800,23000,1100000
car,Toyota,Premio,2014,Automatic,Petrol,1500,63000,7450000
car,Honda,Fit Aria,2007,Automatic,Petrol,1500,120200,2690000
suv,Honda,Vezel Z Orange,2014,Automatic,Petrol,1500,39700,5525000
car,Suzuki,Wagon R Stingray,2018,Automatic,Hybrid,650,43000,3790000
suv,Honda,Vezel RS,2017,Automatic,Petrol,1500,46500,7250000
car,Nissan,N16 Ex Saloon,2003,Automatic,Petrol,1600,134367,2450000
van,Suzuki,Every,2007,Automatic,Petrol,650,110300,2525000
car,Toyota,Aqua,2012,Automatic,Hybrid,1500,91000,3050000
van,Toyota,Dolphin 172 Super GL,2000,Automatic,Diesel,2000,150000,5250000
van,Daihatsu,Hijet,2007,Manual,Petrol,650,150050,1525000
pickup,Mahindra,Bolero,2004,Manual,Diesel,2500,134000,1875000
car,Toyota,Premio,2000,Automatic,Diesel,1500,123123,1275000
car,Toyota,Axio,2010,Automatic,Petrol,1500,77553,4675000
car,Toyota,Premio 240,2003,Automatic,Petrol,1500,144000,3625000
car,Suzuki,Maruti,2007,Manual,Petrol,800,80000,1125000
car,Suzuki,A-Star,2011,Manual,Petrol,1000,92400,2050000
van,Nissan,NV200,2010,Automatic,Petrol,1600,118000,4150000
car,Nissan,Sunny FB15,2004,Automatic,Petrol,1500,144500,2125000
car,Hyundai,Elantra,2004,Automatic,Petrol,1600,116100,1375000
suv,Suzuki,Maruti 800,2006,Manual,Petrol,800,48000,1025000
van,Mazda,Bongo,2007,Manual,Diesel,2200,195000,3375000
van,Mazda,Bongo,2007,Manual,Diesel,2000,160000,3150000
car,Suzuki,Wagon R FZ,2017,Automatic,Petrol,650,7000,3750000
car,Tata,Nano Twist,2016,Manual,Petrol,650,61500,1460000
pickup,Mahindra,Bolero,2015,Manual,Diesel,2500,41000,2075000
car,Suzuki,Zen,2005,Manual,Petrol,1000,162000,1290000
car,Toyota,Prius,2009,Automatic,Hybrid,1800,95000,3200000
car,Suzuki,Alto,2010,Manual,Petrol,800,105000,1425000
car,Suzuki,Alto K10,2015,Manual,Petrol,1000,85000,2400000
car,Suzuki,Maruti,2005,Manual,Petrol,800,45000,990000
car,Nissan,Sunny N16,2000,Automatic,Petrol,1600,170000,2260000
car,Suzuki,Maruti 800,2011,Manual,Petrol,800,26500,1295000
car,Suzuki,Wagon R FX,2016,Automatic,Petrol,650,71200,2790000
car,Honda,Fit,2013,Automatic,Petrol,1300,67000,3090000
car,Suzuki,Alto,2011,Manual,Petrol,800,180000,1425000
van,Nissan,Caravan,2007,Manual,Diesel,3000,189000,4400000
car,Zotye,Z100,2018,Manual,Petrol,1000,75000,1050000
car,Toyota,Aqua,2015,Automatic,Hybrid,1500,56000,4350000
car,Honda,Insight,2011,Automatic,Hybrid,1300,115000,2900000
car,Nissan,Leaf,2013,Automatic,Electric,70,75270,1875000
car,Suzuki,Maruti,2005,Manual,Petrol,800,75000,1050000
suv,Toyota,CHR,2017,Automatic,Petrol,1200,26500,6850000
car,Honda,Fit GP5,2014,Automatic,Hybrid,1500,80000,3850000
car,Toyota,Vitz,2016,Automatic,Petrol,1000,34000,4775000
van,Toyota,KDH 200,2007,Manual,Diesel,2400,160000,5750000
van,Suzuki,Every,2018,Automatic,Petrol,650,34000,3750000
car,Suzuki,Celerio,2016,Manual,Petrol,1000,30000,2525000
car,Suzuki,Alto,2015,Manual,Petrol,800,62000,1925000
suv,Nissan,X-Trail,2015,Automatic,Petrol,2000,39050,6600000
car,Suzuki,Maruti 800,2007,Manual,Petrol,800,100000,1065000
pickup,Toyota,Hilux Vigo,2007,Automatic,Diesel,3000,172000,6625000
car,Suzuki,Wagon R Stingray,2016,Automatic,Hybrid,650,28000,2640000
car,Datsun,Redi-GO,2016,Manual,Petrol,800,49000,1850000
van,Toyota,KDH,2016,Manual,Diesel,3000,200500,8040000
van,Suzuki,Every,2012,Automatic,Petrol,650,87000,2550000
pickup,Mahindra,Bolero,2015,Manual,Diesel,2500,40000,1975000
car,Toyota,Vios,2004,Automatic,Petrol,1500,152000,2875000
pickup,Mahindra,Bolero,2006,Manual,Diesel,2500,90100,1090000
car,Suzuki,Alto K10,2011,Manual,Petrol,1000,90000,1775000
car,Suzuki,Wagon R FX,2017,Automatic,Petrol,650,37000,3500000
car,Toyota,Allion 240,2003,Automatic,Petrol,1500,115000,3390000
car,Suzuki,Maruti,2003,Manual,Petrol,800,93000,875000
car,Suzuki,Alto,2018,Manual,Petrol,800,60000,2200000
car,Suzuki,Wagon R,2008,Manual,Petrol,650,79000,1765000
car,Nissan,Leaf,2012,Automatic,Electric,80,26900,1800000
car,Micro,MX 7 Geely,2012,Manual,Petrol,1500,90000,1560000
car,Nissan,Leaf,2014,Automatic,Electric,70,38000,2025000
van,Toyota,KDH TRH GL,2014,Automatic,Petrol,2000,78500,6690000
car,Nissan,Bluebird,2006,Automatic,Petrol,1500,169000,3225000
van,Suzuki,Spacia,2016,Automatic,Hybrid,650,34100,2900000
van,Suzuki,DA64,2011,Manual,Petrol,650,110000,1850000
van,Suzuki,Spacia G,2018,Automatic,Petrol,650,40000,3325000
car,Toyota,Prius,2012,Automatic,Hybrid,1800,100000,4375000
car,Honda,Fit Shuttle,2012,Automatic,Petrol,1300,136000,3350000
suv,Micro,Kyron,2007,Automatic,Diesel,2000,83000,2850000
car,Toyota,Corolla 121,2001,Automatic,Petrol,1600,200500,3250000
van,Suzuki,Spacia,2015,Automatic,Hybrid,650,70000,3000000
suv,Honda,Vezel,2016,Automatic,Hybrid,1500,39500,6600000
car,Suzuki,Wagon R,2006,Manual,Petrol,650,87400,1700000
car,Nissan,Sunny N16,2001,Automatic,Petrol,1500,135000,2245000
car,Suzuki,Wagon R Stingray,2014,Automatic,Hybrid,650,23000,2575000
car,Toyota,AE110 ,2006,Automatic,Petrol,1500,149200,2525000
car,Suzuki,Maruti,2005,Manual,Petrol,800,96545,1095000
car,Toyota,Vitz,2017,Automatic,Petrol,1000,68018,4250000
van,Mazda,Scrum,2014,Automatic,Petrol,650,43000,2160000
car,Toyota,Vitz,2008,Automatic,Petrol,1000,116000,3250000
pickup,Mahindra,Bolero,2016,Manual,Diesel,2500,28000,2200000
car,Nissan,N17,2008,Automatic,Petrol,1300,84000,2820000
car,Mazda,Familia BJ5P,2000,Manual,Petrol,1500,165000,1550000
van,Nissan,NV350,2014,Manual,Diesel,2500,67300,6750000
suv,Kia,Sorento,2012,Automatic,Diesel,2200,88000,7150000
car,Suzuki,Wagon R,2018,Automatic,Hybrid,650,30000,2850000
car,Mitsubishi,Lancer,2003,Manual,Petrol,1400,217000,1975000
car,Nissan,N16 Ex Saloon,2002,Manual,Petrol,1500,160000,2200000
car,Suzuki,Alto 800 LXI,2014,Manual,Petrol,800,45000,1785000
car,Micro,Panda,2011,Manual,Petrol,1000,120000,1275000
car,Mahindra,KUV 100,2020,Manual,Petrol,1200,80,3250000
van,Nissan,Vanette,2006,Manual,Diesel,2200,156000,3690000
car,Toyota,Vios,2005,Automatic,Petrol,1500,85000,2800000
car,Suzuki,Alto,2012,Manual,Petrol,800,63000,1600000
van,Suzuki,Every,2015,Automatic,Petrol,650,12000,2950000
car,Suzuki,Wagon R,2018,Automatic,Hybrid,650,27000,3875000
car,Suzuki,Alto,2015,Manual,Petrol,800,60000,1995000
car,Toyota,Aqua G Grade,2014,Automatic,Hybrid,1500,86000,3625000
car,Suzuki,Alto,2015,Manual,Petrol,800,49000,1785000
car,Toyota,Premio,2016,Automatic,Petrol,1500,36000,9100000
car,Toyota,IST,2007,Automatic,Petrol,1500,126000,3595000
van,Toyota,KDH 223,2015,Automatic,Diesel,3000,58000,8425000
car,Suzuki,Wagon R Stingray,2018,Automatic,Hybrid,650,20000,3215000
suv,Honda,Vezel,2014,Automatic,Petrol,1500,64000,4850000
car,Suzuki,Maruti,2012,Manual,Petrol,800,57000,1295000
van,Mazda,Scrum,2012,Automatic,Petrol,650,100000,2650000
van,Suzuki,Spacia,2015,Automatic,Petrol,650,12000,3200000
car,Micro,Geely MX7,2014,Manual,Petrol,1500,167900,2000000
car,Honda,Grace EX,2014,Automatic,Hybrid,1500,95000,4850000
car,Suzuki,Swift,2017,Automatic,Petrol,1000,40000,5600000
car,Toyota,IST,2008,Automatic,Petrol,1500,77000,3500000
car,Micro,Trend,2012,Manual,Petrol,1000,34000,1200000
car,Toyota,Aqua,2014,Automatic,Hybrid,1500,96000,3875000
car,Tata,Nano,2016,Manual,Petrol,650,50000,1350000
car,Honda,Insight,2011,Automatic,Petrol,1300,113800,3500000
car,Toyota,Vitz KSP90,2008,Automatic,Petrol,1000,85000,3450000
van,Nissan,NV200,2012,Automatic,Petrol,1600,123000,4250000
car,Micro,Panda,2013,Manual,Petrol,1000,28000,1425000
car,Suzuki,Swift,2004,Automatic,Petrol,1300,98505,2350000
car,Nissan,March K12,2003,Automatic,Petrol,1000,95198,1875000
car,Toyota,Premio,2017,Automatic,Petrol,1500,13000,9500000
car,Daihatsu,Mira,2018,Automatic,Petrol,650,8650,3725000
suv,Mitsubishi,Montero,2013,Automatic,Diesel,3200,123975,12500000
van,Toyota,CR42,2002,Manual,Diesel,2200,430000,4390000
car,Kia,Spectra,2002,Manual,Petrol,1600,145000,1080000
pickup,Mahindra,Bolero,2016,Manual,Diesel,2500,64000,2200000
van,Suzuki,Omni,2006,Manual,Petrol,800,125000,925000
suv,Nissan,X-Trail,2008,Automatic,Petrol,2500,110000,5250000
car,Tata,Nano,2016,Manual,Petrol,650,150000,1235000
car,Suzuki,Wagon R Stingray,2018,Automatic,Petrol,650,41000,3775000
van,Daihatsu,Hijet,2002,Manual,Petrol,650,110000,1725000
car,Suzuki,Wagon R,2018,Automatic,Hybrid,650,37000,3790000
suv,Micro,Kyron,2007,Automatic,Diesel,2000,83050,2850000
car,Tata,Indica,2015,Manual,Petrol,1300,33000,1750000
pickup,Toyota,Hilux Rocco,2020,Automatic,Diesel,2800,970,17200000
car,Honda,Freed,2013,Automatic,Hybrid,1500,90000,4475000
car,Toyota,Passo,2008,Automatic,Petrol,1000,103000,2800000
car,Suzuki,Celerio,2015,Automatic,Petrol,1000,59000,2424000
car,Suzuki,Wagon R,2014,Automatic,Petrol,650,80000,2800000
car,Suzuki,Maruti,2005,Manual,Petrol,800,70000,895000
van,Daihatsu,Hijet,2007,Automatic,Petrol,650,85000,2195000
van,Nissan,NV350,2014,Automatic,Diesel,2500,71000,6890000
car,Toyota,Vitz,2009,Automatic,Petrol,1000,88700,3360000
car,Renault,KWID RXT,2016,Manual,Petrol,800,13636,1800000
car,Tata,Indica,2005,Manual,Petrol,1200,100000,1050000
pickup,Toyota,Hilux,2016,Automatic,Diesel,3000,48000,8400000
car,Tata,Nano Twist,2017,Automatic,Petrol,650,70000,1300000
car,Micro,Panda,2014,Manual,Petrol,1000,45126,1425000
suv,Toyota,Harrier,2007,Automatic,Petrol,3000,140000,5375000
car,Toyota,Vitz,2007,Automatic,Petrol,1000,140000,2700000
van,Nissan,Vanette,2001,Manual,Diesel,2200,189000,2390000
van,Nissan,E25,2002,Manual,Diesel,3200,125640,4600000
car,Toyota,Vitz,2018,Automatic,Petrol,1000,22000,4350000
pickup,Mahindra,Bolero,2012,Manual,Diesel,2500,62000,1350000
car,Toyota,Aqua,2013,Automatic,Petrol,1500,80023,3840000
van,Nissan,Clipper,2014,Automatic,Petrol,650,82000,2340000
car,Toyota,Aqua,2012,Automatic,Petrol,1500,145000,3550000
van,Toyota,KDH,2010,Automatic,Diesel,3000,250000,7500000
car,Honda,Insight,2011,Automatic,Hybrid,1300,98000,3350000
van,Suzuki,Spacia,2016,Automatic,Petrol,650,80000,3175000
van,Nissan,Clipper,2016,Automatic,Petrol,650,87000,2300000
car,Suzuki,Wagon R FZ,2015,Automatic,Hybrid,650,64000,2750000
car,Tata,Nano,2011,Manual,Petrol,650,175000,780000
car,Tata,Indigo,2013,Manual,Petrol,1200,51566,1200000
car,Toyota,Vios,2003,Automatic,Petrol,1500,138500,2550000
car,Suzuki,Alto,2006,Manual,Petrol,800,120000,1325000
van,Nissan,NV350,2014,Automatic,Diesel,2500,195000,6000000
car,Mahindra,KUV 100 NXT,2019,Manual,Petrol,1200,90,3255000
car,Suzuki,Maruti 800,2012,Manual,Petrol,800,360000,1210000
car,Toyota,Aqua,2013,Automatic,Petrol,1500,92000,3800000
car,Toyota,Premio,2013,Automatic,Petrol,1500,66000,6850000
car,Toyota,Vitz,2009,Automatic,Petrol,1000,95250,3340000
car,Suzuki,Wagon R Stingray,2014,Automatic,Petrol,650,53000,2950000
car,Suzuki,Ignis,2001,Automatic,Petrol,1300,30000,1750000
car,Nissan,March K12,2004,Automatic,Petrol,1300,109000,1950000
suv,Toyota,RAV4,2000,Manual,Petrol,2000,187000,3050000
car,Toyota,Yaris,2007,Manual,Petrol,1300,98000,2950000
car,Toyota,Axio,2016,Automatic,Hybrid,1500,104607,5000000
suv,Mahindra,KUV 100,2020,Manual,Petrol,1200,169,3200000
car,Toyota,Axio,2007,Automatic,Petrol,1800,140000,4225000
car,Toyota,Corolla 121,2001,Automatic,Petrol,1500,184000,2800000
car,Suzuki,Alto,2011,Manual,Petrol,800,68000,1675000
car,Suzuki,Alto 800 LXI,2013,Manual,Petrol,800,29100,1750000
car,Toyota,Premio,2018,Automatic,Petrol,1500,34500,10225000
car,Suzuki,Wagon R,2019,Automatic,Hybrid,650,7000,3250000
car,Toyota,Corolla 121,2005,Automatic,Petrol,1500,180000,3450000
suv,Honda,Vezel,2016,Automatic,Hybrid,1500,52400,5790000
suv,Mitsubishi,Montero,2006,Automatic,Diesel,3500,106000,7750000
car,Nissan,Tiida Latio,2007,Automatic,Petrol,1500,140000,3025000
pickup,Tata,207,2012,Manual,Diesel,3000,98620,1010000
car,Suzuki,Alto 800 LXI,2015,Manual,Petrol,800,62000,1745000
car,Suzuki,Alto,2010,Manual,Petrol,800,93000,1440000
car,Suzuki,Alto,2015,Manual,Petrol,800,64000,1985000
car,Zotye,Z100,2018,Manual,Petrol,1000,13500,1875000
car,Nissan,FB15,2001,Automatic,Petrol,1500,180000,2000000
car,Suzuki,Maruti 800,2007,Manual,Petrol,650,110000,1130000
car,Toyota,Vitz,2010,Automatic,Petrol,1000,86000,3475000
car,Toyota,Axio,2007,Automatic,Petrol,1500,149700,4000000
car,Suzuki,Alto,2011,Manual,Petrol,800,160000,1495000
car,Suzuki,Alto K10,2013,Manual,Petrol,1000,50000,1900000
car,Suzuki,Maruti 800,2008,Manual,Petrol,800,68400,1165000
van,Suzuki,Every DA64,2017,Automatic,Petrol,650,31500,3975000
car,Toyota,Aqua,2013,Automatic,Hybrid,1500,47500,3700000
suv,Toyota,CHR,2017,Automatic,Petrol,1200,21000,7480000
car,Suzuki,Swift,2003,Automatic,Petrol,1300,159000,2375000
car,Suzuki,Alto,2014,Manual,Petrol,800,51000,1850000
car,Suzuki,Alto 800,2014,Manual,Petrol,800,120000,1670000
car,Suzuki,Alto K10,2011,Manual,Petrol,1000,72000,1820000
car,Toyota,Premio,2014,Automatic,Petrol,1500,69700,6975000
car,Suzuki,Maruti,2012,Manual,Petrol,800,45244,1265000
van,Mitsubishi,Mini Cab,2000,Automatic,Petrol,650,191000,1575000
van,Toyota,KDH 201,2015,Automatic,Diesel,2600,50000,8900000
car,Mitsubishi,Galant,2000,Manual,Diesel,2000,280000,2000000
van,Nissan,Clipper NV100,2015,Manual,Petrol,650,39500,2830000
car,Suzuki,Maruti,2011,Manual,Petrol,800,46000,1325000
car,Toyota,Prius G Touring,2012,Automatic,Hybrid,1800,97000,4650000
suv,Micro,Rexton,2008,Manual,Diesel,2800,172000,3650000
car,Suzuki,Alto,2011,Manual,Petrol,800,100000,1545000
car,Nissan,FB15 Ex Saloon,2004,Automatic,Petrol,1500,159000,2550000
van,Suzuki,Every,2018,Automatic,Petrol,650,18895,3675000
car,Suzuki,Wagon R Stingray,2015,Automatic,Petrol,650,60000,2700000
van,Toyota,KDH 201,2011,Automatic,Diesel,3000,75000,7175000
car,Suzuki,Alto,2007,Manual,Petrol,800,66258,1575000
van,Nissan,E25,2002,Manual,Diesel,3200,201500,3975000
car,Kia,Carens,2002,Automatic,Petrol,1800,100000,1600000
car,Suzuki,Maruti,2006,Manual,Petrol,800,100000,1030000
car,Suzuki,800,2011,Manual,Petrol,800,73142,1725000
car,Suzuki,Wagon R Stingray,2018,Automatic,Petrol,650,41900,3795000
car,Perodua,Viva Elite,2012,Automatic,Petrol,1000,140000,2385000
van,Toyota,KDH 201 Super GL,2007,Automatic,Diesel,3000,175000,6200000
car,Toyota,Aqua G Grade,2012,Automatic,Petrol,1500,64567,3650000
car,Toyota,Prius 2nd Generation,2009,Automatic,Petrol,1500,130000,2800000
car,Daihatsu,Mira,2003,Automatic,Petrol,650,84000,1950000
car,Micro,MX 7 Geely,2013,Manual,Petrol,1500,187500,1875000
car,Suzuki,Alto K10,2011,Manual,Petrol,1000,135000,1865000
car,Suzuki,Wagon R,2014,Automatic,Petrol,650,43000,3000000
van,Nissan,Vanette,2006,Manual,Diesel,2000,140000,3725000
car,Honda,Fit Shuttle,2012,Automatic,Hybrid,1300,170000,3900000
van,Toyota,Noah KR42,2002,Manual,Petrol,1800,120000,3300000
car,Suzuki,Alto,2015,Manual,Petrol,800,57618,1880000
car,Mazda,Demio,2007,Automatic,Petrol,1300,65000,2450000
car,Micro,Panda,2015,Manual,Petrol,1000,75000,1575000
car,Suzuki,Alto,2015,Manual,Petrol,800,42000,1920000
car,Honda,Fit Shuttle,2011,Automatic,Hybrid,1300,96000,3280000
car,Suzuki,Alto,2014,Manual,Petrol,800,54567,1710000
pickup,Mahindra,Bolero,2015,Manual,Diesel,2500,51000,1775000
car,Perodua,Viva Elite,2010,Manual,Petrol,1000,102000,1840000
car,Toyota,Prius S Touring,2012,Automatic,Petrol,1800,81000,4500000
car,Nissan,FB15,2000,Automatic,Petrol,1300,212785,2175000
car,Toyota,Premio G Superior,2018,Automatic,Petrol,1500,17200,9775000
car,Toyota,Vitz,2007,Automatic,Petrol,1000,104000,3250000
car,Suzuki,Wagon R FX,2019,Automatic,Hybrid,650,25300,2970000
car,Suzuki,Alto,2015,Manual,Petrol,800,41000,1975000
van,Nissan,Caravan,2012,Automatic,Diesel,2000,153000,6500000
suv,Honda,Vezel RS,2018,Automatic,Hybrid,1500,38000,8325000
car,Suzuki,Alto,2015,Manual,Petrol,800,50000,1850000
car,Nissan,Dayz,2016,Automatic,Petrol,650,42150,3325000
car,Toyota,Passo,2017,Automatic,Petrol,1000,34000,4600000
car,Toyota,Aqua,2014,Automatic,Hybrid,1500,68000,4000000
suv,Honda,Vezel Z Orange,2014,Automatic,Hybrid,1500,74000,4925000
car,Tata,Indigo,2008,Manual,Diesel,1400,140000,1195000
car,Suzuki,Wagon R,2017,Automatic,Petrol,650,43350,2860000
car,Suzuki,Alto 800,2015,Manual,Petrol,800,25000,2175000
car,Suzuki,Alto,2008,Manual,Petrol,800,73000,1480000
car,Suzuki,Swift,2008,Automatic,Petrol,1300,70000,3200000
car,Suzuki,Wagon R,2016,Automatic,Petrol,650,41900,2825000
car,Toyota,Premio G Superior,2017,Automatic,Petrol,1500,38000,9025000
van,Suzuki,Every,2017,Automatic,Petrol,650,17500,2600000
car,Chevrolet,Aveo,2007,Manual,Petrol,1400,105000,2725000
car,Toyota,Allion 240,2002,Automatic,Petrol,1500,138000,3580000
pickup,Mahindra,Bolero,2016,Manual,Diesel,2500,45000,1850000
car,Toyota,Vitz,2007,Automatic,Petrol,1000,100000,3125000
pickup,Toyota,Hilux,2008,Manual,Diesel,3000,180000,6150000
car,Suzuki,Maruti 800,2010,Manual,Petrol,800,65000,1250000
car,Suzuki,Alto 800 LXI,2016,Manual,Petrol,800,65700,1850000
car,Suzuki,Alto 800 LXI,2014,Manual,Petrol,800,52000,1695000
car,Suzuki,Maruti,2005,Manual,Petrol,800,72500,975000
car,Suzuki,Wagon R Stingray,2015,Automatic,Petrol,650,56000,2658000
car,Suzuki,Wagon R,2019,Automatic,Hybrid,650,34000,3675000
car,Toyota,Premio,2019,Automatic,Petrol,1500,21500,8800000
van,Mazda,Scrum,2015,Automatic,Petrol,650,120000,2450000
car,Toyota,Carina,2009,Manual,Petrol,1500,200000,1375000
car,Toyota,Allion 240,2006,Automatic,Petrol,1500,123000,4540000
car,Honda,Fit GP1,2010,Automatic,Petrol,1300,103000,2925000
car,Toyota,Corolla 121,2000,Automatic,Petrol,1500,147000,3150000
car,Suzuki,Wagon R,2018,Automatic,Hybrid,650,76000,3475000
suv,Nissan,X-Trail,2015,Automatic,Hybrid,2000,65000,6500000
car,Suzuki,Wagon R Stingray,2014,Automatic,Hybrid,650,60900,2975000
car,Suzuki,Wagon R FX,2016,Automatic,Hybrid,650,49000,2975000
car,Toyota,Prius G Touring,2012,Automatic,Hybrid,1800,123000,4875000
car,Toyota,Premio,2008,Automatic,Petrol,1500,147321,5350000
car,Toyota,Axio,2015,Automatic,Petrol,1500,51000,4975000
car,Suzuki,Zen Estilo,2010,Manual,Petrol,1000,85000,1690000
car,Tata,Nano,2017,Automatic,Petrol,800,46500,1195000
pickup,Toyota,Hilux Vigo,2006,Manual,Diesel,3000,135000,5970000
suv,Toyota,CHR GT TURBO,2017,Automatic,Petrol,1200,14950,8150000
car,Toyota,Vitz,2000,Automatic,Petrol,1000,110500,2250000
pickup,Toyota,Hilux Vigo,2007,Automatic,Diesel,3000,190000,6750000
car,Suzuki,Wagon R Stingray,2014,Automatic,Petrol,650,52000,2695000
car,Toyota,Passo,2004,Automatic,Petrol,1000,105000,2295000
van,Suzuki,Every,2020,Automatic,Petrol,650,10000,3950000
car,Renault,KWID,2016,Manual,Petrol,800,23200,1925000
car,Toyota,Axio,2017,Automatic,Petrol,1500,19750,5675000
car,Suzuki,Wagon R,2017,Automatic,Hybrid,650,57000,3200000
car,Toyota,Premio,2018,Automatic,Petrol,1500,56000,10500000
car,Nissan,March,2001,Automatic,Petrol,1000,160553,1620000
car,Toyota,Aqua,2015,Automatic,Hybrid,1500,32000,4500000
pickup,Toyota,Hilux,2009,Manual,Diesel,2500,150000,5150000
van,Toyota,KDH 201,2012,Automatic,Diesel,3000,100000,7505000
pickup,Mahindra,Bolero Maxi Truck,2017,Manual,Diesel,2500,28500,2450000
car,Suzuki,Wagon R ,2016,Automatic,Petrol,650,49000,3000000
car,Suzuki,Alto,2015,Manual,Petrol,800,12000,2125000
car,Suzuki,Wagon R FZ,2015,Automatic,Petrol,650,69000,2790000
van,Toyota,Dolphin,2001,Manual,Petrol,2000,365400,1500000
van,Toyota,Voxy,2014,Automatic,Hybrid,1800,109000,6700000
car,Honda,Fit GP5,2015,Automatic,Hybrid,1500,90000,3500000
car,Suzuki,Maruti 800,2006,Manual,Petrol,800,74000,1090000
car,Suzuki,Alto,2015,Manual,Petrol,800,16672,1885000
car,Suzuki,Swift,2003,Automatic,Petrol,1300,166000,2275000
car,Micro,Panda,2011,Manual,Petrol,1000,40600,1300000
van,Suzuki,Every,2018,Automatic,Petrol,650,31000,2990000
car,Honda,Fit Shuttle,2013,Automatic,Hybrid,1300,97000,4250000
pickup,Tata,Xenon,2015,Manual,Diesel,3000,117200,1700000
car,Nissan,Sunny,2001,Automatic,Petrol,1500,189000,2300000
van,Micro,MPV Junior 3,2015,Manual,Petrol,1100,50000,1500000
van,Toyota,KDH 223,2015,Automatic,Diesel,3000,142000,8600000
car,Honda,Fit GP1,2012,Automatic,Petrol,1300,92000,2900000
van,Mazda,Bongo,2000,Manual,Diesel,2200,145000,3200000
car,Toyota,Axio X Grade,2007,Automatic,Petrol,1500,122000,4150000
car,Toyota,Premio G Superior,2011,Automatic,Petrol,1500,104005,5860000
car,Toyota,Avanza,2008,Manual,Petrol,1500,27000,3100000
car,Suzuki,Wagon R Stingray,2015,Automatic,Petrol,650,21000,2825000
car,Toyota,Prius S Touring,2014,Automatic,Hybrid,1800,81000,4950000
car,Toyota,Premio,2010,Automatic,Petrol,1500,95000,5785000
van,Toyota,KDH,2007,Automatic,Diesel,2500,218000,6850000
car,Toyota,Aqua,2013,Automatic,Petrol,1500,85000,3585000
car,Toyota,Vitz,2009,Automatic,Petrol,1000,86000,2790000
car,Suzuki,Maruti 800,2009,Manual,Petrol,800,61250,1275000
car,Toyota,Axio WXB,2017,Automatic,Hybrid,1500,35000,6650000
van,Micro,MPV,2011,Manual,Diesel,1600,60000,1200000
car,Chery,QQ,2012,Manual,Petrol,800,52000,1200000
van,Daihatsu,Hijet,2007,Manual,Petrol,650,146200,2050000
car,Tata,Nano,2012,Manual,Petrol,650,74800,860000
car,Suzuki,Alto 800,2014,Manual,Petrol,800,31637,1780000
car,Toyota,Prius,2014,Automatic,Petrol,1800,85000,4900000
car,Nissan,Bluebird,2001,Automatic,Petrol,1800,196100,1890000
car,Perodua,Viva Elite,2010,Manual,Petrol,1000,86000,1985000
car,Micro,Panda,2015,Manual,Petrol,1000,18000,1600000
car,Toyota,Aqua,2012,Automatic,Petrol,1500,98400,2990000
car,Nissan,March K11,2001,Automatic,Petrol,1000,113000,1850000
car,Suzuki,Spacia,2016,Automatic,Hybrid,650,67000,3200000
car,Honda,Fit GP5,2013,Automatic,Hybrid,1500,83000,3775000
suv,Toyota,CHR,2018,Automatic,Petrol,1500,12000,7685000
car,Suzuki,Zen Estilo,2010,Manual,Petrol,1000,91000,1795000
car,Toyota,Prius,2009,Automatic,Hybrid,1800,132000,3800000
car,Honda,Fit GP5,2014,Automatic,Hybrid,1500,92000,4000000
car,Mahindra,KUV 100,2020,Manual,Petrol,1200,90,3242000
van,Toyota,Dolphin 172 Super GL,2006,Automatic,Diesel,3000,289500,5500000
pickup,Mahindra,Bolero,2017,Manual,Diesel,1500,33045,2195000
car,Renault,KWID,2016,Manual,Petrol,800,81000,2050000
car,Toyota,Aqua S Grade,2012,Automatic,Petrol,1500,78000,3175000
car,Suzuki,Alto Japan,2011,Automatic,Petrol,650,123000,2290000
pickup,Mahindra,Bolero,2018,Manual,Diesel,1500,34000,2300000
car,Suzuki,Alto Sport,2016,Manual,Petrol,800,60000,2075000
car,Tata,Indica,2004,Manual,Petrol,1500,78600,975000
car,Mazda,3,2011,Automatic,Petrol,1600,130000,4490000
car,Toyota,Allion 260,2010,Automatic,Petrol,1500,83000,4200000
car,Micro,Panda Cross,2012,Manual,Petrol,1300,29000,1675000
car,Toyota,Aqua G Grade,2012,Automatic,Hybrid,1500,92000,3185000
car,Toyota,Camry,2003,Automatic,Petrol,2000,225000,3100000
van,Mazda,Brawny,2002,Manual,Diesel,2500,230000,3400000
car,Suzuki,Maruti,2008,Manual,Petrol,800,75500,1100000
suv,Mitsubishi,Montero V6,2004,Automatic,Petrol,3500,101011,6300000
car,Toyota,Aqua,2014,Automatic,Petrol,1500,55000,3675000
car,Honda,City,2001,Automatic,Petrol,1500,109000,1890000
van,Nissan,Vanette,2001,Manual,Diesel,2000,150000,3275000
van,Suzuki,Every,2006,Manual,Petrol,650,212000,2275000
car,Suzuki,Wagon R ,2016,Automatic,Petrol,650,47000,2975000
suv,Toyota,CHR,2019,Automatic,Petrol,1500,6700,9550000
van,Nissan,Caravan,2013,Automatic,Diesel,2500,150000,6425000
car,Honda,Fit GP5,2014,Automatic,Hybrid,1500,65600,3450000
car,Suzuki,Alto 800,2015,Manual,Petrol,800,62000,1050000
car,Toyota,Prius G Touring,2013,Automatic,Hybrid,1800,79000,4775000
suv,Micro,Kyron,2011,Automatic,Petrol,2000,150000,3700000
pickup,Mahindra,Bolero,2016,Manual,Diesel,2500,68000,2290000
car,Toyota,Passo,2004,Automatic,Petrol,1000,110000,2015000
car,Toyota,Vitz,2019,Automatic,Petrol,1000,13000,5700000
car,Nissan,Sunny Super Saloon,2005,Manual,Petrol,1600,160000,2725000
suv,Honda,Vezel,2014,Automatic,Hybrid,1500,98000,4750000
van,Suzuki,Spacia Custom,2018,Automatic,Hybrid,650,45000,4290000
car,Hyundai,Elantra,2000,Automatic,Petrol,1600,129000,1375000
car,Honda,Fit Shuttle,2015,Automatic,Petrol,1300,106000,4600000
suv,Toyota,CHR,2018,Automatic,Petrol,1200,9135,8575000
van,Suzuki,Every,2012,Automatic,Petrol,650,115000,2675000
car,Tata,Nano,2011,Manual,Petrol,650,160000,750000
pickup,Toyota,Hilux,2020,Automatic,Diesel,2400,1850,14000000
van,Nissan,Super GL,2012,Automatic,Diesel,3000,158000,6850000
van,Daihatsu,Hijet,2007,Automatic,Petrol,650,91536,2095000
van,Toyota,KDH 201 Super GL,2013,Automatic,Diesel,3000,136540,8400000
car,Tata,Nano Twist,2015,Manual,Petrol,650,140000,1050000
car,Suzuki,Swift Center Antenna,2003,Automatic,Petrol,1300,123000,2390000
car,Nissan,FB15,2000,Automatic,Petrol,1500,150000,2165000
car,Suzuki,Alto,2018,Automatic,Petrol,650,3000,3985000
car,Suzuki,Maruti 800,2006,Manual,Petrol,800,79000,1035000
car,Nissan,N16,2001,Automatic,Petrol,1500,128868,2390000
car,Toyota,Vitz,2000,Automatic,Petrol,1000,164000,2250000
car,Toyota,Corolla 121,2002,Automatic,Petrol,1500,175000,3325000
car,Toyota,Premio,2014,Automatic,Petrol,1500,83000,6550000
car,Suzuki,Alto 800,2015,Manual,Petrol,800,30000,1750000
suv,Hyundai,Tuscon,2011,Automatic,Petrol,2000,89000,4000000
van,Hyundai,H100,2001,Manual,Diesel,2000,190000,2175000
car,Micro,MX 7,2013,Manual,Petrol,1500,120400,1650000
suv,Toyota,RAV4,2007,Automatic,Petrol,2300,117000,4850000
car,Toyota,Aqua,2012,Automatic,Hybrid,1500,165000,3600000
car,Toyota,Camry,2003,Automatic,Petrol,2000,190000,2550000
pickup,Mitsubishi,L200 Sportero,2006,Manual,Diesel,2500,250000,4950000
car,Toyota,Axio,2016,Automatic,Hybrid,1500,139500,5650000
suv,Kia,Sorento,2012,Automatic,Diesel,2200,127400,6500000
van,Nissan,E25,2001,Automatic,Diesel,3000,240000,3900000
car,Suzuki,Wagon R Stingray,2018,Automatic,Petrol,650,30000,3400000
car,Suzuki,Maruti,2009,Manual,Petrol,800,82500,1150000
car,Nissan,Dayz Highway Star,2018,Automatic,Petrol,650,18000,3550000
car,Mahindra,KUV 100,2020,Manual,Petrol,1200,120,3250000
pickup,Toyota,Hilux Vigo,2009,Manual,Diesel,2900,160000,4400000
car,Suzuki,Alto,2015,Manual,Petrol,800,49000,1890000
car,Nissan,FB15 Super Saloon,2001,Automatic,Petrol,1500,160000,2390000
car,Honda,Fit GP1,2013,Automatic,Hybrid,1300,94000,3375000
suv,Honda,Vezel,2014,Automatic,Hybrid,1500,88000,4950000
van,Toyota,KDH,2006,Automatic,Petrol,3000,132000,7200000
car,Suzuki,Maruti,2011,Manual,Petrol,800,52000,1310000
car,Honda,Fit GP5,2015,Automatic,Hybrid,1500,71000,4300000
van,Toyota,KDH High Roof,2015,Automatic,Diesel,2500,55000,9550000
van,Toyota,Dolphin,2003,Manual,Diesel,2800,285000,4800000
car,Suzuki,Maruti,2005,Manual,Petrol,800,140000,985000
car,Suzuki,Alto,2013,Manual,Petrol,800,96000,1690000
car,Toyota,Premio G Superior,2007,Automatic,Petrol,1500,107000,5500000
car,Toyota,Premio F EX G Superior,2018,Automatic,Petrol,1500,7800,11175000
car,Suzuki,Alto K10,2012,Manual,Petrol,1000,78000,1890000
car,Nissan,FB15,2002,Automatic,Petrol,1500,58000,2870000
suv,Honda,Vezel,2016,Automatic,Petrol,1500,52000,6250000
car,Suzuki,Maruti 800,2010,Manual,Petrol,800,97000,1180000
car,Toyota,Corolla 121,2002,Automatic,Petrol,1500,164000,3150000
car,Toyota,Belta,2010,Automatic,Petrol,1000,92000,3570000
car,Suzuki,Wagon R FX,2017,Automatic,Hybrid,650,78000,2995000
suv,Nissan,X-Trail,2016,Automatic,Hybrid,2000,30000,7000000
car,Toyota,Vitz F,2015,Automatic,Petrol,1000,50600,4525000
car,Micro,Panda,2016,Manual,Petrol,1000,32900,1700000
car,Toyota,Vitz,2008,Automatic,Petrol,1000,64564,2900000
suv,Micro,Kyron,2008,Automatic,Diesel,2000,120000,2900000
van,Suzuki,Every DA64,2013,Automatic,Petrol,650,44000,2300000
car,Nissan,N17,2003,Manual,Petrol,1300,200000,2150000
car,Honda,Fit GP1,2012,Automatic,Petrol,1300,87000,3340000
car,Toyota,Axio,2019,Automatic,Hybrid,1500,1200,8350000
car,Honda,Fit GP1,2011,Automatic,Hybrid,1300,79000,3575000
car,Toyota,Corolla 121,2002,Automatic,Petrol,1500,148000,3150000
car,Honda,Fit GP5,2013,Automatic,Petrol,1500,49000,4390000
car,Toyota,Vitz,2015,Automatic,Petrol,1000,60442,4575000
suv,Hyundai,Santa Fe,2008,Automatic,Diesel,2200,194000,4500000
car,Toyota,Prius,2011,Automatic,Petrol,1800,170000,3550000
car,Toyota,Axio WXB,2017,Automatic,Hybrid,1500,38000,6990000
van,Toyota,KDH,2006,Manual,Diesel,2900,184000,5000000
pickup,Mahindra,Bolero,2007,Manual,Diesel,2500,111530,1300000
car,Nissan,March K12,2002,Automatic,Petrol,1300,140000,1825000
car,Suzuki,Wagon R FX,2017,Automatic,Petrol,650,33000,3350000
car,Suzuki,Wagon R FX,2017,Automatic,Hybrid,650,52250,3095000
car,Tata,Nano,2012,Manual,Petrol,650,98000,795000
car,Nissan,FB15,2002,Automatic,Petrol,1500,170000,2590000
car,Micro,Panda,2015,Manual,Petrol,1000,33000,1450000
car,Suzuki,Wagon R FZ,2018,Automatic,Petrol,650,21000,3125000
car,Suzuki,Wagon R Stingray,2014,Automatic,Petrol,650,58000,2990000
van,Nissan,Vanette,2007,Automatic,Diesel,2000,230000,3775000
van,Toyota,KDH Dark Prime,2016,Automatic,Diesel,3000,39000,11400000
car,Honda,Fit GP5,2014,Automatic,Hybrid,1500,85900,3975000
car,Datsun,Redi-GO,2016,Manual,Petrol,800,22102,1895000
pickup,Tata,207,2015,Manual,Diesel,3000,43000,1600000
pickup,Toyota,Hilux Vigo,2009,Automatic,Diesel,3000,93477,6450000
car,Suzuki,Wagon R FZ,2017,Automatic,Hybrid,650,22000,3100000
pickup,Mahindra,Bolero,2011,Manual,Diesel,2500,115000,1290000
car,Suzuki,Alto 800,2011,Manual,Petrol,800,135000,1670000
car,Suzuki,Alto,2006,Manual,Petrol,800,8000,1410000
car,Suzuki,Alto Sport,2016,Manual,Petrol,800,31000,1875000
suv,Honda,Vezel,2017,Automatic,Petrol,1500,47000,6850000
car,Suzuki,Alto,2011,Manual,Petrol,800,52000,1650000
car,Suzuki,Alto,2007,Manual,Petrol,800,37000,1425000
van,Suzuki,Every,2016,Automatic,Petrol,650,11500,2450000
van,Nissan,Vanette,2001,Manual,Diesel,2200,179000,3300000
car,Suzuki,Wagon R FZ,2014,Automatic,Hybrid,650,80000,2775000
suv,Toyota,CHR,2018,Automatic,Petrol,1200,12000,8450000
car,Micro,Panda,2015,Manual,Petrol,1000,49000,1500000
car,Honda,Fit GP1,2010,Automatic,Petrol,1300,79000,3250000
car,Suzuki,Alto,2015,Manual,Petrol,800,32000,1840000
car,Suzuki,Swift,2009,Automatic,Petrol,1300,92000,3000000
car,Toyota,Corolla 121,2002,Automatic,Petrol,1500,150000,3475000
car,Toyota,Aqua,2013,Automatic,Hybrid,1500,138219,3100000
car,Suzuki,Wagon R Stingray,2017,Automatic,Petrol,650,36000,3125000
car,Perodua,Viva Elite Premium,2013,Automatic,Petrol,1000,82000,2575000
car,Nissan,Sunny N16,2004,Manual,Petrol,1600,134000,1725000
car,Perodua,Viva Elite Premium,2011,Automatic,Petrol,1000,70158,2550000
car,Nissan,Tiida Latio,2006,Automatic,Petrol,1500,159500,2850000
car,Toyota,Belta,2010,Automatic,Petrol,1300,115000,3975000
suv,Kia,Sorento,2010,Automatic,Diesel,2000,90000,6475000
van,Nissan,Vanette,2001,Manual,Diesel,2200,230650,2899000
car,Renault,KWID,2016,Manual,Petrol,800,85000,1800000
car,Toyota,Vitz,2007,Automatic,Petrol,1000,141000,3150000
car,Toyota,Aqua,2013,Automatic,Hybrid,1500,89000,3390000
car,Toyota,Premio,2013,Automatic,Petrol,1500,84000,6595000
van,Nissan,Clipper,2017,Automatic,Petrol,650,23000,3500000
van,Toyota,Dolphin,2003,Automatic,Diesel,3000,245000,4600000
car,Suzuki,Alto,2014,Manual,Petrol,800,34300,1750000
car,Toyota,Aqua,2015,Automatic,Petrol,1500,90000,4150000
car,Toyota,Axio WXB,2016,Automatic,Petrol,1500,32000,5790000
car,Suzuki,Maruti,2005,Manual,Petrol,800,87000,980000
car,Toyota,Aqua,2014,Automatic,Petrol,1500,68000,3475000
car,Toyota,Aqua,2014,Automatic,Petrol,1500,88000,3950000
car,Suzuki,Wagon R Stingray,2018,Automatic,Petrol,650,42000,3690000
car,Mitsubishi,CS1,2005,Manual,Petrol,1300,106000,2275000
car,Suzuki,Alto,2015,Manual,Petrol,800,29196,1940000
car,Nissan,Sunny FB15,2000,Automatic,Petrol,1500,76000,2000000
car,Mazda,Demio,2000,Automatic,Petrol,1300,153000,1635000
car,Toyota,Corolla 121,2006,Manual,Petrol,1800,180000,2625000
car,Toyota,Axio,2014,Automatic,Petrol,1500,100000,3990000
car,Toyota,Axio,2016,Automatic,Hybrid,1500,36000,5650000
car,Toyota,Axio WXB,2017,Automatic,Hybrid,1500,53000,5575000
car,Toyota,Premio,2013,Automatic,Petrol,1500,70500,5950000
car,Mitsubishi,CS1,2003,Automatic,Petrol,1300,180000,2200000
car,Toyota,Prius,2013,Automatic,Hybrid,1800,70000,5100000
van,Suzuki,Every,2016,Automatic,Petrol,650,31000,2800000
van,Suzuki,Every,2007,Automatic,Petrol,650,92000,2350000
car,Micro,Panda Cross,2013,Manual,Petrol,1300,52500,1775000
car,Suzuki,Hustler,2015,Automatic,Petrol,650,58000,3125000
van,Daihatsu,Hijet,2001,Manual,Petrol,650,98000,1295000
van,Nissan,Caravan,2006,Automatic,Diesel,3000,198000,3950000
car,Suzuki,Alto Japan,2015,Automatic,Petrol,650,63000,2790000
suv,Honda,Vezel Z Orange,2014,Automatic,Petrol,1500,75000,5050000
car,Toyota,Premio,2016,Automatic,Petrol,1500,38000,9050000
pickup,Mahindra,Bolero Maxi Truck,2016,Manual,Diesel,2500,9340,1875000
car,Honda,City,2000,Manual,Petrol,1500,160000,2200000
car,Chery,QQ,2011,Manual,Petrol,800,70000,1095000
car,Toyota,Prius,2013,Automatic,Petrol,1800,91000,4475000
car,Suzuki,Alto,2016,Manual,Petrol,800,30988,2175000
car,Hyundai,Trajet,2000,Automatic,Diesel,2000,175800,2150000
car,Suzuki,Alto,2015,Manual,Diesel,800,86523,1975000
van,Suzuki,Every,2006,Automatic,Petrol,650,88100,1675000
car,Suzuki,Alto,2007,Manual,Petrol,800,165000,1395000
car,Chery,QQ,2011,Manual,Petrol,800,95000,1020000
car,Suzuki,Alto,2005,Manual,Petrol,1000,85200,1600000
car,Suzuki,Alto,2009,Manual,Petrol,800,107000,1475000
car,Mahindra,KUV 100,2020,Manual,Petrol,1200,93,3250000
suv,Honda,Vezel,2015,Automatic,Hybrid,1500,61900,5600000
car,Honda,City,2003,Automatic,Petrol,1500,108000,2500000
suv,Honda,Vezel,2017,Automatic,Petrol,1500,75000,7000000
car,Suzuki,Alto,2008,Manual,Petrol,800,70000,1560000
car,Nissan,Bluebird,2000,Manual,Diesel,2000,165000,1575000
car,Suzuki,Wagon R,2007,Manual,Petrol,650,77576,1650000
car,Suzuki,Celerio VXI,2016,Automatic,Petrol,1000,52000,2840000
car,Suzuki,Alto 800 LXI,2007,Manual,Petrol,800,89000,1475000
car,Toyota,Vitz,2018,Automatic,Petrol,1000,9000,4875000
car,Suzuki,Wagon R FZ,2014,Automatic,Hybrid,650,68100,2875000
car,Suzuki,Alto K10,2011,Manual,Petrol,1000,68000,1700000
car,Suzuki,Alto Sport,2011,Manual,Petrol,800,72000,1670000
car,Nissan,FB15,2000,Automatic,Petrol,1500,103500,2150000
pickup,Tata,Xenon,2018,Manual,Diesel,3000,40000,2200000
van,Toyota,KDH,2015,Manual,Diesel,3000,180000,7000000
car,Micro,MX 7,2012,Manual,Petrol,1500,80000,1575000
car,Nissan,March K11,2000,Automatic,Petrol,1000,120000,1500000
van,Suzuki,Every,2015,Automatic,Petrol,650,48500,2490000
car,Suzuki,Alto,2011,Manual,Petrol,800,85000,1550000
car,Toyota,Vitz,2007,Automatic,Petrol,1000,108000,3275000
van,Toyota,CR42,2002,Automatic,Diesel,2000,229500,3650000
car,Suzuki,Swift RS,2018,Automatic,Petrol,1300,18000,5650000
car,Micro,MX 7,2013,Manual,Petrol,1500,41258,2200000
suv,Honda,Vezel Z Orange,2015,Automatic,Hybrid,1500,101000,5690000
van,Toyota,KDH TRH GL,2005,Automatic,Petrol,2700,300000,5650000
car,Toyota,Aqua,2015,Automatic,Hybrid,1500,82000,4500000
suv,Suzuki,Grand Vitara,2003,Manual,Petrol,2000,148000,2900000
van,Suzuki,Spacia Custom Z,2016,Automatic,Hybrid,650,314,3485000
car,Suzuki,Wagon R Stingray,2014,Automatic,Petrol,650,57115,2875000
car,Toyota,Vitz,2000,Automatic,Petrol,1000,160000,1900000
car,Toyota,Vitz Edition 2,2019,Automatic,Petrol,1000,10900,5865000
car,Perodua,Viva Elite,2012,Manual,Petrol,1000,104000,2195000
car,Tata,Indigo,2005,Manual,Petrol,1400,2500,1150000
car,Suzuki,A-Star,2011,Manual,Petrol,1000,105060,2000000
car,Toyota,Premio G Superior,2014,Automatic,Petrol,1500,111000,7450000
van,Suzuki,Every DA64,2017,Automatic,Petrol,650,42500,3875000
pickup,Tata,Xenon,2015,Manual,Diesel,3000,31000,1800000
car,Suzuki,Wagon R Stingray,2014,Automatic,Petrol,650,83000,2890000
car,Tata,Nano,2012,Manual,Petrol,650,131000,975000
car,Nissan,N17,2003,Manual,Petrol,1600,126000,2295000
van,Suzuki,Every,2019,Automatic,Petrol,650,3000,3775000
car,Nissan,Leaf,2012,Automatic,Electric,70,73000,1550000
car,Suzuki,Maruti 800,2012,Manual,Petrol,800,74500,1265000
car,Nissan,Bluebird,2000,Automatic,Petrol,1800,125000,1750000
pickup,Toyota,Hilux,2020,Automatic,Diesel,2800,5000,10300000
car,Toyota,Vitz,2018,Automatic,Petrol,1000,16000,5525000
car,Suzuki,Alto Sport,2014,Manual,Petrol,800,55000,2050000
car,Toyota,Prius,2011,Automatic,Hybrid,1800,94000,3900000
car,Toyota,Axio,2017,Automatic,Petrol,1300,65000,5825000
van,Suzuki,Every,2015,Automatic,Petrol,650,61000,3385000
suv,Micro,Rexton,2008,Automatic,Diesel,2600,157000,4450000
car,Toyota,Vitz,2008,Automatic,Petrol,1000,78000,3450000
suv,Mitsubishi,Outlander,2013,Automatic,Electric,2000,163582,6325000
car,Nissan,Sunny N16,2003,Automatic,Petrol,1500,97000,2290000
car,Nissan,Sunny FB15,2000,Automatic,Petrol,1500,116000,1975000
suv,Honda,Vezel,2018,Automatic,Petrol,1500,30000,7850000
car,Mazda,Familia BJ5P,2003,Automatic,Petrol,1500,150000,2275000
van,Daihatsu,Hijet,2007,Automatic,Petrol,650,100000,1495000
car,Suzuki,Wagon R Stingray,2015,Automatic,Petrol,650,20000,2585000
van,Micro,MPV,2013,Manual,Petrol,1100,65000,1325000
pickup,Toyota,Hilux,2012,Manual,Diesel,2500,115000,7800000
car,Toyota,Vitz,2016,Automatic,Petrol,1000,58000,3900000
car,Mitsubishi,Ek Wagon,2018,Automatic,Petrol,650,34000,3150000
van,Hyundai,H100,2000,Manual,Diesel,2000,154000,1985000
car,Suzuki,Swift,2007,Automatic,Petrol,1300,100500,2875000
suv,Toyota,Raize,2020,Automatic,Petrol,1000,956,6825000
suv,Nissan,X-Trail,2008,Automatic,Petrol,2500,124000,4575000
car,Toyota,Vitz,2017,Automatic,Petrol,1000,33400,4775000
car,Suzuki,Alto Sport,2011,Manual,Petrol,800,82000,1700000
car,Suzuki,Swift RS,2017,Automatic,Petrol,1000,9677,5200000
car,Suzuki,Alto,2007,Manual,Petrol,800,110000,1450000
car,Toyota,Axio G Grade,2007,Automatic,Petrol,1500,124000,4350000
suv,Nissan,X-Trail,2014,Automatic,Petrol,2000,108000,5750000
car,Suzuki,Zen,2006,Manual,Petrol,1000,152000,1235000
car,Suzuki,Maruti 800,2011,Manual,Petrol,800,52100,1200000
car,Suzuki,Maruti,2008,Manual,Petrol,800,67000,1150000
car,Nissan,Primera,2001,Manual,Petrol,2000,178000,2050000
car,Micro,Trend,2009,Manual,Petrol,1100,49620,1200000
van,Toyota,KDH 201,2008,Manual,Diesel,3000,199000,5600000
car,Toyota,Belta,2008,Automatic,Petrol,1300,127000,3850000
car,Suzuki,Wagon R Stingray,2015,Automatic,Petrol,650,61000,2870000
car,Toyota,Vitz,2015,Automatic,Petrol,1000,70000,4385000
suv,Hyundai,Santa Fe,2010,Automatic,Petrol,2400,91000,3985000
car,Nissan,Leaf Azeo,2014,Automatic,Electric,70,40000,2050000
car,Suzuki,Wagon R,2005,Manual,Petrol,650,123000,1695000
car,Toyota,Vitz,2007,Automatic,Petrol,1000,100000,3375000
van,Toyota,KDH 201 Super GL,2008,Automatic,Diesel,3500,132000,6500000
van,Suzuki,Spacia Custom,2018,Automatic,Hybrid,650,28000,4200000
van,Suzuki,DA64,2014,Automatic,Petrol,650,66000,2765000
car,Suzuki,Alto,2015,Manual,Petrol,800,70000,1250000
car,Micro,Panda,2014,Manual,Petrol,1000,53000,1550000
car,Nissan,FB15 Super Saloon,2000,Automatic,Petrol,1500,170000,2190000
pickup,Mahindra,Bolero,2011,Manual,Diesel,2500,120000,2550000
car,Toyota,Prius 2nd Generation,2009,Automatic,Hybrid,1500,130000,2850000
car,Micro,MX 7,2015,Manual,Petrol,1500,77203,2295000
van,Nissan,Clipper,2017,Automatic,Petrol,650,124000,2450000
suv,Honda,Vezel RS,2017,Automatic,Hybrid,1500,34000,6950000
van,Suzuki,Every,2016,Automatic,Petrol,650,47000,3525000
car,Tata,Nano,2015,Manual,Petrol,650,112363,1150000
car,Toyota,Allion,2011,Automatic,Petrol,1500,90080,5875000
car,Kia,Rio,2000,Manual,Diesel,1500,188000,1000000
van,Nissan,Clipper NV100,2013,Automatic,Petrol,650,45000,2490000
car,Honda,Fit Shuttle,2013,Automatic,Hybrid,1500,91000,2100000
suv,Mitsubishi,Montero Sport,2003,Automatic,Petrol,3000,180000,3950000
car,Suzuki,Wagon R Stingray,2014,Automatic,Petrol,650,107000,2435000
car,Suzuki,Wagon R FZ,2018,Automatic,Hybrid,650,27000,3475000
car,Toyota,Prius,2009,Automatic,Petrol,1800,114000,3400000
car,Suzuki,Alto 800,2015,Manual,Petrol,800,70000,1715000
car,Perodua,Viva Elite,2013,Manual,Petrol,1000,45800,2325000
car,Suzuki,Alto,2007,Manual,Petrol,800,110000,1420000
car,Suzuki,Wagon R,2014,Automatic,Petrol,650,65000,2790000
car,Honda,Fit Aria,2003,Automatic,Petrol,1500,187000,2375000
van,Suzuki,Spacia,2017,Automatic,Petrol,650,75000,3490000
car,Toyota,Vitz,2018,Automatic,Petrol,1000,40000,5225000
car,Suzuki,Alto,2007,Manual,Petrol,800,90000,1575000
car,Suzuki,Swift Beetle,2007,Automatic,Petrol,1300,90000,2650000
car,Suzuki,Wagon R,2017,Automatic,Petrol,650,62000,2775000
car,Hyundai,Accent,2000,Manual,Petrol,1500,120000,1240000
car,Toyota,Corolla 121,2004,Automatic,Petrol,1500,140439,3625000
car,Toyota,Allion 260,2010,Automatic,Petrol,1500,96471,4825000
car,Suzuki,Maruti,2006,Manual,Petrol,800,49000,1060000
car,Kia,Rio,2001,Manual,Petrol,1500,130000,1275000
van,Suzuki,Every,2001,Manual,Petrol,650,170000,1590000
car,Tata,Nano,2012,Manual,Petrol,650,155000,840000
car,Suzuki,Wagon R FZ,2014,Automatic,Petrol,650,70455,2460000
car,Suzuki,Wagon R FX,2016,Automatic,Hybrid,650,22000,2975000
car,Suzuki,Alto,2013,Manual,Petrol,800,84000,1730000
car,Nissan,N16 Ex Saloon,2000,Manual,Petrol,1300,175000,1790000
suv,Toyota,RAV4,2000,Automatic,Petrol,2000,180700,3300000
car,Toyota,Vitz,2015,Automatic,Petrol,1000,65000,4250000
pickup,Mahindra,Bolero,2014,Manual,Diesel,2500,95000,1500000
car,Toyota,Axio,2007,Automatic,Petrol,1500,108000,4150000
car,Honda,Fit Aria,2003,Automatic,Petrol,1500,250000,2650000
car,Suzuki,Alto,2008,Manual,Petrol,800,75000,1540000
car,Suzuki,Wagon R Stingray,2018,Automatic,Petrol,650,43000,3575000
car,Toyota,Axio G Grade,2015,Automatic,Hybrid,1500,73000,4300000
car,Suzuki,Swift,2017,Automatic,Petrol,1000,35000,5475000
van,Suzuki,Every,2001,Manual,Petrol,650,125000,1650000
car,Suzuki,Alto,2015,Manual,Petrol,800,72000,1835000
car,Toyota,Premio,2013,Automatic,Petrol,1500,115000,6875000
car,Suzuki,Wagon R,2015,Automatic,Hybrid,650,55000,2725000
car,Suzuki,Alto Japan,2016,Automatic,Petrol,650,10000,3150000
car,Suzuki,Alto,2006,Manual,Petrol,800,78000,1325000
car,Tata,Nano,2017,Automatic,Petrol,650,59000,1200000
car,Toyota,Vitz,2017,Automatic,Petrol,1000,16000,5290000
car,Suzuki,Alto 800 LXI,2017,Manual,Petrol,800,46000,1995000
van,Daihatsu,Hijet,2000,Manual,Petrol,650,100000,1360000
car,Nissan,FB15 Super Saloon,2003,Automatic,Petrol,1500,190000,2725000
car,Toyota,Axio,2015,Automatic,Hybrid,1500,75500,5325000
car,Suzuki,Celerio,2016,Automatic,Petrol,1000,28000,2550000
car,Toyota,Vitz,2016,Automatic,Petrol,1000,32500,4550000
suv,Hyundai,Santa Fe,2008,Manual,Diesel,2200,165500,3750000
van,Nissan,NV200,2015,Automatic,Petrol,1600,36000,4700000
van,Toyota,KDH,2011,Manual,Diesel,3000,122824,5500000
car,Toyota,Vitz,2019,Automatic,Petrol,1000,18000,5550000
car,Tata,Nano,2011,Manual,Petrol,800,12345,825000
car,Suzuki,Wagon R Stingray,2015,Automatic,Petrol,650,64000,2665000
car,Tata,Nano Twist,2014,Manual,Petrol,650,186340,1150000
van,Toyota,KDH 200 Super GL,2005,Automatic,Diesel,2500,110000,6475000
van,Toyota,KDH 201 Super GL,2011,Automatic,Diesel,3000,146000,7100000
car,Suzuki,A-Star,2012,Manual,Petrol,1000,34000,2100000
car,Suzuki,Maruti,2004,Manual,Petrol,800,98000,980000
car,Suzuki,Alto,2015,Manual,Petrol,800,32000,1940000
car,Nissan,Leaf,2013,Automatic,Electric,80,73000,1350000
car,Suzuki,Alto 800,2015,Manual,Petrol,800,34000,1825000
car,Zotye,Z100,2019,Manual,Petrol,1000,29000,1950000
car,Hyundai,Accent,2007,Automatic,Petrol,1600,140000,1940000
pickup,Tata,Xenon,2014,Manual,Diesel,2000,50000,1595000
car,Suzuki,Alto,2015,Manual,Petrol,800,45000,2200000
pickup,Mahindra,Bolero,2016,Manual,Diesel,2500,46000,2390000
suv,Honda,Vezel Z Grade,2014,Automatic,Petrol,1500,25000,5290000
pickup,Mahindra,Bolero,2007,Manual,Diesel,1500,89830,1200000
pickup,Mahindra,Bolero,2016,Manual,Diesel,2500,40000,1650000
car,Suzuki,Maruti,2005,Manual,Petrol,800,63000,1075000
car,Tata,Nano,2012,Manual,Petrol,650,100000,950000
car,Toyota,Prius,2013,Automatic,Hybrid,1800,80000,4500000
suv,Hyundai,Santa Fe,2008,Automatic,Diesel,2200,119000,4500000
car,Suzuki,Alto,2015,Manual,Petrol,800,52000,1860000
car,Toyota,Soluna,2000,Automatic,Petrol,1500,220000,1600000
van,Toyota,KR42,2000,Automatic,Petrol,1800,210000,3250000
car,Toyota,Prius,2013,Automatic,Hybrid,1800,113631,3540000
car,Toyota,Allion,2009,Automatic,Petrol,1500,96000,4985000
car,Suzuki,Wagon R Stingray,2017,Automatic,Hybrid,650,38000,3125000
car,Nissan,Super Saloon,2000,Automatic,Petrol,1500,117000,2415000
car,Nissan,Dayz,2016,Automatic,Petrol,650,21000,3550000
van,Nissan,Caravan,2008,Automatic,Diesel,3000,151000,4000000
car,Suzuki,Alto,2015,Automatic,Petrol,650,16000,2975000
pickup,Toyota,Hilux,2013,Manual,Diesel,2500,169000,7150000
car,Toyota,Axio,2015,Automatic,Hybrid,1500,73000,5550000
car,Suzuki,Maruti 800,2010,Manual,Petrol,800,98000,1190000
car,Suzuki,A-Star,2011,Automatic,Petrol,1000,66000,1990000
car,Suzuki,Maruti,2010,Manual,Petrol,800,56000,1210000
car,Suzuki,Wagon R,2005,Manual,Petrol,650,92000,1590000
pickup,Nissan,Navara,2007,Automatic,Diesel,2500,125000,3600000
suv,Toyota,Raize,2020,Automatic,Petrol,1000,665,8250000
car,Nissan,FB15,2001,Automatic,Petrol,1500,110000,2525000
car,Mitsubishi,Lancer GLX,2008,Automatic,Petrol,1500,100000,3750000
van,Daihatsu,Hijet,2007,Manual,Petrol,650,30000,1990000
car,Suzuki,Wagon R Stingray,2014,Automatic,Hybrid,650,78000,3000000
car,Suzuki,Wagon R Stingray,2017,Automatic,Hybrid,650,24000,3160000
car,Suzuki,Maruti,2010,Manual,Petrol,800,50000,1230000
car,Suzuki,Wagon R Stingray,2018,Automatic,Hybrid,650,55965,3690000
car,Nissan,Cefiro,2000,Automatic,Petrol,2000,120000,1950000
car,Suzuki,Wagon R Stingray,2014,Automatic,Petrol,650,83000,2480000
car,Nissan,March K12,2007,Automatic,Petrol,1300,120000,1825000
pickup,Tata,Xenon,2016,Manual,Diesel,3000,22500,1875000
car,Suzuki,Wagon R FZ,2015,Automatic,Petrol,650,62000,2850000
car,Suzuki,Maruti 800,2008,Manual,Petrol,800,95000,1225000
car,Suzuki,Wagon R FZ,2015,Automatic,Petrol,650,60000,2390000
car,Suzuki,Wagon R,2017,Automatic,Petrol,650,38000,3650000
car,Toyota,Vitz,2019,Automatic,Petrol,1000,19500,5550000
car,Toyota,Vitz,2007,Automatic,Petrol,1000,87000,2940000
car,Renault,KWID RXT,2016,Manual,Petrol,800,65000,1660000
car,Suzuki,Maruti,2006,Manual,Petrol,800,60000,1075000
car,Nissan,FB15,2001,Automatic,Petrol,1500,135000,2340000
car,Toyota,Pixis,2017,Automatic,Petrol,650,22000,3000000
van,Toyota,KDH Super GL,2017,Automatic,Diesel,3000,58000,10750000
car,Nissan,AD WAGON VY11,2006,Automatic,Petrol,1300,184000,1700000
car,Honda,Fit Aria,2008,Automatic,Petrol,1500,184000,2900000
car,Mazda,3,2007,Automatic,Petrol,1500,115000,3450000
car,Suzuki,Wagon R,2015,Automatic,Petrol,650,67000,2475000
car,Suzuki,Swift,2008,Automatic,Petrol,1300,125000,3150000
car,Suzuki,Alto,2013,Manual,Petrol,800,68000,1835000
car,Suzuki,Maruti,2007,Manual,Petrol,800,74500,1160000
car,Nissan,N16,2000,Automatic,Petrol,1500,235000,2250000
car,Toyota,Vitz,2000,Automatic,Petrol,1000,140000,2175000
van,Toyota,KDH 223,2015,Automatic,Diesel,3000,137000,8550000
car,Toyota,Prius,2013,Automatic,Petrol,1800,148000,4050000
car,Mitsubishi,Lancer,2003,Automatic,Petrol,1300,250000,1950000
car,Toyota,Starlet,2009,Automatic,Petrol,1300,60085,2685000
car,Suzuki,Maruti 800,2006,Manual,Petrol,800,85000,1125000
car,Toyota,Premio G Superior,2015,Automatic,Petrol,1500,42000,7800000
car,Suzuki,Alto Japan,2003,Automatic,Petrol,650,131000,1725000
car,Nissan,N16 Ex Saloon,2005,Manual,Petrol,1500,145000,2275000
car,Hyundai,Eon,2015,Manual,Petrol,800,61000,2156000
car,Toyota,Vitz,2008,Automatic,Petrol,1000,97000,2750000
car,Honda,Grace,2015,Automatic,Hybrid,1500,81000,5150000
car,Suzuki,Alto 800 LXI,2016,Manual,Petrol,800,33000,1890000
suv,Hyundai,Santa Fe,2013,Automatic,Diesel,2000,108000,4950000
car,Suzuki,Wagon R FZ,2018,Automatic,Hybrid,650,81000,3150000
van,Toyota,Townace KR42,2000,Automatic,Petrol,1800,230000,3250000
van,Toyota,KDH 200 Super GL,2007,Automatic,Diesel,2500,140000,6250000
car,Toyota,Axio,2017,Automatic,Hybrid,1500,9000,6785000
car,Suzuki,Liana,2005,Manual,Petrol,1300,110000,2275000
car,Suzuki,Maruti,2003,Manual,Petrol,800,109952,985000
van,Suzuki,Spacia Custom,2018,Automatic,Petrol,650,25000,3880000
car,Tata,Nano,2017,Automatic,Petrol,650,60000,1400000
car,Suzuki,Alto,2014,Manual,Petrol,800,59125,1885000
car,Toyota,Prius W,2018,Automatic,Hybrid,1800,88358,7200000
car,Suzuki,Alto,2015,Manual,Petrol,800,30000,1985000
car,Toyota,Premio,2017,Automatic,Petrol,1500,18000,9475000
car,Suzuki,Maruti 800,2006,Manual,Petrol,800,47050,1075000
car,Suzuki,Wagon R FX,2018,Automatic,Hybrid,650,12000,3150000
car,Suzuki,Celerio VXI,2016,Automatic,Petrol,1000,22000,2875000
car,Toyota,Aqua G Grade,2012,Automatic,Hybrid,1500,75000,3050000
car,Suzuki,Wagon R FX,2016,Automatic,Hybrid,650,78678,2875000
car,Toyota,Premio,2012,Automatic,Petrol,1500,150000,6250000
van,Toyota,KDH 200 Super GL,2007,Automatic,Diesel,2500,195000,6550000
car,Toyota,Prius,2011,Automatic,Hybrid,1800,157000,3525000
car,Toyota,Passo,2007,Automatic,Petrol,1300,115000,2775000
car,Suzuki,Wagon R Stingray,2017,Automatic,Petrol,650,44000,3590000
car,Nissan,Tiida,2004,Automatic,Petrol,1500,115000,2600000
car,Toyota,Vitz,2018,Automatic,Petrol,1000,15000,5675000
car,Suzuki,Wagon R Stingray,2014,Automatic,Petrol,650,59000,2475000
car,Tata,Nano,2012,Manual,Petrol,650,181000,750000
van,Toyota,Noah KR42,2004,Automatic,Diesel,2200,100500,4975000
van,Suzuki,Spacia,2017,Automatic,Petrol,650,66900,3240000
car,Suzuki,Wagon R,2016,Automatic,Petrol,650,71100,2790000
car,Nissan,March,2000,Automatic,Petrol,1300,110000,1875000
car,Suzuki,Wagon R Stingray,2015,Automatic,Hybrid,650,16000,3290000
car,Toyota,Prius,2012,Automatic,Hybrid,1800,107000,4425000
car,Suzuki,Alto,2015,Manual,Petrol,800,43000,1800000
car,Suzuki,Wagon R,2014,Automatic,Hybrid,650,84950,2650000
car,Honda,Fit Shuttle,2013,Automatic,Hybrid,1300,59000,3825000
suv,Toyota,RAV4,2000,Manual,Petrol,2000,172000,3290000
suv,Honda,CRV,2010,Automatic,Petrol,2400,188000,5500000
car,Nissan,Cefiro,2001,Automatic,Petrol,2000,140400,2650000
van,Suzuki,Every,2015,Automatic,Petrol,650,59000,1450000
car,Suzuki,Alto,2011,Manual,Petrol,800,81000,1520000
car,Suzuki,Maruti,2006,Manual,Petrol,800,67000,1225000
car,Toyota,Prius,2014,Automatic,Hybrid,1800,75500,4450000
pickup,Nissan,Navara,2006,Automatic,Diesel,2500,190000,3400000
suv,Nissan,X-Trail,2005,Manual,Diesel,2500,120030,3750000
suv,Honda,CRV,2018,Automatic,Petrol,1500,23000,12790000
car,Suzuki,Maruti,2012,Manual,Petrol,800,60000,1195000
car,Micro,Panda,2015,Manual,Petrol,1000,31000,1425000
car,Suzuki,Wagon R,2018,Automatic,Hybrid,650,34000,2750000
car,Toyota,Axio WXB,2018,Automatic,Petrol,1500,15500,7375000
car,Toyota,Vitz,2003,Automatic,Petrol,1000,116000,2325000
car,Toyota,Aqua,2014,Automatic,Hybrid,1500,81300,3500000
car,Toyota,Vios,2007,Automatic,Petrol,1500,142000,3490000
van,Toyota,KDH 201,2014,Automatic,Diesel,3000,95000,8150000
car,Toyota,Aqua,2013,Automatic,Hybrid,1500,86000,3840000
suv,Toyota,CHR,2018,Automatic,Petrol,1200,49000,8350000
car,Suzuki,Alto,2015,Manual,Petrol,800,80000,1690000
car,Toyota,Axio X Grade,2007,Automatic,Petrol,1500,74000,4225000
van,Nissan,Lion Face,2005,Automatic,Diesel,1800,170000,2425000
car,Micro,Panda,2018,Automatic,Petrol,1000,3000,2150000
car,Toyota,Aqua X Urban,2015,Automatic,Hybrid,1500,52600,4562000
car,Suzuki,Alto Sport,2015,Manual,Petrol,800,67000,1940000
van,Toyota,KDH High Roof,2011,Manual,Diesel,3000,235000,6800000
car,Chery,QQ,2015,Manual,Petrol,800,25000,1325000
car,Tata,Nano,2011,Manual,Petrol,650,87500,780000
car,Suzuki,Alto,2011,Manual,Petrol,800,41800,1640000
car,Suzuki,Celerio,2015,Automatic,Petrol,1000,26000,3000000
car,Suzuki,Alto,2008,Manual,Petrol,800,109300,1575000
car,Suzuki,Wagon R,2018,Automatic,Hybrid,650,28500,2875000
suv,Honda,Vezel RS,2016,Automatic,Hybrid,1500,59000,6600000
car,Suzuki,A-Star,2012,Manual,Petrol,1000,88760,2025000
car,Suzuki,Wagon R,2004,Manual,Petrol,650,120000,1400000
car,Tata,Nano,2012,Manual,Petrol,650,130000,725000
pickup,Mahindra,Bolero,2015,Manual,Diesel,2500,38000,1885000
car,Suzuki,Alto,2015,Manual,Petrol,800,80000,1820000
car,Suzuki,Maruti 800,2006,Manual,Petrol,800,96000,1055000
car,Suzuki,Maruti,2012,Manual,Petrol,800,71245,1285000
car,Toyota,Allion,2010,Automatic,Petrol,1500,105000,4625000
car,Toyota,Vitz,2015,Automatic,Petrol,1000,79000,4300000
car,Suzuki,Alto K10,2012,Manual,Petrol,1000,98300,1675000
van,Suzuki,Every,2014,Automatic,Petrol,650,83000,2690000
car,Suzuki,Maruti Sport,2011,Manual,Petrol,800,49000,1260000
suv,Daihatsu,Terios,2007,Automatic,Petrol,1500,75052,3990000
van,Suzuki,Every,2011,Automatic,Petrol,650,101200,2595000
car,Suzuki,Alto Japan,2012,Automatic,Petrol,650,72650,2395000
car,Suzuki,Wagon R FZ,2018,Automatic,Hybrid,650,68000,1350000
car,Micro,Panda LC 1.0,2013,Manual,Petrol,1000,50425,1510000
suv,Mitsubishi,Montero,2007,Automatic,Diesel,2800,100000,9350000
car,Toyota,Aqua G Grade,2015,Automatic,Hybrid,1500,7900,3750000
pickup,Mahindra,Bolero Maxi Truck,2020,Manual,Diesel,2500,7000,2800000
suv,Toyota,Harrier,2009,Automatic,Hybrid,3300,82457,8490000
car,Suzuki,Maruti,2006,Manual,Petrol,800,55000,1045000
car,Suzuki,Alto,2015,Manual,Petrol,800,66000,1950000
van,Nissan,Caravan,2000,Manual,Diesel,2500,100000,3850000
van,Nissan,Clipper,2006,Automatic,Petrol,650,200000,2275000
car,Toyota,Aqua G Sport,2016,Automatic,Hybrid,1500,49500,4675000
car,Honda,Fit GP1,2013,Automatic,Hybrid,1500,112000,3450000
pickup,Toyota,Hilux,2011,Manual,Diesel,2500,65200,8375000
car,Suzuki,Alto K10,2011,Manual,Petrol,1000,117000,1650000
car,Honda,Fit Shuttle,2012,Automatic,Hybrid,1300,141500,3450000
car,Chery,QQ,2011,Manual,Petrol,800,75000,1080000
car,Suzuki,Maruti,2006,Manual,Petrol,800,78000,1165000
car,Suzuki,Wagon R,2016,Automatic,Petrol,650,85120,2850000
van,Nissan,Caravan,2007,Automatic,Diesel,3000,230000,5000000
car,Tata,Nano,2015,Manual,Petrol,650,130000,1150000
car,Suzuki,Alto,2007,Manual,Petrol,800,61000,1375000
car,Suzuki,A-Star,2012,Automatic,Petrol,1000,48250,1300000
car,Perodua,Viva Elite,2011,Automatic,Petrol,1000,98000,2425000
car,Toyota,Prius G Touring,2012,Automatic,Hybrid,1800,109000,4490000
car,Mazda,Familia BJ5P,2003,Manual,Petrol,1500,209000,2175000
car,Suzuki,Maruti,2005,Manual,Petrol,800,90000,1120000
car,Suzuki,Estilo,2011,Manual,Petrol,1000,55000,2050000
car,Suzuki,Wagon R FZ,2018,Automatic,Hybrid,650,40000,3100000
car,Toyota,Axio G Grade,2018,Automatic,Petrol,1500,25000,6800000
car,Suzuki,Maruti 800,2010,Manual,Petrol,800,67000,1210000
car,Renault,KWID,2016,Manual,Petrol,800,18000,2000000
car,Suzuki,Wagon R Stingray,2015,Automatic,Petrol,650,50000,2750000
car,Suzuki,Alto,2002,Automatic,Petrol,650,76000,1695000
car,Suzuki,Wagon R Stingray,2015,Automatic,Petrol,650,97000,2875000
van,Suzuki,Every,2014,Automatic,Petrol,650,98000,2875000
van,Suzuki,DA64,2011,Automatic,Petrol,650,66740,2675000
car,Suzuki,Maruti,2005,Manual,Petrol,800,95000,1090000
car,Toyota,Yaris,2008,Automatic,Petrol,1300,160000,3565000
car,Toyota,Prius,2013,Automatic,Hybrid,1800,139000,4350000
van,Suzuki,Every,2013,Automatic,Petrol,650,45000,2250000
car,Suzuki,Alto 800,2015,Manual,Petrol,800,73000,1760000
car,Suzuki,Estilo,2011,Manual,Petrol,1000,51900,2050000
car,Micro,Panda Cross,2016,Manual,Petrol,1300,45000,1795000
car,Mazda,Demio,2004,Manual,Petrol,1300,180000,1690000
car,Suzuki,Ignis,2016,Automatic,Hybrid,1300,31000,4600000
suv,Toyota,Raize,2020,Automatic,Petrol,1000,1400,7680000
car,Suzuki,Estilo,2011,Manual,Petrol,1000,164250,1850000
car,Mazda,Demio,2008,Automatic,Petrol,1300,210000,3000000
car,Toyota,Aqua,2014,Automatic,Hybrid,1500,65000,4250000
pickup,Mahindra,Bolero,2018,Manual,Diesel,2500,41000,2350000
van,Suzuki,Every DA17,2017,Automatic,Petrol,650,34000,2790000
van,Nissan,Caravan,2006,Manual,Diesel,3000,148500,4125000
van,Micro,MPV Junior 3,2016,Manual,Petrol,1000,55000,1900000
car,Nissan,AD WAGON VY11,2003,Automatic,Petrol,1300,124000,1875000
car,Toyota,Aqua,2012,Automatic,Petrol,1500,82700,3450000
pickup,Tata,Xenon,2015,Manual,Diesel,3000,79700,1690000
car,Suzuki,Wagon R Stingray,2017,Automatic,Petrol,650,69990,3575000
car,Daihatsu,Mira,2016,Automatic,Petrol,650,26500,3095000
car,Toyota,Vitz,2007,Automatic,Petrol,1000,113000,3400000
car,Suzuki,Alto,2013,Manual,Petrol,800,38000,1825000
pickup,Mahindra,Bolero,2012,Manual,Diesel,2500,68000,1395000
car,Suzuki,Wagon R Stingray,2018,Automatic,Hybrid,650,52450,3725000
car,Hyundai,Accent,2004,Manual,Petrol,1500,95000,1295000
van,Micro,MPV Junior 3,2012,Manual,Petrol,1100,19895,1500000
van,Toyota,KDH Super GL,2018,Automatic,Diesel,3000,165800,7485000
car,Toyota,Prius 3rd Genaration,2013,Automatic,Petrol,1800,80000,4500000
car,Tata,Indica V2,2003,Manual,Petrol,1400,130000,935000
suv,Nissan,X-Trail,2016,Automatic,Hybrid,2000,90000,6450000
van,Toyota,KDH 201,2015,Automatic,Diesel,3000,67000,8500000
pickup,Toyota,Hilux,2006,Manual,Diesel,3000,77000,6900000
car,Suzuki,Stingray,2015,Automatic,Hybrid,650,71000,2950000
van,Suzuki,Every,2015,Automatic,Petrol,650,44000,3150000
suv,Mitsubishi,Outlander,2016,Automatic,Hybrid,2000,82000,10600000
car,Datsun,Redi-GO,2016,Manual,Petrol,800,36000,1690000
car,Nissan,Primera,2001,Automatic,Petrol,2000,165353,2300000
car,Nissan,Bluebird,2000,Automatic,Petrol,1500,168000,2315000
car,Suzuki,Wagon R Stingray,2016,Automatic,Petrol,650,36000,2795000
car,Toyota,Belta,2006,Automatic,Petrol,1300,100000,3490000
car,Toyota,Aqua G Grade,2012,Automatic,Petrol,1500,69500,3650000
car,Suzuki,Alto,2011,Manual,Petrol,800,70000,1635000
van,Toyota,KDH 200,2007,Automatic,Diesel,2500,231000,6300000
car,Suzuki,Swift,2005,Manual,Petrol,1000,129000,1720000
car,Toyota,Axio,2014,Automatic,Petrol,1500,97219,4475000
car,Suzuki,Alto,2013,Manual,Petrol,800,46487,1850000
car,Suzuki,Alto,2015,Manual,Petrol,800,75000,1975000
car,Suzuki,Alto,2015,Manual,Petrol,800,51362,1950000
car,Toyota,Axio,2013,Automatic,Hybrid,1300,76500,4350000
car,Toyota,Aqua,2013,Automatic,Petrol,1500,60000,3800000
car,Suzuki,Alto,2015,Manual,Petrol,800,54000,1825000
car,Toyota,Aqua,2012,Automatic,Petrol,1200,97000,3350000
car,Zotye,Z100,2020,Manual,Petrol,1000,1550,2145000
van,Suzuki,Every,2017,Automatic,Petrol,650,71000,2945000
car,Honda,Civic,2004,Automatic,Petrol,1500,126149,2990000
car,Micro,Panda,2017,Manual,Petrol,1000,27000,1725000
van,Nissan,Caravan,2003,Automatic,Diesel,3200,200000,4375000
car,Suzuki,Alto,2015,Manual,Petrol,800,35000,1975000
car,Toyota,Prius G Touring,2015,Automatic,Hybrid,1800,59000,5890000
car,Nissan,Sunny FB15,2002,Automatic,Petrol,1500,145000,2190000
car,Toyota,Corolla 121,2001,Automatic,Petrol,1500,175050,3050000
car,Nissan,Dayz,2016,Automatic,Petrol,650,34152,3225000
car,Tata,Nano,2018,Manual,Petrol,650,49000,1400000
car,Nissan,Bluebird,2000,Automatic,Petrol,1500,211000,2275000
car,Suzuki,Alto,2017,Manual,Petrol,800,25690,2625000
car,Suzuki,Wagon R Stingray,2014,Automatic,Hybrid,650,92000,1100000
car,Toyota,Corolla 141,2008,Automatic,Petrol,1600,76000,3550000
car,Suzuki,Alto 800,2014,Manual,Petrol,800,60000,1700000
car,Suzuki,Wagon R FX,2017,Automatic,Petrol,650,30100,2680000
car,Suzuki,Alto 800 LXI,2014,Manual,Petrol,800,70150,1825000
van,Nissan,E25,2007,Automatic,Petrol,2000,140000,4250000
car,Toyota,Aqua G Grade,2014,Automatic,Hybrid,1500,127000,3625000
car,Suzuki,Alto,2015,Manual,Petrol,800,89200,1775000
van,Mazda,Bongo,2001,Manual,Diesel,2000,250000,2775000
van,Nissan,Caravan,2002,Manual,Diesel,3300,258600,3675000
van,Toyota,CR42,2000,Automatic,Diesel,2200,180000,3750000
car,Suzuki,Zen,2005,Manual,Petrol,1000,121000,1350000
van,Suzuki,Every DA17,2017,Automatic,Petrol,650,22600,3100000
van,Nissan,Caravan,2002,Automatic,Diesel,3000,295200,4350000
car,Toyota,Soluna,2000,Automatic,Petrol,1500,160856,1850000
car,Suzuki,Wagon R FZ,2018,Automatic,Hybrid,650,25500,3200000
car,Micro,Panda,2017,Manual,Petrol,1000,9000,2050000
suv,Honda,Vezel RS Sensing,2017,Automatic,Petrol,1500,42000,6850000
car,Honda,Civic,2000,Automatic,Petrol,1500,118000,2490000
car,Suzuki,Alto,2015,Manual,Petrol,800,85700,1725000
car,Suzuki,Maruti 800,2011,Manual,Petrol,800,46000,1355000
car,Suzuki,Alto,2007,Manual,Petrol,800,97000,1395000
van,Suzuki,Spacia G,2016,Automatic,Hybrid,650,69966,3250000
van,Suzuki,Every,2007,Automatic,Petrol,650,100700,2425000
car,Suzuki,Wagon R FX,2015,Automatic,Petrol,650,39000,2490000
car,Toyota,Carina,2000,Automatic,Petrol,1500,162000,2625000
car,Nissan,Sunny FB15,2000,Automatic,Petrol,1500,178000,2275000
car,Zotye,Z100,2020,Manual,Petrol,1000,2300,2150000
car,Nissan,Leaf,2014,Automatic,Electric,70,28500,2200000
suv,Toyota,Fortuner,2013,Automatic,Diesel,2700,124000,11600000
car,Toyota,Allion 260,2010,Automatic,Petrol,1500,106000,5940000
car,Honda,Fit Shuttle,2012,Automatic,Petrol,1300,180600,3350000
car,Hyundai,Elantra,2000,Automatic,Petrol,1600,195000,1600000
suv,Mitsubishi,Montero,2015,Automatic,Diesel,3200,80000,17800000
van,Toyota,KDH 223,2012,Automatic,Diesel,3000,43000,8500000
car,Suzuki,Wagon R FX,2017,Automatic,Hybrid,650,54000,3250000
van,Suzuki,Every,2016,Automatic,Petrol,650,31000,2650000
car,Suzuki,Swift,2003,Automatic,Petrol,1300,120400,2000000
suv,Hyundai,Tuscon,2004,Automatic,Petrol,2000,170000,2475000
suv,Toyota,RAV4,2000,Automatic,Petrol,2000,116000,3050000
car,Suzuki,Maruti,2011,Manual,Petrol,800,64000,1185000
car,Suzuki,Alto,2005,Manual,Petrol,800,82000,1410000
car,Suzuki,Hustler,2015,Automatic,Hybrid,650,54000,3090000
van,Toyota,KDH,2015,Automatic,Diesel,2900,75000,8650000
car,Kia,Carens,2001,Automatic,Petrol,1800,150000,1675000
car,Honda,N Box,2015,Automatic,Petrol,650,68866,3890000
van,Hyundai,H100,2000,Manual,Diesel,2500,198500,2400000
car,Toyota,Axio,2016,Automatic,Hybrid,1500,84000,4975000
car,Suzuki,Swift,2003,Automatic,Petrol,1300,130000,1975000
suv,Toyota,CHR GT TURBO,2020,Automatic,Petrol,1200,5000,10500000
car,Suzuki,Celerio VXI,2016,Automatic,Petrol,1000,20000,2790000
car,Toyota,Prius,2012,Automatic,Petrol,1800,93000,4450000
car,Suzuki,Alto Sport,2010,Manual,Petrol,800,63300,1495000
van,Nissan,Vanette,2001,Manual,Diesel,2000,205366,3200000
suv,Micro,Rexton,2008,Automatic,Diesel,2700,126000,4500000
car,Toyota,Passo,2017,Automatic,Petrol,1000,21000,4750000
car,Toyota,Axio WXB,2016,Automatic,Hybrid,1500,44000,7500000
car,Toyota,Prius,2016,Automatic,Hybrid,1800,30200,6000000
car,Suzuki,Maruti,2005,Manual,Petrol,800,73824,1035000
van,Suzuki,Every,2014,Automatic,Petrol,650,95000,2575000
car,Nissan,Leaf,2015,Automatic,Electric,70,30000,2650000
car,Suzuki,Wagon R Stingray,2017,Automatic,Petrol,650,23000,3180000
car,Toyota,Premio 260,2010,Automatic,Petrol,1500,86000,5950000
car,Toyota,Axio,2015,Automatic,Hybrid,1500,81000,5300000
car,Perodua,Viva Elite,2011,Manual,Petrol,1000,98200,2000000
car,Suzuki,Maruti,2000,Manual,Petrol,800,40000,790000
car,Suzuki,Wagon R Stingray,2018,Automatic,Petrol,650,38400,3825000
car,Tata,Nano,2011,Manual,Petrol,650,34500,830000
van,Toyota,Voxy,2017,Automatic,Petrol,1800,87000,7800000
car,Hyundai,Eon,2014,Manual,Petrol,800,6500,1785000
car,Micro,Panda LC 1.0,2015,Manual,Petrol,1000,69000,1620000
car,Nissan,Super Saloon,2005,Automatic,Petrol,1300,120000,2395000
car,Suzuki,Alto,2006,Manual,Petrol,800,120000,1485000
car,Micro,Panda Cross,2017,Automatic,Petrol,1000,7707,2525000
car,Renault,KWID RXT,2018,Manual,Petrol,800,69000,1840000
van,Toyota,KDH 223,2015,Automatic,Diesel,3000,147682,8700000
car,Micro,Trend,2011,Manual,Petrol,1000,69000,1030000
pickup,Mahindra,Bolero,2018,Manual,Diesel,1500,14536,2540000
car,Micro,Panda LC 1.0,2014,Manual,Petrol,1000,61000,1510000
car,Nissan,Sunny,2001,Automatic,Petrol,1500,142000,2275000
van,Daihatsu,Hijet,2003,Manual,Petrol,650,145000,1650000
van,Mitsubishi,Mini Cab,2006,Manual,Petrol,650,59000,1980000
car,Toyota,Axio G Grade,2015,Automatic,Petrol,1500,80000,5590000
pickup,Tata,Xenon,2015,Manual,Diesel,3000,62000,1575000
suv,Mitsubishi,Montero,2011,Automatic,Diesel,2500,117500,8575000
pickup,Mitsubishi,L200 Sportero,2011,Manual,Diesel,2500,200000,6500000
car,Suzuki,Alto Sport,2015,Manual,Petrol,800,50000,2000000
van,Nissan,Caravan,2007,Automatic,Diesel,3000,250000,4250000
car,Perodua,Viva Elite,2010,Manual,Petrol,1000,108142,2075000
car,Toyota,Vitz Edition 2,2018,Automatic,Petrol,1000,7000,5790000
van,Suzuki,Every DA64,2014,Automatic,Petrol,650,54000,2735000
car,Suzuki,Alto,2015,Manual,Petrol,800,57000,1975000
car,Honda,Fit GP1,2013,Automatic,Hybrid,1300,64000,2880000
car,Perodua,Viva Elite,2011,Manual,Petrol,1000,116500,2035000
car,Kia,Rio,2004,Manual,Petrol,1500,120000,1600000
car,Suzuki,Wagon R Stingray,2014,Automatic,Petrol,650,28500,3075000
suv,Toyota,CHR,2018,Automatic,Petrol,1200,5700,7450000
car,Honda,N WGN,2017,Automatic,Petrol,650,40000,3550000
car,Nissan,Tiida,2008,Automatic,Petrol,1500,121000,3375000
suv,Mahindra,KUV 100 NXT,2020,Manual,Petrol,1200,590,3250000
suv,Honda,Vezel RS,2018,Automatic,Hybrid,1500,52000,7975800
car,Suzuki,Maruti,2000,Manual,Petrol,800,100000,950000
car,Perodua,Viva Elite,2013,Automatic,Petrol,1000,57000,2350000
car,Toyota,Axio G Grade,2016,Automatic,Hybrid,1500,39000,6200000
car,Toyota,Passo,2007,Automatic,Petrol,1000,117500,2650000
car,Toyota,IST,2002,Automatic,Petrol,1200,120000,2450000
car,Nissan,Leaf,2012,Automatic,Electric,80,27000,1800000
car,Honda,Civic ES8,2002,Automatic,Petrol,1500,175300,2690000
car,Tata,Nano,2017,Automatic,Petrol,800,75000,1390000
van,Suzuki,Every DA64,2017,Automatic,Petrol,650,43000,3880000
car,Toyota,Vitz,2014,Automatic,Petrol,1000,28900,4260000
car,Micro,MX 7,2009,Manual,Petrol,1600,142758,1275000
car,Tata,Nano,2011,Manual,Petrol,650,278500,960000
van,Toyota,Premio F EX G Superior,2017,Automatic,Petrol,1500,28000,8450000
car,Suzuki,Alto Sport,2010,Manual,Petrol,1000,95000,1590000
car,Suzuki,Alto K10,2011,Manual,Petrol,1000,78000,1720000
car,Toyota,Axio,2007,Automatic,Petrol,1500,195000,3950000
car,Suzuki,Maruti,2012,Manual,Petrol,800,55000,1280000
car,Toyota,Vitz,2019,Automatic,Petrol,1000,9000,5890000
car,Toyota,Aqua,2014,Automatic,Hybrid,1500,85440,3980000
car,Honda,Insight,2010,Automatic,Hybrid,1300,15000,2975000
car,Toyota,Prius G Touring,2013,Automatic,Petrol,1800,82000,4600000
car,Micro,Panda,2015,Manual,Petrol,1000,40000,1475000
car,Toyota,Premio,2017,Automatic,Petrol,1500,57000,9000000
car,Suzuki,Alto,2011,Manual,Petrol,800,76000,1690000
car,Chery,QQ,2010,Manual,Petrol,800,53000,949052
car,Micro,Panda,2011,Manual,Petrol,1000,38536,1375000
van,Nissan,Caravan,2002,Manual,Diesel,3200,270000,4000000
car,Suzuki,Alto Japan,2006,Automatic,Petrol,650,76000,1680000
car,Toyota,Aqua,2012,Automatic,Hybrid,1500,40500,3890000
car,Suzuki,Alto 800 LXI,2007,Manual,Petrol,800,125000,1495000
van,Mitsubishi,Mini Cab,2016,Automatic,Petrol,650,62000,2490000
car,Toyota,Vitz,2007,Automatic,Petrol,1000,71400,3325000
car,Honda,Fit GP5,2014,Automatic,Hybrid,1500,90000,4325000
car,Nissan,N17,2006,Manual,Petrol,1300,173000,2100000
car,Suzuki,Wagon R Stingray,2014,Automatic,Hybrid,650,79000,2875000
car,Suzuki,Alto 800,2011,Manual,Petrol,800,56000,1500000
car,Suzuki,Wagon R Stingray,2018,Automatic,Hybrid,650,16330,3795000
car,Tata,Nano Twist,2015,Manual,Petrol,650,130000,1120000
car,Suzuki,Wagon R Stingray,2018,Automatic,Hybrid,650,28700,3600000
car,Daihatsu,Mira,2018,Automatic,Petrol,650,27859,3580000
suv,Mitsubishi,Outlander,2015,Automatic,Hybrid,2000,65000,8665000
car,Suzuki,Maruti,2012,Manual,Petrol,800,83000,1300000
car,Suzuki,Wagon R Stingray,2014,Automatic,Hybrid,650,62000,2890000
suv,Micro,Kyron,2007,Automatic,Diesel,2000,169133,2795000
car,Mazda,Familia BJ5P,2000,Automatic,Petrol,1500,185000,1950000
car,Nissan,Sunny FB15,2002,Automatic,Petrol,1500,80000,2550000
car,Toyota,Vitz,2009,Automatic,Petrol,1000,91000,3475000
car,Mazda,Familia,2002,Automatic,Petrol,1300,139000,2075000
car,Hyundai,Sonata,2001,Automatic,Diesel,2000,184000,1650000
car,Suzuki,Alto,2014,Automatic,Petrol,650,44000,3050000
car,Suzuki,Alto,2008,Manual,Petrol,800,93500,1550000
car,Toyota,Axio WXB,2017,Automatic,Hybrid,1500,29000,6875000
van,Suzuki,Every,2005,Manual,Petrol,650,129000,1650000
car,Renault,KWID RXT,2016,Manual,Petrol,800,24000,1890000
van,Nissan,Caravan,2011,Automatic,Diesel,3000,109000,5000000
car,Toyota,Aqua,2014,Automatic,Hybrid,1500,108000,3840000
car,Hyundai,Eon,2016,Manual,Petrol,800,62000,2100000
car,Suzuki,Maruti,2002,Manual,Petrol,800,65500,1030000
van,Mitsubishi,Mini Cab,2002,Manual,Petrol,800,150000,1100000
car,Suzuki,Wagon R,2008,Manual,Petrol,650,86000,1840000
car,Suzuki,Wagon R FZ,2017,Automatic,Hybrid,650,59000,3485000
car,Suzuki,Maruti,2007,Manual,Petrol,800,62800,1150000
van,Toyota,KR42,2007,Automatic,Petrol,1800,95000,4050000
suv,Mitsubishi,Pajero,2001,Automatic,Petrol,3500,103000,5950000
car,Micro,Panda,2018,Automatic,Petrol,1000,4720,2300000
van,Suzuki,Every,2014,Automatic,Petrol,650,63000,2775000
car,Honda,Civic,2017,Automatic,Petrol,1000,52000,7000000
car,Micro,Panda,2013,Manual,Petrol,1000,81000,1400000
car,Nissan,Leaf,2012,Automatic,Electric,70,40945,1875000
car,Honda,Fit,2013,Automatic,Hybrid,1500,65000,3990000
car,Suzuki,Alto,2016,Manual,Petrol,800,20225,2300000
pickup,Mahindra,Bolero,2012,Manual,Diesel,2500,173000,1600000
car,Toyota,Axio WXB,2016,Automatic,Petrol,1500,75000,6350000
car,Hyundai,Elantra,2000,Automatic,Petrol,1600,220000,1270000
car,Toyota,Prius,2011,Automatic,Hybrid,1800,127000,4425000
car,Toyota,Axio,2014,Automatic,Hybrid,1500,92200,4475000
car,Suzuki,Wagon R,2017,Automatic,Electric,650,74000,2825000
car,Toyota,Axio WXB,2016,Automatic,Hybrid,1500,81000,6450000
car,Nissan,Sunny N16,2005,Automatic,Petrol,1500,162000,2400000
car,Nissan,Leaf,2012,Automatic,Electric,80,98000,1300000
car,Suzuki,Wagon R FZ,2018,Automatic,Petrol,650,30000,3450000
car,Nissan,FB15,2001,Automatic,Petrol,1500,150000,2275000
suv,Honda,CRV,2003,Automatic,Petrol,2000,137000,3525000
car,Toyota,Aqua,2014,Automatic,Hybrid,1500,190000,3000000
suv,Toyota,RAV4,2007,Manual,Petrol,2000,81000,2450000
car,Toyota,Prius 3rd Genaration,2013,Automatic,Hybrid,1800,80000,4650000
car,Toyota,Allion,2010,Automatic,Petrol,1500,100000,5475000
car,Suzuki,Maruti 800,2006,Manual,Petrol,800,110000,1100000
van,Daihatsu,Hijet,2007,Automatic,Petrol,650,92500,2075000
van,Toyota,KDH 223,2015,Automatic,Diesel,3000,147582,8700000
van,Nissan,Caravan,2012,Automatic,Diesel,2500,240000,5990000
suv,Toyota,CHR GT TURBO,2019,Automatic,Petrol,1200,12000,7890000
van,Mitsubishi,Mini Cab,2013,Automatic,Petrol,650,131000,2525000
car,Toyota,Prius W,2010,Automatic,Petrol,1800,74000,4200000
van,Suzuki,Every,2014,Automatic,Petrol,650,106250,2975000
car,Toyota,Corolla 141,2008,Automatic,Petrol,1500,105000,3750000
pickup,Toyota,Hilux Vigo,2014,Automatic,Diesel,3000,93000,9750000
car,Suzuki,Maruti,2011,Manual,Petrol,800,70000,1200000
suv,Mitsubishi,Montero,2015,Automatic,Diesel,3200,120000,18400000
car,Honda,Fit GP5,2014,Automatic,Hybrid,1500,74000,3975000
car,Toyota,Aqua S Grade,2013,Automatic,Petrol,1500,92000,3125000
car,Micro,MX 7,2011,Manual,Petrol,1300,150000,1550000
van,Toyota,KDH 200 Super GL,2005,Automatic,Diesel,2500,130000,6700000
suv,Mitsubishi,Pajero,2004,Automatic,Diesel,3200,106000,9500000
van,Suzuki,Every,2016,Automatic,Petrol,650,63000,2900000
car,Toyota,Prius 3rd Genaration,2015,Automatic,Hybrid,1800,69000,4890000
car,Suzuki,Maruti,2006,Manual,Petrol,800,55000,1175000
car,Toyota,Corolla,2000,Automatic,Diesel,2000,167336,2200000
car,Honda,Fit GP5,2015,Automatic,Hybrid,1500,83121,4390000
car,Suzuki,Wagon R FZ,2018,Automatic,Hybrid,650,36500,3490000
van,Mazda,Bongo,2011,Manual,Diesel,2000,216000,3500000
car,Micro,Panda,2015,Manual,Petrol,1000,80750,1650000
car,Toyota,Vitz,2008,Automatic,Petrol,1000,99000,3320000
car,Nissan,FB15,2000,Manual,Petrol,1500,150000,2075000
van,Suzuki,Every,2018,Automatic,Petrol,650,7200,3425000
car,Suzuki,Alto,2013,Manual,Petrol,800,57500,1645000
pickup,Nissan,Navara,2008,Manual,Diesel,2500,103800,3900000
pickup,Nissan,Navara,2007,Automatic,Diesel,2500,200000,1300000
car,Nissan,N16 Super Saloon,2000,Manual,Petrol,1600,166500,2250000
car,Micro,Panda Cross,2017,Automatic,Petrol,1000,20000,2285000
car,Suzuki,Alto K10,2011,Manual,Petrol,1000,78844,1800000
suv,Mahindra,KUV 100,2019,Manual,Petrol,1200,87,3395000
car,Suzuki,Alto,2014,Manual,Petrol,800,84000,1740000
car,Mazda,3,2005,Automatic,Petrol,1600,175000,2750000
car,Nissan,Tiida,2012,Automatic,Petrol,1500,80000,2875000
pickup,Toyota,Hilux Vigo,2006,Manual,Diesel,2500,147000,5790000
car,Toyota,Aqua,2012,Automatic,Hybrid,1500,67000,3675000
car,Nissan,March K11,2001,Automatic,Petrol,1000,112000,1765000
car,Suzuki,Alto 800 LXI,2010,Manual,Petrol,800,80000,1435000
pickup,Mitsubishi,L200,2010,Manual,Diesel,2500,250000,2650000
car,Suzuki,Alto,2017,Manual,Petrol,800,21000,2325000
car,Nissan,March,2000,Automatic,Petrol,1000,156000,1850000
car,Nissan,Bluebird,2000,Manual,Diesel,2000,157131,1865000
car,Suzuki,Wagon R,2015,Automatic,Hybrid,650,107000,2950000
car,Nissan,Leaf,2015,Automatic,Electric,70,40000,2780000
suv,Mitsubishi,Montero Sport,2012,Automatic,Diesel,2500,148000,8750000
suv,Honda,Vezel,2017,Automatic,Hybrid,1500,6000,6700000
car,Suzuki,Wagon R Stingray,2014,Automatic,Petrol,650,66000,2825000
suv,Zotye,Nomad,2012,Manual,Petrol,1500,46000,2075000
van,Toyota,KDH,2015,Automatic,Diesel,3000,54000,7800000
van,Suzuki,Every,2015,Automatic,Petrol,650,100000,2380000
car,Nissan,March,2003,Automatic,Petrol,1000,119000,1775000
van,Toyota,KDH TRH GL,2014,Automatic,Petrol,2000,88000,6690000
car,Honda,Freed,2012,Automatic,Petrol,1500,80000,4250000
car,Suzuki,Alto K10,2013,Manual,Petrol,1000,80500,1725000
suv,Mitsubishi,Outlander,2015,Automatic,Electric,2000,70500,12000000
car,Honda,Insight,2013,Automatic,Hybrid,1500,112000,4500000
car,Suzuki,Swift,2008,Automatic,Petrol,1300,117000,2525000
car,Toyota,Aqua,2013,Automatic,Hybrid,1500,86000,3975000
van,Suzuki,Every DA17,2017,Automatic,Petrol,650,53000,3275800
car,Honda,Fit GP5,2014,Automatic,Hybrid,1500,56000,4350000
car,Nissan,Sunny,2000,Automatic,Petrol,1500,200000,2240000
car,Suzuki,Wagon R Stingray,2015,Automatic,Petrol,650,85000,2875000
van,Nissan,Vanette,2006,Automatic,Diesel,2200,215000,3475000
car,Toyota,Vitz,2018,Automatic,Petrol,1000,11000,5375000
car,Mitsubishi,Lancer CS3,2007,Manual,Petrol,1600,165000,2725000
car,Honda,Insight,2011,Automatic,Hybrid,1300,134000,3640000
suv,Honda,Vezel,2017,Automatic,Petrol,1500,63000,6685000
car,Micro,Trend,2008,Automatic,Petrol,1000,40000,1195000
car,Suzuki,Wagon R,2017,Automatic,Hybrid,650,68000,3200000
car,Honda,Fit GP5,2013,Automatic,Hybrid,1500,75000,4050000
car,Suzuki,Maruti 800,2006,Manual,Petrol,800,103000,1000000
car,Suzuki,Alto,2016,Automatic,Petrol,650,24857,2795000
car,Suzuki,Swift,2001,Automatic,Petrol,1300,80000,2150000
suv,Mahindra,KUV 100,2020,Manual,Petrol,1200,109,3395000
car,Toyota,Prius,2008,Automatic,Hybrid,1800,150000,3300000
car,Suzuki,Wagon R,2017,Automatic,Hybrid,650,39000,3425000
car,Toyota,Allion 240,2001,Automatic,Petrol,1500,151000,3150000
car,Kia,Rio,2002,Automatic,Petrol,1500,130333,1275000
car,Suzuki,Alto,2015,Manual,Petrol,800,75000,1790000
suv,Honda,Vezel RS Sensing,2016,Automatic,Hybrid,1500,64000,6575000
pickup,Mahindra,Bolero,2014,Manual,Diesel,2500,71000,1665000
car,Micro,MX 7,2013,Manual,Petrol,1500,148000,1875000
car,Toyota,Yaris,2006,Automatic,Petrol,1300,185000,3550000
van,Nissan,Vanette,2007,Manual,Diesel,2000,65000,4750000
car,Nissan,Sunny,2003,Manual,Petrol,1300,222100,2100000
car,Suzuki,Swift,2004,Automatic,Petrol,1300,145000,2050000
car,Suzuki,Swift Beetle,2006,Automatic,Petrol,1500,133500,2650000
car,Tata,Nano,2011,Manual,Petrol,650,58000,750000
car,Toyota,Vitz,2016,Automatic,Petrol,1000,62000,4475000
car,Toyota,Vitz,2015,Automatic,Petrol,1000,38000,4300000
van,Toyota,KR42,2002,Automatic,Diesel,2000,170000,3750000
car,Suzuki,Wagon R FX,2017,Automatic,Hybrid,650,25900,3290000
car,Suzuki,Alto K10,2013,Manual,Petrol,1000,142000,1825000
car,Suzuki,Zen Estilo,2011,Manual,Petrol,1000,61320,2375000
car,Toyota,Premio G Superior,2018,Automatic,Petrol,1500,9000,10220000
car,Hyundai,Eon,2016,Manual,Petrol,800,51000,1850000
van,Suzuki,Every,2017,Automatic,Petrol,650,60000,1150000
van,Suzuki,Every,2016,Automatic,Petrol,650,61000,2975000
car,Suzuki,Maruti 800,2005,Manual,Petrol,800,120000,1025000
van,Suzuki,Every,2019,Automatic,Petrol,650,10000,3650000
car,Toyota,Axio,2009,Manual,Petrol,1500,67000,4375000
car,Toyota,Prius,2013,Automatic,Petrol,1800,67000,3825000
car,Suzuki,Alto K10,2011,Manual,Petrol,1000,200000,1580000
van,Nissan,Clipper,2016,Automatic,Petrol,650,98000,3000000
car,Suzuki,Zen Estilo,2008,Manual,Petrol,1000,103000,1690000
car,Suzuki,Alto,2014,Manual,Hybrid,800,34000,1750000
pickup,Toyota,Hilux Revo,2018,Automatic,Diesel,2800,105000,13000000
car,Honda,Fit Shuttle,2011,Automatic,Hybrid,1300,90000,3630000
suv,Mahindra,KUV 100,2020,Manual,Petrol,1200,105,3395000
car,Toyota,Aqua,2013,Automatic,Petrol,1500,88000,3775000
car,Nissan,Sunny FB15,2000,Automatic,Petrol,1500,140000,2150000
suv,Honda,Vezel,2017,Automatic,Petrol,1500,76000,6900000
car,Toyota,Corolla 121,2001,Automatic,Petrol,1500,160000,3200000
suv,Honda,Vezel,2015,Automatic,Hybrid,1500,77000,5400000
car,Honda,Fit GP1,2013,Automatic,Hybrid,1300,72000,3450000
car,Nissan,FB15,2003,Automatic,Petrol,1500,128000,2600000
car,Suzuki,Maruti 800,2005,Manual,Petrol,800,79000,995000
car,Toyota,Premio,2007,Automatic,Petrol,1500,116000,5200000
car,Daihatsu,Mira,2007,Automatic,Petrol,650,170000,2375000
van,Suzuki,Every DA64,2018,Automatic,Petrol,650,3300,4800000
van,Suzuki,Every,2017,Automatic,Petrol,650,42350,2875000
car,Nissan,Sunny FB15,2002,Automatic,Petrol,1500,146000,2750000
car,Toyota,Carina,2000,Automatic,Petrol,1600,234500,2750000
car,Toyota,Vitz,2012,Automatic,Petrol,1000,71000,3400000
car,Nissan,Sunny,2003,Automatic,Petrol,1500,157000,2675000
van,Suzuki,Spacia,2019,Automatic,Petrol,650,41000,3260000
car,Hyundai,Eon,2016,Manual,Petrol,800,81850,1975000
car,Mazda,6,2013,Automatic,Petrol,2000,108900,5985000
car,Daihatsu,Mira,2018,Automatic,Petrol,650,13000,3025000
car,Nissan,FB15 Ex Saloon,2000,Automatic,Petrol,1500,133000,2250000
car,Honda,Civic,2018,Automatic,Petrol,1000,10000,6395000
car,Suzuki,Alto,2011,Manual,Petrol,800,95000,1750000
car,Toyota,Prius,2012,Automatic,Hybrid,1800,98700,3650000
car,Toyota,Soluna,2001,Manual,Petrol,1500,218000,1700000
van,Nissan,Vanette,2007,Automatic,Diesel,3000,99320,3685000
car,Suzuki,Alto K10,2016,Manual,Petrol,1000,44000,2320000
car,Nissan,FB15,2003,Automatic,Petrol,1500,124580,1725000
car,Toyota,Carina,2002,Automatic,Petrol,1500,213000,2700000
van,Suzuki,Every DA17,2017,Automatic,Petrol,650,40000,3140000
car,Toyota,Corolla Axio,2016,Automatic,Hybrid,1500,115000,5500000
car,Toyota,Premio G Superior,2018,Automatic,Petrol,1500,3450,10850000
car,Honda,City,2000,Automatic,Petrol,1500,125600,1950000
van,Mazda,Brawny,2004,Manual,Diesel,2500,295600,2900000
car,Nissan,N17,2003,Manual,Petrol,1500,120000,2050000
car,Micro,Trend,2010,Automatic,Petrol,1100,89000,1000000
van,Nissan,Clipper,2018,Automatic,Petrol,650,26000,3200000
car,Suzuki,Alto,2015,Manual,Petrol,800,45000,1725000
car,Micro,Panda,2015,Manual,Petrol,1000,46580,1649000
suv,Honda,Vezel RS Sensing,2018,Automatic,Hybrid,1500,17600,7750000
car,Nissan,N16 Super Saloon,2003,Automatic,Petrol,1500,170000,2260000
car,Toyota,Vitz,2019,Automatic,Petrol,1000,4000,5925000
car,Toyota,Corolla,2003,Automatic,Petrol,1500,187287,3400000
van,Suzuki,Every,2016,Automatic,Petrol,650,70000,3400000
car,Toyota,Aqua,2014,Automatic,Hybrid,1500,84500,3475000
car,Nissan,Sunny,2000,Automatic,Petrol,1500,214000,2150000
car,Suzuki,Wagon R Stingray,2015,Automatic,Petrol,650,64500,2540000
van,Suzuki,Spacia,2016,Automatic,Hybrid,650,55096,2975000
pickup,Toyota,Hilux Revo,2017,Automatic,Diesel,2500,58000,11850000
car,Suzuki,Liana,2012,Automatic,Petrol,1500,100000,2250000
van,Mazda,Bongo,2006,Manual,Diesel,2000,300000,3550000
car,Toyota,Prius,2008,Automatic,Hybrid,1800,175000,2600000
car,Nissan,Bluebird,2000,Automatic,Petrol,1800,130000,1825000
car,Mitsubishi,CS1,2005,Manual,Petrol,1300,169000,2485000
car,Suzuki,Wagon R,2017,Automatic,Petrol,650,9000,3290000
car,Micro,Geely,2007,Manual,Petrol,1500,54000,1375000
car,Toyota,Vitz,2015,Automatic,Petrol,1000,47000,4395000
car,Tata,Indigo,2005,Manual,Petrol,1400,55000,1050000
pickup,Toyota,Hilux Vigo,2006,Automatic,Diesel,3000,127000,6350000
car,Nissan,FB15,2000,Automatic,Petrol,1500,165000,2150000
car,Suzuki,Maruti,2005,Manual,Petrol,800,40821,1050000
van,Toyota,Dolphin,2000,Manual,Diesel,2800,139308,4800000
car,Micro,Panda,2013,Manual,Petrol,1000,68450,1390000
car,Nissan,Wingroad,2000,Automatic,Petrol,1500,17000,1400000
car,Hyundai,Accent,2001,Manual,Petrol,1300,200000,1275000
car,Toyota,Aqua X Urban,2015,Automatic,Hybrid,1500,51000,4650000
van,Daihatsu,Hijet,2012,Automatic,Petrol,650,111000,2550000
van,Toyota,KDH,2007,Automatic,Diesel,3000,180000,6975000
car,Tata,Nano,2015,Manual,Petrol,650,61000,1290000
car,Suzuki,Maruti,2004,Manual,Petrol,800,70000,950000
van,Nissan,Super GL,2003,Automatic,Diesel,3000,210000,4500000
car,Suzuki,Wagon R,2017,Automatic,Diesel,650,25000,3500000
van,Toyota,KR42,2000,Automatic,Diesel,1800,198000,3575000
car,Toyota,Axio X Grade,2016,Automatic,Petrol,1500,53000,5750000
car,Toyota,Tank,2017,Automatic,Petrol,1000,19850,5175000
car,Toyota,Allion 260,2013,Automatic,Petrol,1500,83000,6550000
car,Mazda,Axela,2009,Automatic,Petrol,1500,154130,3650000
pickup,Mahindra,Bolero,2014,Manual,Diesel,2500,60000,1775000
car,Honda,Insight,2011,Automatic,Hybrid,1300,80000,2950000
car,Suzuki,Wagon R,2007,Manual,Petrol,650,89000,1890000
van,Mitsubishi,Mini Cab,2000,Manual,Petrol,650,14000,1525000
car,Suzuki,Estilo,2013,Manual,Petrol,1000,119000,2145000
van,Suzuki,Every,2019,Automatic,Petrol,650,28000,3290000
car,Suzuki,Celerio ZXI,2014,Manual,Petrol,1000,130000,2640000
car,Toyota,Aqua,2014,Automatic,Electric,1500,78000,3675000
van,Nissan,Clipper,2017,Automatic,Petrol,650,47000,2525000
car,Toyota,Premio,2018,Automatic,Petrol,1500,6000,8750000
pickup,Nissan,Navara,2007,Automatic,Diesel,2500,131109,4000000
car,Nissan,Primera,2001,Automatic,Petrol,1900,180000,2100000
car,Daihatsu,Mira,2008,Automatic,Petrol,650,80000,2390000
pickup,Toyota,Hilux,2008,Manual,Diesel,2500,98000,6000000
car,Suzuki,Swift,2005,Automatic,Petrol,1300,75000,2300000
car,Suzuki,Alto,2013,Manual,Petrol,800,47500,1885000
car,Toyota,Premio G Superior,2019,Automatic,Petrol,1500,17000,10850000
pickup,Tata,Xenon,2017,Manual,Diesel,3000,14000,1900000
car,Toyota,Premio G Superior,2016,Automatic,Petrol,1500,56000,8350000
car,Suzuki,Maruti 800,2005,Manual,Petrol,800,68000,1035000
van,Toyota,KDH GL,2007,Automatic,Diesel,2700,185000,6300000
pickup,Mahindra,Bolero,2015,Manual,Diesel,2500,43500,1895000
van,Toyota,Dolphin,2008,Automatic,Diesel,1500,82000,4600000
van,Suzuki,Every DA64,2016,Automatic,Petrol,650,13000,3990000
car,Toyota,Aqua,2012,Automatic,Hybrid,1500,70000,3500000
car,Renault,KWID,2016,Manual,Petrol,800,11850,1625000
car,Suzuki,Maruti,2006,Manual,Petrol,800,91000,1150000
car,Suzuki,Alto,2014,Manual,Petrol,800,33500,1800000
van,Daihatsu,Hijet,2004,Automatic,Petrol,650,98500,1530000
car,Honda,Fit Shuttle,2012,Automatic,Hybrid,1300,143945,3750000
car,Toyota,Allion 260,2009,Automatic,Petrol,1500,100000,4750000
van,Suzuki,Every,2002,Automatic,Petrol,650,101250,1700000
car,Suzuki,Alto K10,2011,Manual,Petrol,1000,103000,1590000
car,Suzuki,Alto,2015,Manual,Petrol,800,53800,1925000
van,Daihatsu,Atrai,2017,Automatic,Petrol,650,45260,2975000
van,Nissan,Caravan,2012,Manual,Diesel,3000,135000,4675000
car,Suzuki,Wagon R FZ,2014,Automatic,Petrol,650,40000,2900000
car,Perodua,Viva Elite,2011,Automatic,Petrol,1000,96050,2260000
car,Toyota,Prius,2010,Automatic,Hybrid,1800,148000,2900000
car,Toyota,Corolla 121,2005,Manual,Petrol,1500,157250,2650000
car,Toyota,Allion 240,2003,Automatic,Petrol,1500,190000,3950000
suv,Honda,Vezel,2014,Automatic,Petrol,1500,69600,4175000
car,Honda,Fit GP5,2013,Automatic,Hybrid,1500,98000,3870000
car,Toyota,Belta,2012,Automatic,Petrol,1300,63002,3350000
pickup,Mahindra,Bolero,2015,Manual,Diesel,2500,41000,2285000
car,Mitsubishi,Lancer,2003,Automatic,Petrol,1300,165000,2275000
car,Toyota,Corolla 121,2006,Manual,Petrol,1300,180000,3550000
car,Nissan,FB15,2000,Automatic,Petrol,1500,245600,2100000
van,Daihatsu,Hijet,2002,Manual,Petrol,650,224420,1600000
suv,Honda,HRV,2001,Automatic,Petrol,1600,127447,2595000
car,Suzuki,Alto,2015,Manual,Petrol,800,119300,1910000
car,Suzuki,Alto,2018,Manual,Petrol,800,22000,2180000
car,Suzuki,Wagon R,2015,Automatic,Hybrid,650,49000,2865000
car,Suzuki,Wagon R FX,2018,Automatic,Hybrid,650,25000,3195000
car,Toyota,Prius,2011,Automatic,Hybrid,1800,168950,3750000
van,Toyota,KR42,2000,Automatic,Diesel,2200,250000,3960000
car,Suzuki,Alto,2015,Manual,Petrol,800,74000,1675000
car,Toyota,Vitz F,2017,Automatic,Petrol,1000,15300,4975000
van,Toyota,KDH 200 Super GL,2006,Automatic,Diesel,2500,192000,6750000
car,Honda,Fit GP1,2013,Automatic,Petrol,1300,77000,3700000
car,Tata,Indigo,2007,Manual,Petrol,1400,36000,1150000
car,Suzuki,Alto 800 LXI,2015,Manual,Petrol,800,47000,1835000
car,Suzuki,Wagon R Stingray,2014,Automatic,Petrol,650,51800,2875000
car,Suzuki,Maruti,2007,Manual,Petrol,800,54000,1250000
car,Nissan,Leaf,2014,Automatic,Electric,70,32000,2500000
car,Suzuki,Maruti 800,2007,Manual,Petrol,800,53900,1175000
car,Mitsubishi,Lancer,2000,Automatic,Petrol,1500,178000,2375000
car,Hyundai,Accent,2006,Manual,Petrol,1300,145158,1600000
car,Suzuki,Alto 800 LXI,2015,Manual,Petrol,800,39000,1785000
car,Toyota,Vios,2003,Automatic,Petrol,1500,180000,2850000
car,Suzuki,Alto,2008,Manual,Petrol,800,111000,1425000
car,Toyota,Vios,2004,Manual,Petrol,1500,228000,2725000
car,Honda,N WGN,2016,Automatic,Petrol,650,45752,3575000
car,Honda,Fit,2012,Automatic,Hybrid,1500,58500,2900000
car,Toyota,IST,2007,Automatic,Petrol,1500,160000,3750000
car,Suzuki,Maruti,2011,Manual,Petrol,800,76140,1295000
car,Suzuki,Celerio,2016,Automatic,Petrol,1000,51937,2875000
car,Suzuki,Wagon R FX,2017,Automatic,Hybrid,650,44150,3090000
car,Toyota,Corolla 141,2008,Automatic,Petrol,1600,130500,3650000
car,Toyota,Yaris,2008,Automatic,Petrol,1300,140000,3365000
car,Nissan,EX Saloon,2001,Automatic,Petrol,1500,145000,2275000
car,Toyota,Prius,2008,Automatic,Hybrid,1800,113000,2900000
car,Chevrolet,Cruze,2004,Automatic,Petrol,1300,170000,2350000
van,Suzuki,Every,2007,Automatic,Petrol,650,81000,2475000
car,Suzuki,Swift,2006,Automatic,Petrol,1300,217000,2350000
car,Suzuki,Celerio VXI,2015,Automatic,Petrol,1000,51500,2790000
car,Suzuki,Liana,2004,Manual,Petrol,1500,190000,2150000
car,Hyundai,Trajet,2005,Automatic,Diesel,2000,80000,2700000
car,Suzuki,Swift,2007,Manual,Petrol,1300,108000,2050000
car,Perodua,Kelisa,2004,Automatic,Petrol,1000,57000,1595000
car,Suzuki,Wagon R FZ,2016,Automatic,Petrol,650,52000,2395000
car,Suzuki,Swift,2019,Automatic,Petrol,1200,1000,5400000
car,Honda,Fit Aria,2005,Automatic,Petrol,1500,300000,2950000
car,Micro,Panda,2015,Manual,Petrol,1000,38000,1590000
car,Perodua,Viva Elite,2009,Automatic,Petrol,1000,96500,1950000
car,Suzuki,Swift,2003,Automatic,Petrol,1300,96000,2285000
car,Suzuki,Alto 800 LXI,2015,Manual,Petrol,800,24988,997500
car,Micro,Panda,2011,Manual,Petrol,1000,72000,1190000
pickup,Tata,Xenon,2011,Manual,Diesel,3000,183741,1660000
car,Suzuki,Wagon R FZ,2016,Automatic,Petrol,650,32000,2495000
car,Honda,Grace,2015,Automatic,Petrol,1500,86000,4985000
car,Hyundai,Accent,2001,Manual,Petrol,1500,15000,1375000
van,Toyota,KR42,2007,Automatic,Petrol,1800,175000,4100000
car,Honda,Fit GP5,2014,Automatic,Hybrid,1500,50000,4425000
car,Tata,Nano,2015,Manual,Petrol,650,100000,1450000
car,Kia,Spectra,2004,Manual,Petrol,1600,110000,1385000
van,Nissan,Caravan,2001,Manual,Diesel,3000,356200,2830000
van,Suzuki,Every,2010,Automatic,Petrol,650,149000,1875000
pickup,Mahindra,Bolero,2011,Manual,Diesel,2500,102000,1560000
car,Nissan,N16,2004,Automatic,Petrol,1500,200000,2375000
car,Toyota,Corolla,2008,Automatic,Petrol,1600,120000,3700000
car,Toyota,Prius,2013,Automatic,Hybrid,1800,70000,5000000
car,Nissan,Sunny N16,2004,Automatic,Petrol,1500,130000,2250000
van,Suzuki,Every,2015,Automatic,Petrol,650,30000,3100000
car,Toyota,Axio X Grade,2015,Automatic,Petrol,1500,63000,4575000
car,Toyota,Passo,2007,Automatic,Petrol,1000,106000,2650000
car,Suzuki,Wagon R,2004,Manual,Petrol,650,102000,1450000
car,Nissan,N16,2000,Automatic,Petrol,1500,165000,2265000
pickup,Tata,207,2016,Manual,Diesel,3000,13068,1800000
car,Toyota,Carina,2004,Automatic,Diesel,2000,140000,2490000
car,Toyota,Belta,2009,Automatic,Petrol,1000,74000,3575000
suv,Honda,Vezel,2016,Automatic,Hybrid,1500,65000,5175000
car,Suzuki,Wagon R,2017,Automatic,Hybrid,650,35000,3500000
car,Toyota,Prius,2015,Automatic,Petrol,1800,65000,4050000
car,Mitsubishi,Ek Wagon,2016,Automatic,Petrol,650,22000,3025000
car,Suzuki,Swift RS,2017,Automatic,Petrol,1000,32500,5250000
car,Suzuki,Maruti Zen,2003,Manual,Petrol,1000,70350,1150000
car,Honda,Fit,2013,Automatic,Petrol,1300,111000,2945000
car,Toyota,Prius,2011,Automatic,Hybrid,1800,109566,3750000
car,Suzuki,Alto,2015,Manual,Petrol,800,92000,1850000
car,Suzuki,Wagon R FZ,2017,Automatic,Petrol,650,20000,3000000
car,Mazda,Demio,2008,Automatic,Petrol,1300,75000,3000000
car,Toyota,Vios,2006,Automatic,Petrol,1500,175500,2850000
van,Suzuki,Spacia G,2017,Automatic,Petrol,650,69000,3250000
car,Suzuki,Wagon R Stingray,2017,Automatic,Petrol,650,70000,3650000
car,Suzuki,Alto,2015,Manual,Petrol,650,90000,1950000
van,Toyota,Noah,2007,Manual,Diesel,1800,280000,3650000
car,Honda,Fit GP5,2014,Automatic,Petrol,1500,75000,3650000
suv,Nissan,X-Trail,2017,Automatic,Hybrid,2000,40000,10500000
car,Nissan,Sunny,2004,Automatic,Petrol,1500,150000,2100000
van,Mazda,Bongo,2006,Manual,Diesel,2000,170070,3400000
van,Toyota,Hiace KDH 201 GL,2019,Automatic,Diesel,2800,10000,12500000
car,Suzuki,Alto K10,2011,Manual,Petrol,1000,11512,1775000
car,Honda,Fit GP1,2014,Automatic,Petrol,1500,88200,3475000
car,Tata,Indica V2,2014,Manual,Petrol,1200,34000,1620000
car,Honda,Fit Aria,2007,Automatic,Petrol,1500,124000,2300000
car,Suzuki,Celerio VXI,2016,Automatic,Petrol,1000,29325,2875000
pickup,Mahindra,Bolero,2011,Manual,Diesel,2500,77000,1250000
car,Toyota,Prius,2012,Automatic,Hybrid,1800,134000,4200000
car,Suzuki,Wagon R FX,2017,Automatic,Hybrid,650,35000,3100000
car,Suzuki,Alto,2015,Manual,Petrol,800,55900,1750000
car,Toyota,Premio G Superior,2016,Automatic,Petrol,1500,48000,8190000
car,Tata,Nano,2012,Manual,Petrol,650,54000,840000
van,Toyota,KDH 200,2007,Automatic,Diesel,2500,115000,6900000
car,Honda,Grace,2016,Automatic,Hybrid,1500,82000,6100000
car,Mazda,Axela,2006,Automatic,Petrol,1500,150000,2750000
car,Toyota,Prius,2012,Automatic,Petrol,1800,105000,3990000
car,Hyundai,Accent,2000,Automatic,Petrol,1500,93000,1275000
car,Nissan,Leaf G Grade,2013,Automatic,Electric,70,56000,1200000
car,Micro,Panda,2013,Manual,Petrol,1000,69000,1420000
car,Toyota,Vitz Edition 2,2019,Automatic,Petrol,1000,22100,5995000
car,Suzuki,Wagon R FX,2017,Automatic,Petrol,650,37000,3225000
car,Micro,MX 7 Geely,2014,Manual,Petrol,1500,50000,1675000
car,Suzuki,Celerio VXI,2015,Automatic,Petrol,1000,94000,2600000
car,Suzuki,Alto 800,2015,Manual,Petrol,800,110000,1900000
car,Mitsubishi,Mini Cab,2008,Manual,Petrol,650,139000,1775000
car,Suzuki,Alto,2015,Manual,Petrol,800,43000,1980000
car,Nissan,Sunny FB15,2002,Automatic,Petrol,1500,148000,2600000
pickup,Mahindra,Bolero,2014,Manual,Diesel,2500,67452,1490000
car,Micro,Panda,2012,Manual,Petrol,1000,20000,1350000
car,Suzuki,Maruti,2005,Manual,Petrol,800,60856,995000
van,Suzuki,Every,2015,Automatic,Petrol,650,50200,2700000
car,Suzuki,Maruti,2006,Manual,Petrol,800,90000,1020000
car,Toyota,Axio,2008,Automatic,Petrol,1500,92000,4190000
van,Suzuki,Every,2017,Automatic,Petrol,650,38300,3200000
van,Toyota,KDH 200,2006,Automatic,Diesel,3000,200000,5700000
pickup,Toyota,Hilux,2010,Manual,Diesel,2500,58000,5000000
car,Suzuki,Wagon R,2018,Automatic,Petrol,650,27000,3800000
car,Mazda,Demio,2006,Automatic,Petrol,1300,100000,1775000
pickup,Nissan,Navara Aventura,2007,Manual,Diesel,2500,220000,3980000
car,Suzuki,Alto 800,2015,Manual,Petrol,800,100000,1920000
suv,Mitsubishi,Montero,2013,Automatic,Diesel,2800,82000,13500000
pickup,Toyota,Hilux Revo,2016,Automatic,Diesel,2800,62000,11675000
car,Nissan,Super Saloon,2004,Manual,Petrol,1300,175000,2250000
car,Tata,Nano,2011,Manual,Petrol,650,41000,1040000
suv,Zotye,Nomad,2008,Manual,Petrol,1300,31100,1695000
car,Suzuki,Alto,2015,Manual,Petrol,800,75000,1950000
van,Suzuki,Every,2019,Automatic,Petrol,650,7000,2775000
car,Suzuki,Alto,2014,Manual,Petrol,800,25900,1895000
pickup,Mahindra,Bolero,2018,Manual,Diesel,2500,10000,2450000
car,Toyota,Allion 240,2003,Automatic,Petrol,1500,115000,3875000
car,Toyota,Aqua,2015,Automatic,Petrol,1500,47100,4075000
suv,Toyota,CHR GT TURBO,2020,Automatic,Petrol,1200,3390,9950000
car,Nissan,N16,2001,Automatic,Petrol,1500,122000,2315000
suv,Mitsubishi,Montero Sport,2011,Automatic,Diesel,2500,80500,8575000
car,Daihatsu,Mira,2015,Automatic,Petrol,650,43500,2975000
van,Hyundai,H100,2004,Manual,Diesel,2500,350050,1950000
car,Toyota,Aqua G Grade,2014,Automatic,Hybrid,1500,50680,3875000
van,Suzuki,Every,2004,Automatic,Petrol,650,145000,1480000
van,Nissan,Caravan,2000,Manual,Diesel,3000,482440,4500000
car,Toyota,Axio WXB,2017,Automatic,Petrol,1500,51789,6950000
van,Toyota,KDH 200 Super GL,2007,Automatic,Diesel,2500,114500,7100000
car,Toyota,Premio 260,2009,Automatic,Petrol,1500,96000,5500000
car,Micro,Panda Cross,2013,Manual,Petrol,1300,51000,1625000
van,Toyota,KR42,2001,Automatic,Diesel,1800,260000,4250000
van,Nissan,Vanette,2001,Manual,Diesel,2200,175200,2575000
car,Tata,Nano,2016,Manual,Petrol,650,61000,1265000
car,Nissan,FB15,2002,Automatic,Petrol,1500,156000,2295000
car,Suzuki,Wagon R,2006,Manual,Petrol,650,76508,1750000
car,Toyota,Vitz Edition 3,2019,Automatic,Petrol,1000,19000,4625000
van,Suzuki,Every,2017,Automatic,Petrol,650,92500,2740000
car,Nissan,March,2010,Automatic,Petrol,1000,97000,2250000
car,Suzuki,Alto,2012,Manual,Petrol,800,64000,1595000
car,Toyota,Allion 260,2008,Automatic,Petrol,1500,109140,4750000
car,Suzuki,Maruti,2006,Manual,Petrol,800,69000,1060000
car,Honda,Fit GP1,2013,Automatic,Hybrid,1300,68000,3680000
car,Micro,Geely MX7,2013,Manual,Petrol,1500,58600,1890000
pickup,Mahindra,Bolero,2015,Manual,Diesel,2500,44500,2150000
car,Toyota,Wigo,2017,Automatic,Petrol,1000,27000,3895000
car,Toyota,Allion 240,2007,Automatic,Petrol,1500,112000,3790000
van,Suzuki,Spacia,2015,Automatic,Petrol,650,107000,3150000
car,Hyundai,Accent,2000,Automatic,Petrol,1500,172000,1575000
car,Suzuki,Wagon R Stingray,2018,Automatic,Hybrid,650,28500,3650000
car,Micro,Panda,2015,Manual,Petrol,1000,43000,1470000
suv,Honda,Vezel Z Orange,2014,Automatic,Hybrid,1500,74000,4975000
van,Toyota,CR42,2004,Manual,Diesel,1800,167000,3900000
car,Suzuki,Maruti,2006,Manual,Petrol,800,98000,1200000
car,Toyota,Aqua X Urban,2016,Automatic,Hybrid,1500,42890,4850000
car,Hyundai,Accent,2004,Manual,Petrol,1300,167500,1560000
car,Chery,QQ,2007,Manual,Petrol,800,58000,880000
car,Suzuki,Alto,2015,Manual,Petrol,800,39000,2150000
car,Nissan,FB15,2000,Automatic,Petrol,1500,140000,2250000
car,Suzuki,Celerio VXI,2015,Automatic,Petrol,1000,70000,2770000
car,Tata,Nano,2011,Manual,Petrol,650,160000,725000
car,Toyota,Allion 260,2009,Automatic,Petrol,1500,89500,5250000
van,Suzuki,Omni,2007,Manual,Petrol,800,100000,1020000
car,Toyota,Corolla Axio,2015,Automatic,Petrol,1500,85000,5000000
van,Nissan,Caravan,2001,Manual,Diesel,3000,300000,5900000
car,Suzuki,Maruti,2007,Manual,Petrol,800,65000,1135000
suv,Mitsubishi,Montero,2001,Manual,Diesel,2800,248000,6800000
car,Nissan,March,2002,Automatic,Petrol,1000,124000,1850000
car,Toyota,Corolla 121,2000,Automatic,Petrol,1500,140000,3400000
car,Toyota,Axio G Grade,2015,Automatic,Hybrid,1500,75000,5350000
van,Suzuki,Every DA17,2018,Automatic,Petrol,650,5084,2825000
suv,Zotye,Nomad,2007,Manual,Petrol,1300,53000,1880000
pickup,Mahindra,Bolero,2015,Manual,Diesel,2500,41235,1975000
car,Toyota,Axio,2011,Automatic,Petrol,1500,103450,4690000
car,Suzuki,Maruti,2008,Manual,Petrol,800,77500,1110000
car,Honda,N Box,2015,Automatic,Petrol,650,58000,3725000
suv,Honda,Vezel RS,2017,Automatic,Hybrid,1500,79200,6700000
car,Renault,KWID RXT,2016,Manual,Petrol,800,55300,1850000
car,Toyota,Corolla 121,2001,Automatic,Petrol,1500,162000,3375000
car,Toyota,Premio,2017,Automatic,Petrol,1500,35400,9300000
car,Toyota,Aqua,2013,Automatic,Hybrid,1500,145000,3515000
car,Toyota,Belta,2007,Automatic,Petrol,1300,132000,3750000
car,Honda,Fit Aria,2006,Manual,Petrol,1500,197000,2450000
car,Honda,Fit GP5,2015,Automatic,Hybrid,1500,52000,3971000
car,Honda,Fit GP1,2013,Automatic,Hybrid,1300,152405,3425000
van,Suzuki,Spacia,2018,Automatic,Petrol,650,43867,3175000
van,Toyota,KDH Super GL,2012,Automatic,Diesel,3000,203000,7850000
van,Suzuki,Spacia,2017,Automatic,Petrol,650,23000,3300000
car,Suzuki,Wagon R Stingray,2018,Automatic,Hybrid,650,34000,3225000
van,Toyota,Noah KR42,2007,Automatic,Petrol,1800,144000,3850000
suv,Nissan,X-Trail,2006,Manual,Petrol,2000,157000,3850000
car,Nissan,N16 Super Saloon,2002,Automatic,Petrol,1500,150000,2250000
car,Suzuki,Swift,2017,Automatic,Petrol,1000,5500,4150000
car,Honda,Civic,2018,Automatic,Petrol,1000,40000,6500000
car,Micro,Panda,2014,Manual,Petrol,1000,41000,1450000
car,Honda,Civic,2019,Automatic,Petrol,1000,39000,7195000
car,Toyota,Axio,2011,Automatic,Petrol,1500,13000,5025000
car,Honda,Fit Shuttle,2011,Automatic,Petrol,1500,151000,3290000
car,Toyota,Vitz,2007,Automatic,Petrol,1000,108000,2700000
van,Suzuki,Spacia,2016,Automatic,Petrol,650,40000,3390000
car,Toyota,Corolla 121,2001,Automatic,Petrol,1500,146000,3250000
car,Nissan,Wingroad,2004,Manual,Petrol,1500,140000,2100000
car,Toyota,Premio G Superior,2017,Automatic,Petrol,1500,62500,9775000
car,Toyota,Axio G Grade,2014,Automatic,Hybrid,1500,62000,4850000
car,Honda,Grace,2015,Automatic,Petrol,1500,107625,5100000
car,Toyota,Premio 260,2018,Automatic,Petrol,1500,13000,8850000
car,Suzuki,A-Star,2012,Manual,Petrol,1000,41000,2190000
car,Toyota,Axio,2014,Automatic,Hybrid,1500,71000,4850000
car,Suzuki,Wagon R,2017,Automatic,Petrol,650,35000,2975000
car,Micro,Panda,2011,Manual,Petrol,1000,43657,1270000
car,Toyota,Axio,2009,Automatic,Petrol,1500,128853,4775000
car,Suzuki,Maruti,2008,Manual,Petrol,800,90000,1210000
van,Suzuki,Spacia,2017,Automatic,Hybrid,650,25300,2990000
car,Suzuki,Wagon R,2015,Automatic,Petrol,650,56000,2495000
car,Toyota,Allion,2007,Automatic,Petrol,1500,112000,4900000
van,Nissan,Caravan,2007,Automatic,Diesel,3000,175000,4600000
car,Micro,Panda LC 1.0,2011,Manual,Petrol,1000,63579,1175000
suv,Suzuki,Grand Vitara,2006,Automatic,Petrol,2000,113500,3950000
van,Suzuki,Spacia,2019,Automatic,Petrol,650,41000,3250000
car,Suzuki,Maruti,2006,Manual,Petrol,650,55000,1150000
car,Suzuki,Celerio ZXI,2017,Automatic,Petrol,1000,52000,2575000
car,Nissan,FB15 Super Saloon,2001,Automatic,Petrol,1500,138000,2400000
car,Suzuki,Alto Japan,2014,Automatic,Petrol,650,64000,2975000
van,Mitsubishi,Mini Cab,2004,Manual,Petrol,650,110000,1330000
car,Mazda,Familia,2000,Manual,Petrol,1300,185000,1655000
car,Tata,Nano,2011,Manual,Petrol,650,130000,800000
car,Chery,QQ,2006,Manual,Petrol,800,48852,975000
van,Suzuki,Every,2015,Automatic,Petrol,650,60000,2495000
car,Toyota,Axio,2015,Automatic,Petrol,1500,75000,4900000
car,Toyota,Premio,2007,Automatic,Petrol,1500,172000,4850000
car,Toyota,Aqua G Grade,2012,Automatic,Hybrid,1500,90000,2900000
car,Nissan,Super Saloon,2000,Automatic,Petrol,1500,130000,2575000
car,Suzuki,A-Star,2011,Automatic,Petrol,1000,68000,1995000
car,Toyota,Aqua G Sport,2014,Automatic,Hybrid,1500,61200,4750000
car,Toyota,Vitz,2007,Automatic,Petrol,1000,112000,3375000
car,Micro,Panda,2012,Manual,Petrol,1000,81000,1260000
car,Nissan,FB15,2003,Automatic,Petrol,1500,170000,2425000
car,Micro,Trend,2007,Manual,Petrol,1100,56000,1050000
car,Renault,KWID,2016,Manual,Petrol,800,50000,1795000
car,Tata,Nano,2017,Automatic,Petrol,650,47000,1595000
van,Suzuki,Every,2013,Automatic,Petrol,650,71000,2800000
car,Toyota,Vitz,2016,Automatic,Petrol,1000,26000,4650000
car,Suzuki,Swift Beetle,2008,Automatic,Petrol,1500,55000,2975000
car,Toyota,Axio,2007,Automatic,Petrol,1500,118000,4025000
car,Perodua,Kelisa,2008,Automatic,Petrol,1000,74000,1875000
car,Micro,Panda,2016,Manual,Petrol,1000,13000,1700000
car,Nissan,March,2000,Automatic,Petrol,1000,140000,1685000
suv,Honda,HRV,2001,Automatic,Petrol,1600,137000,3000000
car,Toyota,Axio,2015,Automatic,Hybrid,1500,103000,5250000
car,Toyota,Axio,2016,Automatic,Hybrid,1500,59000,5525000
car,Perodua,Viva Elite,2011,Manual,Petrol,1000,71000,2090000
car,Toyota,Premio,2014,Automatic,Petrol,1500,62000,7404000
car,Toyota,Aqua,2014,Automatic,Petrol,1500,128000,3625000
pickup,Mahindra,Bolero Maxi Truck,2011,Manual,Diesel,2500,86000,1270000
car,Toyota,Corolla,2006,Automatic,Petrol,1500,173000,2950000
van,Suzuki,Spacia,2017,Automatic,Petrol,650,19000,3325000
car,Toyota,Prius S Touring,2011,Automatic,Petrol,1800,125000,4150000
car,Chery,QQ,2007,Manual,Petrol,800,244000,820000
car,Toyota,Axio,2008,Automatic,Petrol,1500,106000,4150000
car,Suzuki,Swift,2004,Automatic,Petrol,1300,125000,2425000
van,Suzuki,Every,2014,Automatic,Petrol,650,50000,2775000
car,Toyota,Premio,2014,Automatic,Petrol,1500,60000,7975000
car,Suzuki,Wagon R,2017,Automatic,Hybrid,650,39000,3325000
car,Toyota,Aqua,2017,Automatic,Hybrid,1500,38900,4225000
car,Toyota,Axio G Grade,2016,Automatic,Petrol,1500,41000,5500000
van,Daihatsu,Hijet,2007,Automatic,Petrol,650,119850,1535000
car,Toyota,Prius,2015,Automatic,Hybrid,1800,50000,5100000
suv,Toyota,CHR,2020,Automatic,Petrol,1200,3680,9850000
car,Suzuki,Wagon R Stingray,2019,Automatic,Hybrid,650,1400,4400000
car,Suzuki,Alto,2015,Manual,Petrol,800,14000,1875000
van,Suzuki,Every,2007,Manual,Petrol,650,140300,1860000
van,Nissan,Caravan,2002,Automatic,Diesel,3000,340000,4175000
car,Suzuki,Maruti 800,2005,Manual,Petrol,800,56000,1200000
car,Tata,Indica V2,2007,Manual,Petrol,1400,54000,1384000
van,Suzuki,Every,2014,Automatic,Petrol,800,57238,2410000
car,Toyota,Vitz,2015,Automatic,Petrol,1000,20000,4300000
car,Chery,QQ,2007,Manual,Petrol,800,105000,1100000
car,Suzuki,Maruti,2005,Manual,Petrol,800,100000,1100000
car,Toyota,Axio G Grade,2015,Automatic,Petrol,1500,120000,4650000
car,Toyota,Premio G Superior,2013,Automatic,Petrol,1500,69000,5900000
car,Suzuki,Celerio ZXI,2015,Automatic,Petrol,1000,57000,2200000
car,Toyota,Vios,2003,Automatic,Petrol,1500,180000,2800000
car,Suzuki,Wagon R,2017,Automatic,Petrol,650,32000,2690000
car,Suzuki,Maruti 800,2002,Manual,Petrol,800,80000,920000
car,Suzuki,Celerio ZXI,2015,Manual,Petrol,1000,56000,2660000
car,Toyota,Prius,2008,Automatic,Hybrid,1800,180000,2500000
car,Perodua,Viva Elite,2010,Manual,Petrol,1000,101000,2090000
van,Mitsubishi,Mini Cab,2007,Manual,Petrol,650,150000,1475000
pickup,Toyota,Hilux Rocco,2002,Manual,Diesel,2900,215200,2150000
car,Toyota,Premio,2018,Automatic,Petrol,1500,30000,8575000
van,Nissan,Vanette,2000,Manual,Diesel,2500,180000,2995000
car,Suzuki,Wagon R Stingray,2014,Automatic,Hybrid,650,85000,2390000
pickup,Mahindra,Bolero,2015,Manual,Diesel,2500,36345,2290000
car,Honda,City,2001,Manual,Petrol,1500,144000,1725000
car,Toyota,IST,2003,Automatic,Petrol,1300,48000,2925000
car,Nissan,Sunny,2002,Automatic,Petrol,1500,63000,2475000
car,Suzuki,Maruti,2012,Manual,Petrol,800,75000,1295000
car,Toyota,Prius,2008,Automatic,Petrol,1500,85000,3250000
car,Toyota,Vitz,2007,Automatic,Petrol,1000,96000,3220000
car,Toyota,Axio,2011,Automatic,Petrol,1500,53000,4175000
pickup,Nissan,Navara,2007,Manual,Diesel,2500,134000,3400000
car,Suzuki,Alto 800 LXI,2015,Manual,Petrol,800,52000,1950000
car,Suzuki,Alto,2015,Manual,Petrol,800,46200,1735000
car,Nissan,March AK12,2002,Automatic,Petrol,1300,142000,2100000
car,Tata,Nano,2015,Manual,Petrol,650,114000,1230000
car,Tata,Nano,2011,Manual,Petrol,650,180000,775000
van,Suzuki,Every,2000,Automatic,Petrol,650,400000,1600000
car,Micro,Panda LC 1.0,2017,Manual,Petrol,1000,15000,1800000
car,Suzuki,Maruti,2006,Manual,Petrol,800,54000,1075000
car,Micro,Panda,2013,Manual,Petrol,1000,68000,1475000
van,Nissan,Clipper,2015,Automatic,Petrol,650,95000,2660000
car,Nissan,March K11,2001,Manual,Petrol,1000,150000,1525000
car,Toyota,Axio,2015,Automatic,Hybrid,1500,59200,5200000
car,Toyota,Vitz,2017,Automatic,Petrol,1000,21000,5050000
car,Suzuki,Alto K10,2011,Manual,Petrol,1000,72000,1675000
car,Nissan,FB15,2000,Automatic,Petrol,1500,140000,2375000
car,Suzuki,Alto K10,2011,Manual,Petrol,1000,100000,1795000
car,Honda,Fit Shuttle,2013,Automatic,Hybrid,1300,62000,2950000
van,Toyota,CR42,2001,Manual,Diesel,2200,35620,4150000
car,Honda,Civic,2017,Automatic,Petrol,1000,32000,7250000
car,Toyota,Aqua S Grade,2012,Automatic,Hybrid,1500,98000,3325000
pickup,Toyota,Hilux Revo,2016,Automatic,Diesel,3000,66000,11500000
car,Suzuki,Alto,2011,Manual,Petrol,800,115000,1675000
car,Nissan,Wingroad,2008,Automatic,Petrol,1800,150000,2700000
suv,Honda,Vezel RS Sensing,2017,Automatic,Hybrid,1500,68000,6700000
car,Mahindra,KUV 100 NXT,2020,Manual,Petrol,1200,86,3295000
van,Daihatsu,Hijet,2001,Manual,Petrol,650,127000,1375000
car,Honda,Fit GP5,2017,Automatic,Hybrid,1300,25250,4975000
car,Toyota,Aqua G Grade,2013,Automatic,Hybrid,1500,37000,4150000
car,Tata,Nano,2015,Manual,Petrol,800,62000,1145000
car,Micro,Geely MX7,2011,Manual,Petrol,1500,158000,1490000
car,Nissan,March K11,2001,Automatic,Petrol,1000,74500,1960000
van,Toyota,KDH 201 Super GL,2011,Automatic,Diesel,3000,153000,1000000
car,Suzuki,Alto,2011,Manual,Petrol,800,71260,1550000
car,Suzuki,Alto,2017,Automatic,Petrol,650,24850,3175000
van,Suzuki,Every,2016,Automatic,Petrol,650,17111,3100000
car,Mazda,3,2015,Automatic,Petrol,1600,80000,5975000
car,Suzuki,Alto 800 LXI,2015,Manual,Petrol,800,46000,1965000
van,Toyota,Townace Noah,2008,Automatic,Petrol,1800,227000,2600000
car,Toyota,Premio,2018,Automatic,Petrol,1500,24300,10300000
car,Suzuki,A-Star,2010,Manual,Petrol,1000,80000,1785000
suv,Hyundai,Santa Fe,2002,Automatic,Diesel,2500,200000,2525000
car,Suzuki,Wagon R,2015,Automatic,Petrol,650,49000,2950000
car,Micro,Panda,2016,Manual,Petrol,1000,44000,1645000
car,Toyota,Allion 260,2015,Automatic,Petrol,1500,55000,7200000
car,Honda,Fit GP1,2012,Automatic,Hybrid,1300,105000,3525000
van,Toyota,KDH,2006,Manual,Diesel,2800,245000,5785000
pickup,Mahindra,Bolero,2013,Manual,Diesel,2500,48000,1250000
suv,Mitsubishi,Pajero,2000,Automatic,Petrol,3500,139000,5700000
car,Toyota,Prius,2008,Automatic,Hybrid,1800,134000,2825000
car,Suzuki,Alto Japan,2009,Automatic,Petrol,650,41113,2690000
car,Micro,Panda LC 1.0,2016,Manual,Petrol,1000,15052,1750000
car,Nissan,Sunny N16,2005,Automatic,Petrol,1500,130000,2685000
car,Toyota,Prius,2013,Automatic,Petrol,1800,71383,4450000
car,Toyota,Axio G Grade,2012,Automatic,Petrol,1500,160000,4800000
van,Suzuki,Every,2017,Automatic,Petrol,650,42500,2860000
van,Micro,MPV,2015,Manual,Petrol,1000,31400,1400000
car,Toyota,Allion,2007,Automatic,Petrol,1500,100000,4575000
car,Toyota,AE110 ,2000,Automatic,Petrol,1500,147000,2525000
suv,Mitsubishi,Montero,2001,Automatic,Petrol,3500,150000,5190000
car,Nissan,N16,2002,Manual,Petrol,1500,100000,2190000
car,Datsun,Redi-GO,2016,Manual,Petrol,800,62000,1690000
car,Micro,Panda,2014,Manual,Petrol,1000,22500,1700000
car,Toyota,Axio,2007,Automatic,Petrol,1500,190000,3950000
car,Toyota,Corolla 141,2012,Automatic,Petrol,1600,77250,4400000
car,Micro,Panda,2014,Manual,Petrol,1000,59300,1525000
pickup,Mahindra,Bolero,2016,Manual,Diesel,2500,46500,2190000
car,Micro,Panda LC 1.0,2015,Manual,Petrol,1000,64000,1520000
car,Suzuki,Alto K10,2012,Manual,Petrol,1000,98250,1675000
car,Mitsubishi,Ek Wagon,2017,Automatic,Petrol,650,22900,3390000
car,Toyota,Wigo,2017,Automatic,Petrol,1000,21000,3750000
van,Nissan,Lion Face,2006,Manual,Diesel,2200,130000,2690000
car,Nissan,FB15,2001,Automatic,Petrol,1500,180000,2125000
car,Toyota,Yaris,2006,Automatic,Petrol,1300,122000,3660000
car,Toyota,Vitz Edition 2,2018,Automatic,Petrol,1000,24000,5490000
car,Micro,Panda,2015,Manual,Petrol,1000,32000,1625000
car,Toyota,Premio,2018,Automatic,Petrol,1500,34700,10350000
car,Suzuki,Swift,2006,Automatic,Petrol,1300,83875,2750000
van,Nissan,E25,2007,Automatic,Petrol,2000,170000,3900000
car,Honda,Civic,2018,Automatic,Petrol,1000,29000,6750000
car,Toyota,Corolla 121,2003,Automatic,Petrol,1300,117000,3300000
car,Nissan,March AK12,2010,Automatic,Petrol,1300,107000,2700000
car,Micro,Panda Cross,2012,Manual,Petrol,1300,64000,1490000
car,Suzuki,Alto,2015,Manual,Petrol,800,41000,1875000
car,Suzuki,Maruti,2007,Manual,Petrol,800,62000,1225000
car,Suzuki,Alto 800 LXI,2007,Manual,Petrol,800,78000,1385000
car,Suzuki,Maruti,2012,Manual,Petrol,800,87000,1300000
car,Suzuki,A-Star,2012,Automatic,Petrol,1000,63000,2075000
car,Suzuki,Alto K10,2011,Manual,Petrol,1000,84500,1820000
suv,Hyundai,Santa Fe,2006,Automatic,Diesel,2000,155000,3900000
car,Honda,Grace,2015,Automatic,Hybrid,1500,62000,5150000
pickup,Mitsubishi,L200,2008,Manual,Diesel,2500,235000,4250000
car,Suzuki,Wagon R FX,2017,Automatic,Petrol,650,27455,3250000
car,Mitsubishi,Galant,2003,Manual,Petrol,2000,24000,1950000
van,Nissan,Caravan,2003,Automatic,Diesel,2600,190000,4250000
car,Tata,Nano Twist,2017,Automatic,Petrol,650,45000,1475000
car,Toyota,Vios,2003,Manual,Petrol,1500,120000,2340000
car,Suzuki,Alto,2012,Manual,Petrol,800,82000,1600000
car,Renault,KWID,2016,Manual,Petrol,800,29000,1800000
car,Nissan,N17,2006,Automatic,Petrol,1500,103000,2975000
car,Toyota,Premio G Superior,2012,Automatic,Petrol,1500,98000,6150000
car,Toyota,Allion,2010,Automatic,Petrol,1500,86000,5750000
pickup,Mahindra,Bolero,2016,Manual,Diesel,2500,19000,2275000
car,Hyundai,Accent,2002,Automatic,Petrol,1500,150000,1290000
car,Nissan,March AK12,2005,Automatic,Petrol,1300,117000,2050000
suv,Hyundai,Tuscon,2005,Automatic,Petrol,2000,141000,2500000
car,Suzuki,Wagon R Stingray,2018,Automatic,Petrol,650,20000,3225000
car,Toyota,Axio,2019,Automatic,Hybrid,1500,6000,7950000
van,Nissan,Caravan,2006,Automatic,Diesel,3000,168000,4400000
car,Hyundai,Matrix,2001,Manual,Petrol,1600,130000,1485000
van,Suzuki,Every,2020,Automatic,Petrol,1300,6800,3250000
car,Honda,Insight,2009,Automatic,Petrol,1300,84000,2980000
car,Suzuki,Alto,2015,Manual,Petrol,800,32000,2300000
van,Daihatsu,Hijet,2017,Automatic,Petrol,800,72000,1950000
suv,Micro,Rexton,2009,Automatic,Diesel,2700,141000,4300000
car,Suzuki,Maruti,2004,Manual,Petrol,800,100000,975000
pickup,Tata,Xenon,2016,Manual,Diesel,3000,52000,1775000
car,Suzuki,Maruti,2006,Manual,Petrol,800,96000,1110000
car,Nissan,Wingroad,2003,Automatic,Petrol,1500,140000,1975000
car,Renault,KWID RXT,2016,Manual,Petrol,800,46000,1850000
car,Toyota,Allion 260,2007,Automatic,Petrol,1500,160000,4825000
car,Toyota,Corolla 110,2000,Automatic,Petrol,1500,154000,2260000
suv,Mitsubishi,Outlander,2014,Automatic,Petrol,2000,100200,8050000
car,Tata,Nano,2011,Manual,Petrol,650,86000,775000
car,Hyundai,Accent,2001,Automatic,Petrol,1500,200000,1200000
car,Toyota,Aqua G Grade,2013,Automatic,Hybrid,1500,62000,3990000
car,Suzuki,Maruti,2004,Manual,Petrol,800,125584,935000
car,Chevrolet,Cruze,2005,Automatic,Petrol,1300,92500,2250000
van,Mazda,Bongo,2006,Automatic,Petrol,2000,185000,2690000
car,Micro,Trend,2009,Manual,Petrol,1100,82778,995000
car,Suzuki,Maruti,2006,Manual,Petrol,800,145000,1070000
car,Suzuki,Alto Sport,2011,Manual,Petrol,800,88000,1590000
car,Toyota,Aqua G Grade,2012,Automatic,Hybrid,1500,41000,3100000
car,Suzuki,Maruti 800,2005,Manual,Petrol,800,125000,960000
car,Suzuki,Wagon R Stingray,2015,Automatic,Hybrid,650,47000,3050000
car,Honda,Civic ES8,2004,Manual,Petrol,1500,157000,2725000
car,Nissan,Sunny FB15,2000,Automatic,Petrol,1500,93000,2550000
car,Suzuki,Alto,2016,Manual,Petrol,800,37000,1990000
car,Honda,Fit Shuttle,2014,Automatic,Hybrid,1300,82000,4275000
car,Suzuki,Maruti,2005,Manual,Petrol,800,90000,995000
car,Perodua,Kelisa,2004,Manual,Petrol,1000,120000,1490000
car,Mazda,Demio,2009,Automatic,Petrol,1300,130000,2850000
van,Suzuki,Every,2019,Automatic,Petrol,650,570,3750000
car,Toyota,Aqua,2013,Automatic,Hybrid,1500,48000,3250000
car,Toyota,Premio,2004,Automatic,Petrol,1500,179000,3700000
car,Toyota,Aqua S Grade,2014,Automatic,Hybrid,1500,98000,3990000
pickup,Mahindra,Bolero Maxi Truck,2018,Manual,Diesel,2500,25650,2450000
car,Toyota,Aqua G Grade,2014,Automatic,Hybrid,1500,80000,4050000
car,Suzuki,Maruti,2005,Manual,Petrol,800,85800,1185000
car,Chery,QQ,2006,Manual,Petrol,800,50000,850000
car,Kia,Rio,2002,Manual,Petrol,1500,110000,1280000
van,Nissan,Caravan,2003,Automatic,Diesel,3200,400000,3350000
car,Honda,Insight,2011,Automatic,Hybrid,1300,105000,3350000
car,Toyota,Premio,2010,Automatic,Petrol,1500,150000,5980000
car,Toyota,Aqua X Urban,2015,Automatic,Hybrid,1500,60000,4875000
van,Suzuki,Every,2012,Automatic,Petrol,650,144000,2575000
pickup,Toyota,Hilux Vigo,2007,Automatic,Diesel,3000,140000,6550000
car,Mitsubishi,Ek Wagon,2018,Automatic,Petrol,650,14000,3225000
car,Toyota,Vitz,2015,Automatic,Petrol,1000,51000,4425000
car,Suzuki,Swift RS Turbo,2017,Automatic,Petrol,1000,35000,5125000
car,Suzuki,Alto Japan,2004,Manual,Petrol,650,142006,1950000
car,Toyota,Aqua,2013,Automatic,Petrol,1500,46000,3725000
car,Toyota,Prius,2008,Automatic,Hybrid,1800,115000,2690000
van,Suzuki,Every,2017,Automatic,Petrol,650,16000,3350000
van,Suzuki,Every,2018,Automatic,Petrol,650,10000,2790000
car,Suzuki,Wagon R Stingray,2014,Automatic,Petrol,650,130000,2480000
car,Suzuki,Alto,2004,Manual,Petrol,1000,221000,1500000
car,Toyota,Vitz,2018,Automatic,Petrol,1000,23600,5275000
car,Micro,Geely,2009,Manual,Petrol,1500,100000,1050000
car,Suzuki,Swift,2004,Automatic,Petrol,1300,113000,2250000
car,Micro,Trend,2010,Automatic,Petrol,1100,43831,1190000
car,Toyota,Vitz,2008,Automatic,Petrol,1000,102000,3325000
car,Suzuki,Wagon R FX,2017,Automatic,Petrol,650,58000,2725000
car,Suzuki,Maruti,2006,Manual,Petrol,800,60000,1185000
car,Honda,Fit GP5,2014,Automatic,Petrol,1500,37500,3980000
car,Nissan,Sunny N16,2000,Manual,Petrol,1500,100000,1825000
car,Nissan,Bluebird,2000,Automatic,Petrol,1800,158000,1950000
car,Honda,Fit Shuttle,2014,Automatic,Hybrid,1300,47000,4300000
car,Suzuki,Swift,2011,Manual,Petrol,1200,83300,2190000
van,Toyota,KDH 201,2013,Automatic,Diesel,3000,188000,7290000
van,Nissan,Caravan,2007,Automatic,Diesel,3000,115000,3950000
van,Toyota,KDH,2012,Manual,Diesel,2900,140000,6000000
car,Suzuki,Alto,2015,Manual,Petrol,800,28000,2050000
car,Honda,Fit GP5,2015,Automatic,Petrol,1500,75000,3790000
car,Suzuki,Alto,2016,Automatic,Petrol,650,52353,2900000
suv,Honda,HRV,2000,Automatic,Petrol,1600,137000,2625000
car,Micro,Panda,2014,Manual,Petrol,1000,37000,1375000
van,Nissan,Vanette Lion Face,2002,Manual,Diesel,2200,210000,2850000
suv,Mitsubishi,Outlander,2016,Automatic,Hybrid,2000,50000,12500000
car,Suzuki,Celerio,2015,Automatic,Petrol,1000,42000,2480000
car,Suzuki,Wagon R Stingray,2016,Automatic,Hybrid,650,80000,3025000
car,Toyota,Axio,2014,Automatic,Hybrid,1500,59000,5200000
car,Toyota,Prius,2014,Automatic,Petrol,1800,100500,4400000
car,Toyota,Aqua X Urban,2016,Automatic,Hybrid,1500,29000,6500000
car,Renault,KWID,2019,Manual,Petrol,800,10000,2050000
pickup,Tata,Xenon,2014,Manual,Diesel,3000,45000,1675000
car,Nissan,FB15,2001,Automatic,Petrol,1500,142000,2200000
car,Toyota,Corolla 121,2002,Manual,Petrol,1300,200750,2675000
car,Toyota,Axio,2008,Automatic,Petrol,1500,134304,4195000
car,Suzuki,Wagon R,2004,Manual,Petrol,650,133000,1475000
car,Toyota,Vitz KSP90,2007,Automatic,Petrol,1300,97000,3290000
pickup,Mahindra,Bolero,2010,Manual,Diesel,2500,37000,1590000
car,Suzuki,Wagon R,2014,Automatic,Petrol,650,29317,3095000
suv,Toyota,CHR,2017,Automatic,Petrol,1200,29000,7950000
car,Suzuki,A-Star,2011,Manual,Petrol,1000,65820,2000000
car,Mazda,3,2007,Automatic,Petrol,1500,175000,2830000
car,Suzuki,Alto,2010,Manual,Petrol,800,100000,1465000
car,Suzuki,Stingray,2015,Automatic,Petrol,650,57000,2860000
car,Suzuki,Wagon R FZ,2017,Automatic,Hybrid,650,59000,2930000
car,Suzuki,Wagon R Stingray,2014,Automatic,Petrol,650,25100,2665000
car,Perodua,Viva Elite,2001,Automatic,Petrol,1000,65000,2125000
van,Micro,MPV Junior,2011,Manual,Petrol,1000,85000,1175000
van,Toyota,KDH 201,2014,Automatic,Diesel,3000,110060,7390000
car,Nissan,Y11,2000,Manual,Petrol,1300,162000,1425000
car,Chery,QQ,2011,Manual,Petrol,800,41000,1075000
car,Toyota,Axio X Grade,2014,Automatic,Hybrid,1500,74000,3975000
car,Toyota,Aqua G Sport,2014,Automatic,Hybrid,1500,50000,4725000
car,Suzuki,Wagon R,2014,Automatic,Hybrid,650,52000,2775000
car,Honda,Fit Shuttle,2013,Automatic,Hybrid,1300,106000,3775000
car,Toyota,Prius,2011,Automatic,Hybrid,1800,131000,4150000
car,Suzuki,Alto,2015,Manual,Petrol,800,62000,1965000
van,Mazda,Bongo,2006,Automatic,Diesel,2000,200000,3575000
car,Suzuki,Wagon R FX,2017,Automatic,Hybrid,650,37000,3200000
suv,Honda,Vezel Z Orange,2014,Automatic,Hybrid,1500,66000,4875000
car,Toyota,Axio G Grade,2008,Automatic,Petrol,1500,142000,4650000
van,Toyota,KR42,2000,Automatic,Diesel,1800,275000,3790000
car,Suzuki,Alto K10,2011,Manual,Petrol,1000,76000,1765000
car,Honda,Fit GP5,2013,Automatic,Hybrid,1500,70000,3975000
car,Toyota,Premio,2011,Automatic,Petrol,1500,15000,5850000
car,Toyota,Aqua,2014,Automatic,Petrol,1500,62000,3950000
car,Suzuki,Maruti 800,2013,Manual,Petrol,800,71000,1360000
car,Suzuki,Maruti,2006,Manual,Petrol,800,82000,1200000
car,Suzuki,Wagon R,2018,Automatic,Petrol,650,25000,3350000
van,Toyota,Hiace,2000,Automatic,Diesel,3000,150000,3950000
pickup,Mahindra,Bolero Maxi Truck,2014,Manual,Diesel,2500,52000,1390000
car,Toyota,Avanza,2013,Automatic,Petrol,1500,151000,4090000
car,Toyota,Vitz,2016,Automatic,Petrol,1000,44000,4475000
car,Toyota,Corolla 121,2004,Manual,Petrol,1300,169000,2900000
van,Suzuki,Every,2017,Automatic,Petrol,650,52000,3300000
car,Suzuki,Celerio ZXI,2019,Automatic,Petrol,1000,4930,3550000
car,Micro,Panda,2015,Manual,Petrol,1000,49800,1575000
car,Toyota,Vitz,2019,Automatic,Petrol,1000,2700,5950000
suv,Mitsubishi,Montero Sport,2012,Automatic,Diesel,2500,82000,6950000
car,Micro,Trend,2013,Manual,Petrol,1000,125000,950000
car,Nissan,FB15,2006,Automatic,Petrol,1500,144050,2460000
car,Nissan,AD WAGON VY11,2001,Automatic,Petrol,1300,191000,1390000
pickup,Mahindra,Bolero,2012,Manual,Diesel,2500,38812,1330000
car,Honda,Grace,2014,Automatic,Hybrid,1500,54000,5500000
car,Honda,N Box,2018,Automatic,Petrol,650,47500,3900000
van,Nissan,Caravan,2008,Automatic,Diesel,3000,170000,4150000
van,Toyota,KDH,2015,Automatic,Petrol,2000,60000,8100000
car,Toyota,Vitz,2017,Automatic,Petrol,1000,29000,4750000
car,Suzuki,Wagon R Stingray,2018,Automatic,Hybrid,650,54000,3600000
car,Suzuki,Maruti Alto,2006,Manual,Petrol,800,160000,1390000
van,Toyota,KDH 200 Super GL,2005,Automatic,Diesel,2500,130800,6700000
car,Perodua,Viva Elite,2010,Automatic,Petrol,1000,74000,2300000
car,Honda,City,2003,Automatic,Petrol,1500,137000,2025000
car,Honda,Fit GP1,2012,Automatic,Hybrid,1300,118480,3590000
pickup,Toyota,Hilux,2012,Manual,Diesel,3000,265000,5500000
car,Toyota,Allion 240,2003,Automatic,Petrol,1500,122600,3775000
van,Toyota,KDH,2006,Automatic,Diesel,3000,130000,6400000
car,Nissan,March,2003,Automatic,Petrol,1000,28000,1900000
van,Toyota,KDH 223,2015,Automatic,Diesel,3000,70000,8725000
car,Toyota,Aqua,2014,Automatic,Hybrid,1500,123000,3850000
van,Toyota,KDH 221,2008,Automatic,Diesel,3000,128910,8500000
suv,Mitsubishi,Outlander,2013,Automatic,Hybrid,2000,68000,7280000
car,Toyota,Allion,2007,Automatic,Petrol,1500,170000,4600000
car,Nissan,March AK12,2002,Automatic,Petrol,1300,168000,2020000
pickup,Tata,Xenon,2014,Manual,Diesel,3000,96000,1600000
car,Tata,Nano,2011,Manual,Petrol,650,112000,740000
van,Suzuki,Every,2007,Automatic,Petrol,650,85000,2025000
car,Toyota,Aqua,2013,Automatic,Hybrid,1500,135000,3000000
car,Toyota,Axio Fielder,2014,Automatic,Hybrid,1500,108000,5250000
car,Suzuki,Alto,2016,Manual,Petrol,800,22700,2150000
suv,Toyota,CHR,2018,Automatic,Petrol,1200,48000,8359000
van,Daihatsu,Hijet,2013,Automatic,Petrol,650,60000,2600000
car,Toyota,Axio,2015,Automatic,Hybrid,1500,78000,4850000
car,Honda,Fit Shuttle,2018,Automatic,Petrol,1500,29000,6980000
pickup,Mahindra,Bolero,2018,Manual,Diesel,2500,3400,2600000
van,Suzuki,Spacia Custom,2018,Automatic,Hybrid,650,91500,3500000
car,Suzuki,Alto,2008,Manual,Petrol,800,84711,1600000
car,Perodua,Viva Elite,2011,Manual,Petrol,1000,68000,2000000
car,Nissan,N16,2002,Manual,Petrol,1300,176000,1950000
pickup,Mahindra,Bolero,2015,Manual,Diesel,2500,9500,1875000
car,Suzuki,Alto,2015,Manual,Petrol,800,80000,1650000
car,Suzuki,A-Star,2010,Manual,Petrol,1000,68173,1950000
pickup,Toyota,Hilux Vigo,2006,Manual,Diesel,3000,140000,5800000
car,Toyota,Aqua,2013,Automatic,Petrol,1500,73900,3490000
car,Toyota,Axio,2008,Automatic,Petrol,1500,160000,4190000
car,Toyota,Vitz Edition 3,2019,Automatic,Petrol,1000,11000,5675000
car,Micro,Geely,2015,Manual,Petrol,1000,128000,1550000
van,Toyota,Townace KR42,2000,Automatic,Petrol,1800,225000,2975000
van,Suzuki,Spacia,2016,Automatic,Petrol,650,47000,2550000
car,Suzuki,Maruti 800,2006,Manual,Petrol,800,85000,1050000
car,Honda,Fit Shuttle,2013,Automatic,Petrol,1300,148000,4250000
car,Suzuki,Maruti,2016,Manual,Petrol,800,19400,2400000
van,Suzuki,Every,2017,Automatic,Petrol,650,38500,3190000
car,Toyota,Vitz,2018,Automatic,Petrol,1000,43000,5200000
suv,Honda,HRV,2001,Automatic,Petrol,1600,126447,2595000
van,Daihatsu,Hijet,2007,Automatic,Petrol,650,190000,2325000
car,Toyota,Allion 260,2011,Automatic,Petrol,1500,230000,5690000
car,Honda,Fit GP1,2012,Automatic,Hybrid,1300,75000,3100000
car,Honda,Fit GP1,2012,Automatic,Hybrid,1300,66000,3100000
suv,Honda,Vezel,2014,Automatic,Hybrid,1500,109000,4890000
car,Nissan,March,2013,Automatic,Petrol,1300,104000,2720000
car,Toyota,Axio,2008,Automatic,Petrol,1500,100500,3700000
car,Micro,Panda LC 1.0,2015,Manual,Petrol,1000,49000,1565000
car,Toyota,Yaris,2008,Automatic,Petrol,1300,127000,3575000
car,Toyota,Aqua X Urban,2015,Automatic,Hybrid,1500,29000,5390000
car,Suzuki,Maruti,2005,Manual,Petrol,800,48000,1040000
van,Suzuki,Every,2015,Automatic,Petrol,650,62000,2850000
car,Nissan,FB15,2001,Automatic,Petrol,1500,165000,2375000
car,Nissan,N16,2000,Automatic,Petrol,1800,90000,2295000
car,Nissan,FB15,2000,Manual,Petrol,1500,156800,2250000
van,Toyota,KDH 200 Super GL,2006,Automatic,Diesel,2500,171000,6850000
car,Honda,Fit GP1,2013,Automatic,Hybrid,1300,76000,3025000
car,Micro,Panda Cross,2015,Manual,Petrol,1300,60000,1850000
car,Toyota,Premio,2018,Automatic,Petrol,1500,39000,9850000
car,Micro,Panda,2012,Manual,Petrol,1000,86000,1335000
car,Toyota,Vitz,2009,Automatic,Petrol,1000,136000,3290000
car,Toyota,Premio G Superior,2018,Automatic,Petrol,1500,25000,8550000
car,Toyota,Axio,2016,Automatic,Hybrid,1500,75000,5425000
car,Tata,Nano,2015,Manual,Petrol,650,73000,1040000
car,Daihatsu,Mira,2017,Automatic,Petrol,650,9000,2775000
van,Nissan,Clipper,2016,Automatic,Petrol,650,98400,3000000
car,Suzuki,Alto K10,2011,Manual,Petrol,1000,111000,1750000
car,Suzuki,Alto,2015,Manual,Petrol,800,48000,1775000
car,Toyota,Prius 3rd Generation,2011,Automatic,Hybrid,1800,130000,3825000
suv,Kia,Sportage,2011,Automatic,Petrol,2000,150000,4965000
car,Toyota,Vitz,2016,Automatic,Petrol,1000,44000,4525000
car,Kia,Rio,2004,Automatic,Petrol,1500,140000,1540000
car,Honda,City,2001,Automatic,Petrol,1500,130000,1795000
car,Suzuki,Maruti,2005,Manual,Petrol,800,73000,960000
car,Micro,Panda,2015,Manual,Petrol,1000,48000,1425000
car,Suzuki,Swift,2004,Automatic,Petrol,1300,65000,2500000
van,Suzuki,Every,2013,Automatic,Petrol,650,67000,2275000
car,Suzuki,Wagon R,2018,Automatic,Hybrid,650,5650,3550000
car,Suzuki,Maruti,2006,Manual,Petrol,800,61121,1040000
van,Mazda,Brawny,2000,Manual,Diesel,2500,345800,2780000
car,Honda,Civic ES8,2001,Automatic,Petrol,1500,198600,2475000
car,Toyota,Vitz,2017,Automatic,Petrol,1000,25000,5100000
car,Toyota,Corolla 121,2002,Automatic,Diesel,2200,250000,3380000
car,Suzuki,Wagon R,2011,Manual,Petrol,650,59100,2085000
car,Toyota,Premio,2011,Automatic,Petrol,1500,120000,5875000
car,Suzuki,Alto 800,2015,Manual,Petrol,800,110000,2000000
car,Nissan,FB15,2003,Automatic,Petrol,1300,103000,2390000
car,Honda,Fit Shuttle,2013,Automatic,Hybrid,1500,161000,3900000
car,Daihatsu,Mira,2017,Automatic,Petrol,650,47000,3575000
car,Suzuki,Zen,2004,Manual,Petrol,1000,170000,1250000
car,Suzuki,Swift,2002,Automatic,Petrol,1300,100000,2150000
car,Toyota,Axio G Grade,2014,Automatic,Hybrid,1500,100000,4750000
car,Suzuki,Wagon R Stingray,2017,Automatic,Petrol,650,37000,3050000
car,Suzuki,Maruti,2007,Manual,Petrol,800,59000,1145000
car,Toyota,Corolla 110,2002,Automatic,Petrol,1500,140000,2000000
van,Suzuki,Every,2016,Automatic,Petrol,650,23500,2675000
van,Toyota,KDH,2006,Automatic,Diesel,2500,250000,5780000
car,Perodua,Viva Elite Premium,2012,Automatic,Petrol,1000,83186,2590000
van,Suzuki,Every,2011,Manual,Petrol,650,170240,2150000
suv,Kia,Sportage,2011,Automatic,Petrol,2000,127000,4950000
car,Suzuki,Maruti,2006,Manual,Petrol,800,73000,1195000
car,Chevrolet,Cruze,2004,Automatic,Petrol,1300,150000,2275000
car,Renault,KWID,2016,Manual,Petrol,800,19000,1885000
van,Nissan,E25,2015,Manual,Diesel,3000,19832,5500000
car,Honda,Fit GP1,2012,Automatic,Hybrid,1300,71000,3225000
car,Toyota,Vitz,2007,Automatic,Petrol,1000,91500,3200000
van,Toyota,KDH,2014,Automatic,Diesel,2500,126000,8575000
car,Suzuki,Maruti,2011,Manual,Petrol,800,59900,1180000
car,Honda,Fit Shuttle,2014,Automatic,Hybrid,1300,120000,4500000
car,Suzuki,Swift,2004,Automatic,Petrol,1300,133000,2390000
car,Toyota,Premio,2017,Automatic,Petrol,1500,26800,9250000
car,Toyota,Vitz,2008,Automatic,Petrol,1000,82000,3200000
van,Micro,MPV,2013,Manual,Petrol,1100,38000,1290000
car,Suzuki,Maruti 800,2006,Manual,Petrol,800,65000,1025000
car,Suzuki,Wagon R Stingray,2018,Automatic,Petrol,650,39500,3685000
suv,Honda,Vezel Z Grade,2016,Automatic,Hybrid,1500,70000,5690000
car,Suzuki,Alto 800 LXI,2006,Manual,Petrol,800,90000,1365000
car,Suzuki,Zen,2006,Manual,Petrol,1000,110500,1250000
car,Toyota,Vios,2005,Automatic,Petrol,1500,125000,2625000
car,Honda,Fit GP1,2012,Automatic,Hybrid,1300,82000,3400000
car,Suzuki,Swift,2003,Automatic,Petrol,1300,127484,2350000
car,Toyota,Aqua G Grade,2012,Automatic,Hybrid,1500,121000,3100000
car,Nissan,N16,2000,Manual,Petrol,1500,120200,2175000
car,Toyota,Allion,2016,Automatic,Petrol,1500,110000,6500000
van,Micro,MPV Junior 3,2012,Manual,Petrol,1000,57000,1500000
car,Suzuki,Wagon R FX,2017,Automatic,Petrol,650,37000,2940000
van,Suzuki,Every,2018,Automatic,Petrol,650,46000,3390000
car,Suzuki,Wagon R Stingray,2017,Automatic,Hybrid,650,13000,3190000
van,Nissan,Vanette,2008,Automatic,Petrol,1800,185000,3200000
car,Toyota,Prius,2008,Automatic,Hybrid,1800,130000,2850000
car,Toyota,Premio G Superior,2011,Automatic,Petrol,1500,118000,5990000
car,Mazda,6,2015,Automatic,Petrol,2000,79000,6750000
car,Suzuki,Wagon R Stingray,2018,Automatic,Petrol,650,21000,3175000
car,Toyota,Corolla 121,2003,Manual,Petrol,1300,200750,2990000
car,Nissan,Leaf Azeo,2012,Automatic,Electric,70,39000,1435000
van,Suzuki,Every DA17,2016,Automatic,Petrol,650,48000,2985000
van,Toyota,KDH 201 Super GL,2015,Automatic,Diesel,3000,68276,8850000
car,Suzuki,Estilo,2010,Manual,Petrol,1000,75000,1715000
car,Toyota,Allion 240,2003,Automatic,Petrol,1800,135000,3675000
suv,Daihatsu,Terios,2000,Manual,Petrol,1300,118000,2050000
car,Honda,Civic,2017,Automatic,Petrol,1000,16000,6000000
car,Suzuki,Wagon R,2018,Automatic,Petrol,650,6800,3725000
car,Suzuki,Alto,2015,Manual,Petrol,800,87000,1920000
van,Suzuki,Every,2017,Automatic,Petrol,650,20080,3625000
van,Mazda,Bongo,2005,Automatic,Diesel,2000,225000,3475000
car,Tata,Indica,2015,Manual,Petrol,1200,79000,1550000
car,Suzuki,Wagon R,2010,Manual,Petrol,650,92000,2050000
car,Micro,Panda,2015,Manual,Petrol,1000,49000,1650000
van,Toyota,Dolphin,2000,Manual,Diesel,2800,465000,4850000
van,Toyota,KR42 Noah,2005,Automatic,Petrol,1800,104300,3525000
car,Hyundai,Eon,2014,Manual,Petrol,800,86100,1560000
car,Suzuki,Maruti,2007,Manual,Petrol,800,79000,1100000
car,Suzuki,Wagon R,2014,Automatic,Petrol,650,50000,2425000
van,Mazda,Bongo,2009,Automatic,Petrol,1800,150000,2990000
car,Tata,Nano,2011,Manual,Petrol,800,97000,976000
suv,Honda,Vezel Z Orange,2014,Automatic,Hybrid,1500,77000,4975000
car,Honda,Fit GP5,2014,Automatic,Hybrid,1300,60000,3790000
van,Suzuki,Spacia Custom,2016,Automatic,Petrol,650,49000,3490000
car,Toyota,Allion 240,2002,Automatic,Petrol,1800,130000,3000000
car,Suzuki,Maruti Sport,2012,Manual,Petrol,800,73000,1350000
car,Honda,Fit GP1,2010,Automatic,Hybrid,1300,118000,3190000
car,Nissan,N17,2006,Manual,Petrol,1300,116500,2390000
car,Toyota,Vitz,2007,Automatic,Petrol,1000,99000,3460000
car,Hyundai,Eon,2015,Manual,Petrol,800,70000,1900000
car,Toyota,Corolla 121,2004,Manual,Petrol,1300,190813,2675000
car,Toyota,Allion,2010,Automatic,Petrol,1500,70000,4950000
car,Suzuki,Alto K10,2012,Manual,Petrol,1000,87000,1800000
car,Suzuki,Alto,2015,Manual,Petrol,800,29700,1820000
car,Suzuki,Wagon R Stingray,2015,Automatic,Hybrid,650,53000,3075000
car,Toyota,Vitz,2015,Automatic,Petrol,1000,48000,4575000
car,Honda,Fit,2012,Automatic,Hybrid,1500,58500,2909000
car,Toyota,Corolla 141,2013,Automatic,Petrol,1500,32000,5000000
car,Suzuki,Swift,2005,Automatic,Petrol,1300,130000,2950000
car,Micro,Panda,2011,Manual,Petrol,1000,106000,1200000
car,Toyota,Corolla 121,2007,Automatic,Petrol,1500,155000,3475000
car,Mazda,Familia,2000,Automatic,Petrol,1500,210000,1860000
car,Toyota,Premio,2015,Automatic,Petrol,1500,67000,6500000
car,Suzuki,Swift,2003,Automatic,Petrol,1300,98000,2400000
car,Suzuki,Alto,2015,Manual,Petrol,800,45300,1820000
car,Suzuki,Maruti 800,2005,Manual,Petrol,800,48000,1075000
van,Suzuki,Every,2017,Automatic,Petrol,650,44000,3075000
car,Toyota,Yaris,2020,Automatic,Petrol,1000,500,7200000
car,Toyota,Allion,2012,Automatic,Petrol,1500,102000,5900000
suv,Mitsubishi,Montero V6,2003,Automatic,Petrol,3500,136000,6200000
suv,Hyundai,Santa Fe,2007,Automatic,Petrol,2700,112000,3475000
car,Suzuki,Alto,2007,Manual,Petrol,800,114000,1490000
car,Suzuki,Wagon R FX,2017,Automatic,Petrol,650,30000,2650000
van,Suzuki,Every,2015,Automatic,Petrol,650,69000,2475000
car,Toyota,Belta,2007,Automatic,Petrol,1000,115000,3725000
car,Suzuki,Wagon R FZ,2015,Automatic,Hybrid,650,27800,3050000
car,Honda,Grace EX,2017,Automatic,Hybrid,1500,1200,8250000
car,Suzuki,Maruti,2010,Manual,Petrol,800,70150,1235000
suv,Honda,Vezel,2014,Automatic,Hybrid,1500,95000,4750000
van,Toyota,Voxy,2014,Automatic,Hybrid,1800,53000,7250000
car,Nissan,Bluebird,2000,Manual,Diesel,2000,195000,1690000
car,Toyota,Allion 260,2007,Automatic,Petrol,1500,130000,4690000
suv,Mitsubishi,Montero,2001,Automatic,Diesel,3200,113400,2500000
car,Micro,Panda Cross,2013,Manual,Petrol,1300,60000,1595000
car,Renault,KWID,2016,Manual,Petrol,800,29000,1900000
car,Suzuki,Alto,2014,Manual,Petrol,800,84000,1965000
car,Nissan,Sunny,2001,Manual,Petrol,1500,280000,2000000
suv,Toyota,Raize,2020,Automatic,Petrol,1000,600,7200000
car,Perodua,Kelisa,2004,Automatic,Petrol,1000,101200,1900000
car,Toyota,Axio,2014,Automatic,Petrol,1500,40000,4745000
car,Nissan,Sunny FB15,2000,Automatic,Petrol,1500,300000,2300000
van,Mazda,Bongo,2000,Manual,Diesel,2200,356200,2745000
car,Suzuki,Wagon R Stingray,2018,Automatic,Hybrid,650,50000,2000000
car,Suzuki,Alto,2004,Manual,Petrol,650,74000,1850000
car,Toyota,Premio,2013,Automatic,Petrol,1500,62235,6890000
car,Toyota,Premio,2007,Automatic,Petrol,1500,117000,5250000
car,Suzuki,Swift,2003,Automatic,Petrol,1300,107000,2175000
car,Honda,Fit Shuttle,2015,Automatic,Hybrid,1300,190000,3870000
van,Suzuki,Spacia Custom,2017,Automatic,Hybrid,650,31000,3590000
van,Toyota,KDH Super GL,2007,Automatic,Diesel,3000,92000,6800000
car,Suzuki,Wagon R FX,2016,Automatic,Petrol,650,37000,2590000
car,Honda,Fit GP5,2013,Automatic,Petrol,1500,85000,4190000
car,Mitsubishi,Galant,2000,Manual,Petrol,2000,205000,1575000
car,Suzuki,Maruti,2006,Manual,Petrol,800,90000,1390000
van,Toyota,KDH,2016,Automatic,Petrol,2000,48000,6725000
car,Hyundai,Matrix,2001,Automatic,Petrol,1500,150000,1485000
van,Suzuki,Every,2017,Automatic,Petrol,650,21875,3375000
van,Suzuki,Every,2004,Manual,Petrol,1300,187000,1550000
car,Toyota,Vitz,2016,Automatic,Petrol,1000,20000,4775000
car,Toyota,Aqua G Grade,2012,Automatic,Hybrid,1500,83200,3475000
car,Toyota,Allion 260,2007,Automatic,Petrol,1800,94000,4600000
car,Suzuki,Swift,2004,Automatic,Petrol,1300,152000,2485000
car,Suzuki,Wagon R,2011,Manual,Petrol,650,92000,2175000
car,Perodua,Kenari,2010,Automatic,Petrol,1000,96000,2250000
van,Nissan,NV200,2014,Automatic,Petrol,1600,50000,4150000
car,Honda,Fit Shuttle,2012,Automatic,Hybrid,1300,124000,3775000
car,Toyota,Prius,2012,Automatic,Hybrid,1800,150410,4050000
car,Honda,City,2007,Automatic,Petrol,1500,174000,2375000
car,Suzuki,Alto Sport,2010,Manual,Petrol,800,94000,1665000
car,Toyota,Aqua S Grade,2016,Automatic,Hybrid,1500,77600,3975000
car,Nissan,March,2007,Automatic,Petrol,1300,84000,2480000
suv,Honda,Vezel Z Orange,2015,Automatic,Hybrid,1500,76400,5750000
car,Toyota,Vitz,2008,Automatic,Petrol,1000,92000,2715000
car,Toyota,Allion 260,2007,Automatic,Petrol,1500,120000,4825000
car,Honda,Civic,2012,Automatic,Hybrid,1500,58000,3900000
car,Tata,Nano,2011,Manual,Petrol,650,36900,785000
car,Micro,Panda,2017,Automatic,Petrol,1000,20700,2100000
car,Suzuki,Maruti,2006,Manual,Petrol,800,52000,1150000
car,Suzuki,Maruti,2007,Manual,Petrol,800,82500,1075000
car,Toyota,Aqua,2013,Automatic,Hybrid,1500,117000,3650000
car,Suzuki,Maruti,2009,Manual,Petrol,800,72000,1240000
car,Nissan,N16 Super Saloon,2001,Automatic,Petrol,1600,150000,2450000
car,Suzuki,Wagon R,2018,Automatic,Petrol,650,29000,3100000
suv,Toyota,Fortuner,2006,Automatic,Petrol,2700,137000,6350000
van,Toyota,Hiace KDH 201 GL,2012,Automatic,Diesel,3000,142000,7700000
suv,Kia,Sorento,2011,Manual,Diesel,2200,156000,6000000
car,Toyota,Vios,2005,Automatic,Petrol,1500,160000,2730000
car,Toyota,Premio F EX G Superior,2019,Automatic,Petrol,1500,2500,11950000
car,Toyota,Premio 260,2007,Automatic,Petrol,1500,112000,5475000
car,Toyota,Axio,2015,Automatic,Hybrid,1500,134000,4800000
van,Hyundai,H100,2005,Manual,Diesel,2600,93500,2550000
van,Mazda,Bongo,2007,Manual,Petrol,1800,145000,2950000
suv,Hyundai,Tuscon,2013,Automatic,Diesel,2000,94500,5800000
car,Suzuki,Wagon R FZ,2014,Automatic,Hybrid,650,78000,2765000
car,Toyota,Aqua,2013,Automatic,Hybrid,1500,69000,3300000
car,Tata,Nano,2011,Manual,Petrol,650,100000,825000
van,Suzuki,Every,2019,Automatic,Petrol,650,19000,4050000
car,Suzuki,Maruti,2011,Manual,Petrol,800,60000,1225000
car,Suzuki,Alto,2015,Manual,Petrol,800,64000,1945000
suv,Toyota,Raize,2020,Automatic,Petrol,1000,4000,7700000
car,Suzuki,Maruti,2005,Manual,Petrol,800,92000,1085000
van,Suzuki,Every,2016,Automatic,Petrol,650,42000,2925000
car,Micro,Panda,2012,Manual,Petrol,1000,43000,1335000
car,Tata,Indigo,2006,Manual,Petrol,1600,130000,1300000
car,Honda,Civic ES8,2000,Manual,Petrol,1500,240000,2175000
car,Suzuki,Maruti,2005,Manual,Petrol,800,65000,1095000
van,Toyota,Voxy,2014,Automatic,Hybrid,1800,63900,6990000
suv,Honda,Vezel,2014,Automatic,Hybrid,1500,66000,4980000
car,Hyundai,Eon,2016,Manual,Petrol,800,21000,2250000
car,Daihatsu,Mira,2018,Automatic,Petrol,650,7000,3790000
car,Honda,Insight,2009,Automatic,Hybrid,1300,145000,3145000
car,Suzuki,Wagon R Stingray,2017,Automatic,Hybrid,650,58000,3025000
car,Honda,Fit,2014,Automatic,Hybrid,1500,46000,3975000
car,Toyota,Premio 240,2002,Automatic,Petrol,1500,220000,3525000
car,Toyota,Aqua G Grade,2014,Automatic,Hybrid,1500,92000,3575000
car,Toyota,Vios,2005,Automatic,Petrol,1500,102000,2750000
van,Toyota,KDH,2015,Automatic,Diesel,2800,69000,9800000
suv,Mitsubishi,Montero Sport,2012,Automatic,Diesel,2500,68000,9500000
van,Suzuki,Every,2011,Automatic,Petrol,650,90000,2650000
car,Suzuki,Estilo,2011,Manual,Petrol,1000,50300,1960000
car,Nissan,Tiida,2008,Automatic,Petrol,1500,180000,3050000
car,Mitsubishi,Lancer CS1,2010,Manual,Petrol,1300,69725,2975000
car,Suzuki,Maruti,2007,Manual,Petrol,800,110000,1060000
car,Nissan,N16,2006,Automatic,Petrol,1500,150000,2900000
car,Nissan,Primera,2000,Automatic,Petrol,1800,210463,2200000
car,Micro,MX 7 Geely,2014,Manual,Petrol,1500,74000,1925000
car,Suzuki,Alto 800 LXI,2011,Manual,Petrol,800,99000,1725000
pickup,Tata,Xenon,2011,Manual,Diesel,3000,105000,1550000
car,Nissan,FB15,2003,Automatic,Petrol,1500,170000,2475000
car,Toyota,Vitz,2017,Automatic,Petrol,1000,17000,5125000
car,Honda,Civic ES8,2003,Automatic,Petrol,1500,161500,2450000
car,Toyota,Aqua,2016,Automatic,Petrol,1500,115000,4325000
car,Suzuki,A-Star,2014,Automatic,Petrol,1000,71000,2150000
car,Toyota,Vitz,2008,Automatic,Petrol,1000,94000,3380000
car,Nissan,Sunny FB15,2006,Automatic,Petrol,1500,140000,3175000
car,Nissan,Bluebird,2011,Automatic,Petrol,1500,117000,3450000
suv,Honda,Vezel,2016,Automatic,Petrol,1500,110000,6000000
car,Mazda,Familia BJ5P,2000,Automatic,Petrol,1600,136000,1975000
suv,Honda,HRV,2000,Automatic,Petrol,1600,145000,2775000
car,Perodua,Viva Elite,2011,Automatic,Petrol,1000,72000,2025000
car,Toyota,Corolla 121,2002,Automatic,Petrol,1500,114000,3200000
car,Toyota,Aqua G Sport,2015,Automatic,Hybrid,1500,58000,5175000
car,Toyota,Belta,2007,Automatic,Petrol,1300,150000,3375000
car,Toyota,Premio F EX G Superior,2020,Automatic,Petrol,1500,1000,13500000
car,Toyota,Premio,2013,Automatic,Petrol,1500,96530,7290000
suv,Honda,Vezel RS Sensing,2017,Automatic,Petrol,1500,43000,6990000
van,Nissan,Vanette Lion Face,2002,Manual,Diesel,2200,190000,3050000
car,Nissan,N16 Ex Saloon,2002,Automatic,Petrol,1500,148000,2350000
car,Suzuki,Wagon R,2018,Automatic,Petrol,650,60930,3795000
car,Toyota,Corolla 121,2007,Manual,Petrol,1300,200000,3450000
car,Suzuki,Alto,2015,Manual,Petrol,800,46500,1890000
car,Suzuki,Alto,2006,Manual,Petrol,800,66000,1365000
car,Suzuki,Maruti,2006,Manual,Petrol,800,80000,1050000
car,Nissan,March K11,2000,Automatic,Petrol,1000,138000,1650000
car,Suzuki,Wagon R,2016,Automatic,Petrol,650,55000,2950000
car,Nissan,March K12,2007,Automatic,Petrol,1300,105000,2650000
car,Hyundai,Accent,2004,Manual,Petrol,1300,145000,1420000
car,Suzuki,Wagon R FZ,2015,Automatic,Petrol,650,61000,2430000
van,Nissan,Caravan,2007,Automatic,Diesel,3000,150000,3790000
car,Suzuki,Alto,2005,Manual,Petrol,800,168200,1475000
car,Suzuki,Alto,2014,Manual,Petrol,800,56000,1680000
van,Toyota,KDH 201 Super GL,2013,Automatic,Diesel,3000,118000,8650000
car,Micro,MX 7,2012,Manual,Petrol,1500,200000,1575000
car,Suzuki,Alto K10,2011,Manual,Petrol,1000,144000,1770000
car,Micro,Panda,2015,Manual,Petrol,1000,60000,1500000
car,Suzuki,Wagon R,2014,Automatic,Hybrid,650,74574,2675000
car,Renault,KWID,2016,Manual,Petrol,800,68000,1790000
van,Nissan,E25,2007,Automatic,Diesel,3000,260000,3950000
car,Suzuki,Swift,2004,Manual,Petrol,1300,150000,2350000
car,Nissan,Leaf Azeo,2012,Automatic,Electric,70,106500,1300000
car,Suzuki,Maruti,2004,Manual,Petrol,800,61223,840000
car,Suzuki,Alto 800 LXI,2015,Manual,Petrol,800,45000,1985000
pickup,Mahindra,Bolero,2017,Manual,Diesel,2500,47500,2265000
car,Suzuki,Maruti,2011,Manual,Petrol,800,72000,1190000
car,Honda,Insight,2010,Automatic,Hybrid,1300,135000,3450000
car,Suzuki,Alto 800 LXI,2006,Manual,Petrol,800,122000,1320000
van,Toyota,KDH TRH GL,2015,Automatic,Petrol,2500,60000,8225000
suv,Kia,Sportage,2012,Automatic,Diesel,2000,89000,5975000
van,Nissan,Vanette,2006,Manual,Diesel,2500,141000,3300000
van,Nissan,Vanette,2008,Automatic,Petrol,1800,155000,3275000
van,Nissan,Vanette,2001,Manual,Diesel,2500,195000,3295000
van,Suzuki,Spacia Custom Z,2017,Automatic,Petrol,650,81060,3490000
car,Toyota,Premio,2013,Automatic,Petrol,1500,79000,6825000
car,Suzuki,Alto 800,2015,Manual,Petrol,800,49000,1975000
car,Toyota,Allion,2016,Automatic,Petrol,1300,47000,8200000
car,Suzuki,Wagon R FZ,2015,Automatic,Petrol,650,61500,2525000
van,Toyota,KDH Super GL,2012,Automatic,Diesel,3000,127000,7650000
car,Suzuki,Alto 800 LXI,2012,Manual,Petrol,800,154800,1550000
suv,Micro,Kyron,2012,Automatic,Diesel,2000,64500,4800000
car,Renault,KWID,2016,Manual,Petrol,800,49350,1950000
pickup,Mahindra,Bolero,2012,Manual,Diesel,2500,40000,2350000
car,Suzuki,Alto Japan,2004,Automatic,Petrol,650,113000,1700000
car,Nissan,March,2007,Automatic,Petrol,1000,85300,2250000
car,Toyota,Vitz,2016,Automatic,Petrol,1000,35000,4790000
car,Toyota,Vios,2010,Automatic,Petrol,1500,99230,2810000
suv,Honda,Vezel,2017,Automatic,Petrol,1500,33273,7495000
suv,Nissan,X-Trail,2016,Automatic,Petrol,1800,50000,5875000
car,Nissan,Bluebird,2010,Automatic,Petrol,1500,217000,3750000
van,Toyota,CR42,2000,Automatic,Diesel,2200,180000,3980000
pickup,Toyota,Hilux Revo,2017,Automatic,Diesel,2800,65000,12000000
car,Micro,Panda,2015,Manual,Petrol,1000,44000,1550000
car,Toyota,Prius,2013,Automatic,Hybrid,1800,115000,4650000
car,Suzuki,Wagon R,2018,Automatic,Hybrid,650,21000,3850000
car,Micro,Panda,2013,Manual,Petrol,1000,68000,1375000
car,Tata,Nano,2011,Manual,Petrol,650,170000,885000
van,Suzuki,Every,2007,Automatic,Petrol,650,70000,2675000
car,Nissan,Sunny FB15,2001,Automatic,Petrol,1500,134000,2475000
car,Toyota,Corolla 121,2003,Automatic,Petrol,1500,167000,3350000
car,Toyota,IST,2005,Automatic,Petrol,1300,140000,3050000
van,Nissan,Clipper,2016,Automatic,Petrol,650,65000,1500000
car,Suzuki,Ignis,2005,Automatic,Petrol,1300,120470,1900000
car,Suzuki,Wagon R FZ,2015,Automatic,Hybrid,650,35000,2500000
car,Toyota,Avanza,2008,Manual,Petrol,1300,108300,2985000
pickup,Nissan,Navara,2007,Manual,Diesel,2500,105000,4500000
car,Suzuki,Alto,2007,Manual,Petrol,800,50000,1450000
car,Suzuki,Alto,2011,Manual,Petrol,800,75000,1550000
car,Suzuki,Alto Japan,2003,Automatic,Petrol,650,116000,1850000
car,Hyundai,Accent,2001,Manual,Petrol,1300,144000,1350000
car,Toyota,Premio G Superior,2013,Automatic,Petrol,1500,93500,7350000
car,Suzuki,Maruti,2012,Manual,Petrol,800,55000,1270000
car,Suzuki,Alto,2014,Manual,Petrol,800,82000,1775000
car,Toyota,Prius,2010,Automatic,Hybrid,1800,200000,3125000
car,Nissan,Bluebird,2001,Automatic,Petrol,1500,201236,2350000
car,Toyota,Allion 260,2010,Automatic,Petrol,1500,108000,5690000
car,Suzuki,Maruti Alto,2010,Manual,Petrol,800,113265,1525000
car,Toyota,Premio,2010,Automatic,Petrol,1500,116200,5575000
car,Suzuki,Alto,2012,Manual,Petrol,800,46000,1660000
car,Micro,Panda,2016,Manual,Petrol,1000,19625,1725000
car,Nissan,AD WAGON VY11,2003,Automatic,Petrol,1500,180000,1650000
car,Suzuki,Alto 800 LXI,2014,Manual,Petrol,800,80000,1900000
van,Toyota,KDH 223,2015,Automatic,Diesel,3000,59562,8950000
car,Toyota,Premio,2008,Automatic,Petrol,1500,134000,4775000
car,Toyota,Aqua S Grade,2012,Automatic,Petrol,1500,120000,3150000
car,Honda,Fit GP5,2014,Automatic,Hybrid,1500,98000,3540000
car,Suzuki,Wagon R FX,2017,Automatic,Hybrid,650,24000,2725000
van,Toyota,KR42,2003,Automatic,Petrol,1800,175000,3485000
pickup,Toyota,Hilux,2019,Automatic,Diesel,2800,12000,14950000
car,Suzuki,Maruti 800,2007,Manual,Petrol,800,30964,1125000
car,Toyota,Prius S Touring,2013,Automatic,Hybrid,1800,88000,4825000
car,Micro,Panda,2015,Manual,Petrol,1000,5500,1550000
car,Toyota,Premio,2014,Automatic,Petrol,1500,73000,7790000
car,Tata,Nano,2011,Manual,Petrol,650,97000,825000
car,Toyota,Prius 3rd Genaration,2013,Automatic,Hybrid,1800,109000,4295000
van,Mitsubishi,Mini Cab,2006,Manual,Petrol,650,150000,1550000
car,Toyota,Allion 240,2003,Automatic,Petrol,1500,95000,3925000
car,Toyota,Axio G Grade,2013,Automatic,Hybrid,1500,86000,4625000
car,Suzuki,Wagon R Stingray,2018,Automatic,Petrol,650,39000,3650000
car,Suzuki,Maruti 800,2006,Manual,Petrol,800,60000,1150000
car,Toyota,Premio,2014,Automatic,Petrol,1500,61000,7500000
car,Toyota,Prius,2012,Automatic,Petrol,1800,95040,3700000
car,Suzuki,Swift RS Turbo,2017,Automatic,Petrol,1000,20000,5500000
car,Toyota,Axio,2016,Automatic,Hybrid,1500,78700,5860000
van,Nissan,Caravan,2007,Automatic,Diesel,3000,267000,4535000
car,Suzuki,Wagon R,2017,Automatic,Petrol,650,52000,3650000
car,Toyota,IST,2005,Automatic,Petrol,1300,145000,3075000
car,Suzuki,Alto Japan,2004,Automatic,Petrol,650,151751,1770000
car,Toyota,Vitz,2001,Automatic,Petrol,1000,138000,2250000
car,Suzuki,Alto K10,2011,Manual,Petrol,1000,78000,1800000
car,Renault,KWID,2016,Manual,Petrol,800,24000,1820000
car,Toyota,Avanza,2011,Manual,Petrol,1300,126000,3150000
suv,Kia,Sorento,2013,Automatic,Diesel,2400,101400,8950000
van,Toyota,KDH 200 Super GL,2006,Automatic,Diesel,2500,125000,7300000
car,Suzuki,Alto,2007,Manual,Petrol,800,107000,1425000
car,Micro,Panda,2017,Manual,Petrol,1000,40000,1580000
car,Toyota,Vitz KSP90,2007,Automatic,Petrol,1000,140000,1500000
car,Nissan,N16,2001,Automatic,Petrol,1600,118000,2120000
car,Suzuki,Alto,2015,Manual,Petrol,800,84000,1950000
van,Suzuki,Every,2017,Automatic,Petrol,650,49000,2550000
car,Nissan,Leaf,2016,Automatic,Electric,70,38000,3000000
suv,Nissan,X-Trail,2012,Automatic,Petrol,2000,106000,4650000
car,Toyota,Allion 260,2012,Automatic,Petrol,1500,127000,5550000
car,Suzuki,Wagon R FX,2018,Automatic,Petrol,650,14000,3400000
car,Daihatsu,Mira,2016,Automatic,Petrol,650,19542,3550000
car,Honda,Grace,2018,Automatic,Petrol,1500,60000,6600000
car,Toyota,Vios,2004,Automatic,Petrol,1500,149000,2850000
pickup,Mahindra,Bolero,2018,Manual,Diesel,2500,28000,2525000
van,Toyota,KR42,2002,Automatic,Diesel,2000,164000,4050000
van,Suzuki,Every,2018,Automatic,Petrol,650,9000,3485000
car,Suzuki,Wagon R FZ,2016,Automatic,Hybrid,650,9000,3400000
car,Hyundai,Eon,2015,Manual,Petrol,800,34000,2190000
car,Mitsubishi,Ek Wagon,2015,Automatic,Petrol,650,40000,2775000
car,Toyota,Allion,2013,Automatic,Petrol,1500,87000,4950000
car,Nissan,March,2000,Automatic,Petrol,1000,110000,1675000
car,Toyota,Premio F EX G Superior,2017,Automatic,Petrol,1500,19000,9850000
car,Toyota,Axio,2016,Automatic,Hybrid,1500,78000,5175000
car,Toyota,Allion,2008,Automatic,Petrol,1500,130000,4885000
car,Suzuki,Maruti,2011,Manual,Petrol,800,40000,1300000
van,Suzuki,Every,2018,Automatic,Petrol,650,8400,3350000
car,Hyundai,Accent,2001,Automatic,Petrol,1500,180000,1425000
car,Toyota,Aqua,2014,Automatic,Hybrid,1500,78200,3500000
car,Suzuki,Alto 800 LXI,2015,Manual,Petrol,800,59000,1915000
car,Suzuki,Alto,2004,Automatic,Petrol,650,159500,1750000
van,Mazda,Scrum,2013,Manual,Petrol,650,99600,2180000
car,Suzuki,Alto,2017,Automatic,Petrol,800,7000,3550000
car,Toyota,Vitz,2018,Automatic,Petrol,1000,23500,5590000
car,Toyota,Vitz Edition 3,2019,Automatic,Petrol,1000,6500,4678000
suv,Toyota,CHR GT TURBO,2017,Automatic,Petrol,1200,27000,6600000
van,Toyota,KDH 201 Super GL,2017,Automatic,Diesel,3000,27356,12475000
car,Toyota,Vitz,2016,Automatic,Petrol,1000,40000,4590000
suv,Mitsubishi,Montero,2007,Automatic,Diesel,2800,170000,9650000
car,Suzuki,Alto Sport,2015,Automatic,Petrol,650,16491,3590000
car,Renault,KWID,2016,Manual,Petrol,800,66500,1750000
car,Suzuki,Alto 800,2015,Manual,Petrol,800,60000,1760000
car,Micro,Panda,2014,Manual,Petrol,1000,86000,1430000
car,Suzuki,Wagon R Stingray,2016,Automatic,Petrol,650,50000,2725000
car,Suzuki,Wagon R FX,2017,Automatic,Hybrid,650,29000,2725000
pickup,Mahindra,Bolero,2012,Manual,Diesel,2500,80000,1340000
car,Suzuki,Swift,2010,Manual,Petrol,1200,62000,2225000
car,Suzuki,Alto 800 LXI,2015,Manual,Petrol,800,71500,1015000
pickup,Mahindra,Bolero,2017,Manual,Diesel,2500,61000,2475000
pickup,Toyota,Hilux Revo,2016,Automatic,Diesel,3000,89000,10700000
car,Chevrolet,Aveo,2008,Manual,Petrol,1200,116000,1560000
car,Toyota,Vitz,2017,Automatic,Petrol,1000,22000,5590000
car,Suzuki,Maruti,2005,Manual,Petrol,800,70000,1075000
car,Hyundai,Elantra,2001,Automatic,Petrol,1600,105000,1600000
car,Suzuki,Wagon R ,2018,Automatic,Hybrid,650,59000,3365000
car,Suzuki,Maruti,2010,Manual,Petrol,800,112000,1225000
car,Suzuki,Alto,2015,Manual,Petrol,800,53000,1790000
suv,Honda,Vezel,2015,Automatic,Hybrid,1500,62000,5600000
car,Toyota,Aqua,2013,Automatic,Petrol,1500,77000,3700000
pickup,Nissan,Navara,2007,Manual,Diesel,2400,96700,3640000
car,Suzuki,Zen Estilo,2010,Manual,Petrol,1000,63000,2200000
car,Toyota,Premio G Superior,2017,Automatic,Petrol,1500,45000,10400000
car,Suzuki,Alto,2017,Manual,Petrol,800,26500,2280000
van,Mitsubishi,Mini Cab,2000,Automatic,Petrol,800,137200,1600000
car,Suzuki,Celerio,2015,Automatic,Petrol,1000,59000,2675000
car,Suzuki,Wagon R,2018,Automatic,Hybrid,650,82000,2825000
car,Renault,KWID,2016,Manual,Petrol,800,65230,1885000
van,Suzuki,Every,2001,Automatic,Petrol,650,170000,1785000
suv,Toyota,RAV4,2008,Automatic,Petrol,2400,139000,5100000
pickup,Toyota,Hilux Rocco,2009,Manual,Diesel,2500,175000,3150000
car,Perodua,Viva Elite,2011,Automatic,Petrol,1000,95000,2165000
car,Suzuki,Alto 800,2015,Manual,Petrol,800,55000,1850000
car,Nissan,FB15,2001,Automatic,Petrol,1500,89000,2475000
car,Micro,Geely,2014,Manual,Petrol,1500,150000,1900000
car,Suzuki,Wagon R,2018,Automatic,Hybrid,650,60000,1425000
car,Daihatsu,Mira,2017,Automatic,Petrol,650,32000,3490000
car,Suzuki,Wagon R,2018,Automatic,Petrol,650,50000,3200000
car,Nissan,AD WAGON VY11,2002,Manual,Petrol,1300,130000,1695000
car,Micro,Panda Cross,2015,Manual,Petrol,1200,22152,1900000
car,Nissan,Wingroad,2000,Automatic,Petrol,1500,200000,1750000
car,Suzuki,Swift,2005,Automatic,Petrol,1300,67000,2340000
car,Micro,Panda Cross,2015,Manual,Petrol,1300,68000,1790000
van,Micro,MPV Junior,2011,Manual,Petrol,1000,40271,1200000
car,Toyota,Vitz,2017,Automatic,Petrol,1000,38000,5000000
car,Nissan,March,2001,Automatic,Petrol,1000,134000,1895000
car,Toyota,Prius W,2013,Automatic,Petrol,1800,98987,5400000
car,Nissan,March K12,2010,Automatic,Petrol,1300,120000,2675000
pickup,Mahindra,Bolero,2018,Manual,Diesel,2500,34125,2500000
van,Mitsubishi,Mini Cab,2011,Automatic,Petrol,650,93500,2250000
car,Suzuki,Alto,2013,Manual,Petrol,800,96000,1650000
van,Toyota,Noah KR42,2005,Automatic,Petrol,1800,120000,4000000
car,Suzuki,Liana,2004,Manual,Petrol,1300,220000,1825000
car,Honda,Grace,2015,Automatic,Hybrid,1500,77000,4500000
car,Toyota,Prius,2012,Automatic,Hybrid,1800,116000,4650000
car,Suzuki,Wagon R,2017,Automatic,Petrol,650,62000,2850000
van,Toyota,KDH 201 Super GL,2017,Automatic,Diesel,3000,120000,9500000
car,Suzuki,Alto,2014,Manual,Petrol,1500,35000,1650000
car,Suzuki,Wagon R,2018,Automatic,Hybrid,650,28000,2875000
van,Nissan,E25,2007,Automatic,Diesel,3000,137000,11000000
car,Toyota,Prius,2014,Automatic,Petrol,1800,100000,4400000
car,Suzuki,Alto,2018,Manual,Petrol,800,24000,2650000
car,Toyota,Vios,2004,Automatic,Petrol,1500,106000,2725000
car,Suzuki,Wagon R Stingray,2018,Automatic,Hybrid,650,24600,3290000
car,Toyota,Vitz,2018,Automatic,Petrol,1000,11000,4385000
car,Suzuki,Alto,2015,Manual,Petrol,800,52500,1775000
car,Perodua,Viva Elite,2013,Automatic,Petrol,1000,80000,2500000
car,Toyota,Prius,2013,Automatic,Hybrid,1800,60679,4600000
car,Toyota,Prius 3rd Genaration,2012,Automatic,Hybrid,1800,86000,4300000
car,Honda,Fit GP5,2013,Automatic,Hybrid,1500,70000,4050000
van,Daihatsu,Hijet,2007,Automatic,Petrol,650,100200,2175000
car,Toyota,Vitz,2016,Automatic,Petrol,1000,42000,4530000
car,Honda,Civic ES8,2002,Automatic,Petrol,1500,175000,2690000
car,Toyota,Axio,2014,Automatic,Petrol,1500,107000,4490000
car,Renault,KWID RXT,2016,Manual,Petrol,800,73920,1785000
car,Suzuki,Maruti,2005,Manual,Petrol,800,95000,1130000
car,Toyota,Soluna,2003,Manual,Petrol,1500,160000,1590000
van,Suzuki,Spacia,2015,Automatic,Petrol,650,43000,3150000
car,Suzuki,Maruti,2006,Manual,Petrol,800,1000,1075000
car,Nissan,FB15,2001,Automatic,Petrol,1500,175600,2300000
car,Toyota,Aqua,2012,Automatic,Hybrid,1500,67000,3290000
car,Renault,KWID,2016,Manual,Petrol,800,66000,1950000
pickup,Mahindra,Bolero,2015,Manual,Diesel,2500,32500,1695000
car,Toyota,Aqua G Grade,2013,Automatic,Hybrid,1500,64300,3590000
car,Toyota,Soluna,2000,Manual,Petrol,1500,148000,1650000
car,Nissan,Tiida,2007,Automatic,Petrol,1500,119000,1700000
van,Mazda,Scrum,2018,Automatic,Petrol,650,12000,3375000
suv,Toyota,CHR,2018,Automatic,Petrol,1200,13000,8550000
van,Nissan,Caravan,2007,Automatic,Diesel,3000,267000,4080000
car,Nissan,Bluebird,2003,Automatic,Petrol,1500,150000,2175000
van,Suzuki,Spacia,2018,Automatic,Petrol,650,62500,3280000
car,Tata,Nano,2012,Manual,Petrol,650,165000,750000
car,Mazda,Demio,2002,Automatic,Petrol,1300,218000,1640000
car,Toyota,Vitz,2015,Automatic,Petrol,1000,36900,3595000
car,Toyota,Aqua,2014,Automatic,Hybrid,1500,88350,3390000
car,Suzuki,Wagon R Stingray,2014,Automatic,Petrol,650,40000,2550000
car,Suzuki,Alto K10,2010,Manual,Petrol,1000,95000,1680000
car,Perodua,Viva Elite,2012,Automatic,Petrol,1000,98000,2150000
car,Suzuki,Alto K10,2016,Manual,Petrol,1000,30000,2290000
car,Nissan,Sunny FB15,2000,Manual,Petrol,1500,83000,2125000
van,Nissan,Lion Face,2008,Manual,Petrol,1800,290000,3600000
car,Nissan,N17,2004,Manual,Petrol,1600,139000,2220000
car,Suzuki,Wagon R FX,2017,Automatic,Hybrid,650,40000,3075000
van,Suzuki,Every,2018,Automatic,Petrol,650,10800,3890000
car,Toyota,Vitz,2005,Automatic,Petrol,1000,98000,3140000
van,Toyota,KDH 200 Super GL,2010,Automatic,Diesel,2500,154000,6825000
van,Mazda,Bongo,2007,Manual,Petrol,1800,145810,2950000
car,Toyota,Corolla 121,2004,Automatic,Petrol,1500,327000,3150000
car,Suzuki,Alto,2016,Manual,Petrol,800,96000,1840000
car,Micro,Panda,2015,Manual,Petrol,1000,19000,1495000
car,Toyota,Premio G Superior,2007,Automatic,Petrol,1800,73000,5400000
car,Tata,Indica V2,2004,Manual,Petrol,1400,85000,1000000
car,Tata,Indigo,2006,Manual,Petrol,1400,134813,1225000
car,Suzuki,Wagon R,2018,Automatic,Hybrid,650,32500,2850000
car,Chevrolet,Aveo,2011,Manual,Petrol,1400,154000,1950000
car,Toyota,Allion,2001,Automatic,Petrol,1500,121000,3290000
car,Toyota,Premio,2010,Automatic,Petrol,1500,110008,4895000
car,Perodua,Viva Elite,2011,Automatic,Petrol,1000,69000,1990000
car,Suzuki,Wagon R,2014,Automatic,Hybrid,650,73000,2735000
van,Suzuki,Every,2018,Automatic,Petrol,650,22000,3875000
van,Toyota,KDH 200 Super GL,2006,Automatic,Diesel,2500,161000,6850000
suv,Micro,Kyron,2008,Automatic,Diesel,2000,140000,3300000
car,Suzuki,Maruti 800,2011,Manual,Petrol,800,81000,1270000
car,Suzuki,Alto,2017,Automatic,Hybrid,650,21300,2625000
car,Suzuki,Alto,2006,Manual,Petrol,800,149000,1475000
van,Toyota,KDH TRH GL,2016,Automatic,Petrol,2000,27150,8340000
car,Hyundai,Accent,2005,Manual,Petrol,1300,210000,1450000
car,Suzuki,Alto,2004,Manual,Petrol,800,92000,1360000
car,Suzuki,Alto,2014,Manual,Petrol,800,50000,1895000
suv,Honda,Vezel,2017,Automatic,Hybrid,1500,69000,6895000
car,Suzuki,Wagon R,2018,Automatic,Petrol,650,43000,3200000
car,Suzuki,Alto,2016,Manual,Petrol,800,44000,1965000
car,Honda,Fit,2012,Automatic,Petrol,1300,89000,2935000
car,Suzuki,Wagon R Stingray,2018,Automatic,Hybrid,650,53000,3325000
car,Toyota,Premio,2010,Automatic,Petrol,1500,115000,5750000
car,Toyota,Allion,2007,Automatic,Petrol,1500,112000,4750000
car,Honda,Fit GP1,2012,Automatic,Petrol,1300,70000,2850000
car,Mitsubishi,Lancer,2002,Manual,Petrol,1300,180000,1900000
car,Toyota,Prius,2012,Automatic,Hybrid,1800,74800,3475000
van,Toyota,KDH 223,2017,Automatic,Diesel,3000,81000,9800000
car,Toyota,Axio WXB,2016,Automatic,Petrol,1500,115000,5800000
suv,Kia,Sorento,2012,Automatic,Petrol,2500,90000,7700000
suv,Mitsubishi,Pajero,2001,Manual,Diesel,2800,170000,7500000
car,Toyota,Vitz,2016,Automatic,Petrol,1000,51000,4175000
car,Toyota,Belta,2007,Automatic,Petrol,1000,140000,2850000
pickup,Tata,207,2014,Manual,Diesel,3000,25000,1600000
van,Toyota,KDH,2014,Manual,Diesel,2500,150000,4700000
suv,Toyota,Avanza,2013,Automatic,Petrol,1500,92000,4350000
pickup,Mahindra,Bolero,2016,Manual,Diesel,2500,38142,2225000
car,Toyota,Aqua,2014,Automatic,Petrol,1500,60000,3850000
suv,Hyundai,Tuscon,2014,Automatic,Diesel,2000,163000,5850000
car,Suzuki,Alto Japan,2004,Automatic,Petrol,650,142000,2025000
car,Suzuki,Wagon R FX,2017,Automatic,Hybrid,650,26000,2965000
car,Hyundai,Eon,2016,Manual,Petrol,800,80147,2260000
car,Suzuki,A-Star,2010,Manual,Petrol,1000,65000,1750000
car,Toyota,Aqua G Grade,2014,Automatic,Petrol,1500,83000,3650000
car,Daihatsu,Move,2017,Automatic,Petrol,650,32000,3650000
van,Toyota,Dolphin 172 Super GL,2000,Manual,Diesel,2800,300000,5250000
pickup,Mahindra,Bolero,2019,Manual,Diesel,1500,24501,2625000
car,Renault,KWID,2016,Manual,Petrol,800,73929,1825000
car,Micro,Panda,2015,Manual,Petrol,1000,42000,1625000
car,Suzuki,Celerio,2015,Automatic,Petrol,1000,78000,2675000
car,Suzuki,Swift,2007,Manual,Petrol,1300,147000,2320000
car,Honda,Fit Shuttle,2012,Automatic,Hybrid,1300,54000,3950000
car,Mazda,RX-8,2015,Automatic,Petrol,1300,108000,4000000
car,Tata,Indigo,2006,Manual,Petrol,1400,23000,1275000
car,Toyota,Prius,2013,Automatic,Hybrid,1800,125000,4490000
car,Toyota,Prius,2013,Automatic,Petrol,1800,150000,4250000
car,Toyota,Axio WXB,2017,Automatic,Hybrid,1500,46000,6200000
car,Micro,Geely,2013,Manual,Petrol,1500,46000,2000000
car,Suzuki,Swift,2003,Automatic,Petrol,1300,130000,1950000
car,Nissan,Leaf,2013,Automatic,Electric,70,40000,2000000
car,Suzuki,Alto,2005,Manual,Petrol,800,155000,1475000
car,Nissan,Leaf,2012,Automatic,Electric,80,100003,1400000
car,Suzuki,Alto,2013,Manual,Petrol,800,75000,1775000
suv,Mitsubishi,Pajero,2007,Automatic,Petrol,3200,117500,8550000
car,Nissan,March K12,2002,Automatic,Petrol,1000,80000,2000000
car,Suzuki,Alto,2016,Manual,Petrol,800,53200,2090000
car,Toyota,Aqua,2015,Automatic,Hybrid,1500,80000,3850000
car,Toyota,Premio,2011,Automatic,Petrol,1500,80000,5965000
car,Honda,Fit GP5,2014,Automatic,Hybrid,1500,96000,4230000
car,Honda,Fit GP5,2014,Automatic,Petrol,1500,88000,4175000
car,Suzuki,Wagon R FZ,2017,Automatic,Hybrid,650,48000,3425000
car,Suzuki,Alto K10,2015,Automatic,Petrol,1000,36000,2150000
car,Toyota,Prius,2010,Automatic,Hybrid,1800,120000,4100000
car,Suzuki,Maruti,2000,Manual,Petrol,800,79000,790000
car,Honda,Grace,2017,Automatic,Hybrid,1500,27000,6890000
car,Nissan,Leaf,2012,Automatic,Electric,70,63000,1300000
pickup,Toyota,Hilux Revo,2017,Manual,Diesel,2400,50000,10390000
car,Nissan,Sunny FB15,2000,Automatic,Petrol,1500,121000,2360000
car,Chery,QQ,2006,Manual,Petrol,800,105000,775000
car,Toyota,Allion,2006,Automatic,Petrol,1500,107000,4400000
car,Nissan,Dayz Highway Star,2015,Automatic,Hybrid,650,58000,3250000
pickup,Mitsubishi,L200 Sportero,2020,Automatic,Diesel,2400,4700,12975000
car,Toyota,Aqua,2012,Automatic,Hybrid,1500,56000,4200000
car,Toyota,Passo,2004,Automatic,Petrol,1000,157008,1950000
car,Toyota,Allion 260,2007,Automatic,Petrol,1500,88000,4950000
car,Toyota,Vitz,2007,Automatic,Petrol,1000,120000,2925000
car,Chery,QQ,2011,Manual,Petrol,800,54000,1175000
pickup,Toyota,Hilux,2010,Manual,Diesel,2500,115000,4975000
car,Suzuki,Wagon R,2015,Automatic,Hybrid,650,53000,2985000
pickup,Mahindra,Bolero,2019,Manual,Diesel,1500,3450,2575000
car,Toyota,Aqua,2014,Automatic,Petrol,1500,65800,4350000
car,Suzuki,Maruti,2012,Manual,Petrol,800,36500,1375000
van,Mitsubishi,Mini Cab,2004,Manual,Petrol,650,68000,1475000
car,Suzuki,Wagon R,2017,Automatic,Petrol,650,39000,3690000
car,Suzuki,Alto 800,2016,Manual,Petrol,800,17501,1800000
car,Nissan,FB15,2000,Manual,Petrol,1500,198500,1925000
car,Suzuki,Alto,2015,Manual,Petrol,800,30500,1875000
car,Micro,Panda,2013,Manual,Petrol,1000,62000,1425000
van,Toyota,CR42,2002,Automatic,Diesel,2000,196000,4250000
car,Suzuki,Alto,2015,Manual,Petrol,800,60000,1745000
car,Suzuki,Estilo,2010,Manual,Petrol,1000,92000,1850000
car,Honda,Grace EX,2017,Automatic,Hybrid,1500,52000,5850000
suv,Honda,Vezel,2014,Automatic,Petrol,1500,130000,4560000
car,Micro,Trend,2009,Manual,Petrol,1100,33674,1075000
car,Tata,Nano Twist,2017,Manual,Petrol,650,11500,1425000
car,Suzuki,Maruti,2012,Manual,Petrol,800,63000,1290000
car,Nissan,FB15 Ex Saloon,2001,Automatic,Petrol,1500,139000,2350000
car,Suzuki,Wagon R,2015,Automatic,Petrol,650,70000,2800000
car,Suzuki,Swift,2008,Automatic,Petrol,1300,178578,1950000
van,Toyota,KDH 200 Super GL,2016,Manual,Diesel,2500,91000,6790000
van,Toyota,CR42,2006,Manual,Diesel,2200,160000,4325000
car,Toyota,Premio,2019,Automatic,Petrol,1500,4846,11000000
car,Suzuki,Wagon R FX,2017,Automatic,Hybrid,650,59994,3225000
car,Suzuki,Alto 800 LXI,2015,Manual,Petrol,800,22000,1880000
car,Nissan,AD WAGON VY11,2003,Automatic,Petrol,1300,142000,1695000
car,Honda,Fit GP1,2013,Automatic,Hybrid,1300,78000,3125000
pickup,Toyota,Hilux Vigo,2011,Manual,Diesel,2500,74000,7000000
car,Toyota,Aqua X Urban,2015,Automatic,Petrol,1500,160000,4750000
pickup,Tata,207,2012,Manual,Diesel,3000,97250,1085000
car,Suzuki,Wagon R Stingray,2017,Automatic,Hybrid,650,40000,3590000
van,Toyota,Noah KR42,2007,Automatic,Petrol,1800,80000,4500000
suv,Kia,Sorento,2010,Manual,Petrol,2200,162000,4785000
car,Nissan,Sunny,2001,Automatic,Petrol,1500,162000,2200000
suv,Hyundai,Tuscon,2015,Automatic,Diesel,2000,80200,5925000
van,Toyota,Noah,2002,Automatic,Petrol,1700,168000,3700000
van,Suzuki,Every DA64,2015,Automatic,Petrol,650,33000,3665000
car,Suzuki,Swift RS Turbo,2017,Automatic,Petrol,1000,28800,5500000
car,Tata,Nano,2011,Manual,Petrol,650,83822,750000
car,Suzuki,Wagon R Stingray,2014,Automatic,Petrol,650,43000,2960000
car,Suzuki,Celerio VXI,2016,Automatic,Petrol,1000,42000,2360000
car,Suzuki,Wagon R,2017,Automatic,Petrol,650,30000,3375000
car,Toyota,Aqua,2012,Automatic,Hybrid,1500,107000,3495000
van,Toyota,Townace Noah,2000,Manual,Diesel,1800,220000,3675000
pickup,Mahindra,Bolero,2016,Manual,Diesel,1500,65000,2000000
car,Suzuki,Alto 800 LXI,2013,Manual,Petrol,800,13000,1850000
car,Toyota,Prius 3rd Generation,2010,Automatic,Hybrid,1800,131000,3350000
van,Toyota,KDH 200 Super GL,2006,Automatic,Diesel,2500,200000,6950000
car,Toyota,Aqua S Grade,2012,Automatic,Hybrid,1500,67500,3275000
car,Suzuki,Wagon R Stingray,2014,Automatic,Hybrid,650,62000,2950000
car,Toyota,Premio G Superior,2011,Automatic,Petrol,1500,120000,6080000
car,Toyota,Axio G Grade,2015,Automatic,Petrol,1500,85258,4500000
car,Chery,QQ,2007,Manual,Petrol,800,37000,1000000
van,Toyota,KDH,2016,Automatic,Diesel,2800,31000,9850000
car,Suzuki,Alto,2015,Manual,Petrol,800,88000,2000000
van,Nissan,E25,2007,Automatic,Diesel,3000,200600,3975000
car,Toyota,Vitz,2018,Automatic,Petrol,1000,20000,5375000
car,Toyota,Allion 240,2009,Automatic,Petrol,1500,163000,4350000
car,Micro,Panda LC 1.0,2014,Manual,Petrol,1000,51000,1460000
car,Nissan,N16,2000,Automatic,Petrol,1500,250000,2375000
car,Toyota,Yaris,2008,Automatic,Petrol,1300,141000,3590000
car,Toyota,Allion 240,2005,Automatic,Petrol,1500,124000,4450000
car,Toyota,Allion 260,2007,Automatic,Petrol,1500,140000,4525000
car,Toyota,Vitz F,2017,Automatic,Petrol,1000,39000,4495000
van,Micro,MPV Junior 3,2013,Manual,Petrol,1000,50000,1190000
car,Perodua,Viva Elite,2011,Automatic,Petrol,1000,85000,2390000
car,Renault,KWID,2018,Manual,Petrol,800,49000,1975000
car,Honda,N WGN,2017,Automatic,Petrol,650,8000,3290000
car,Mitsubishi,Lancer,2004,Manual,Petrol,1300,145000,2100000
car,Suzuki,Celerio ZXI,2018,Automatic,Petrol,1000,45200,3250000
car,Toyota,Carina,2007,Manual,Petrol,2000,225000,1900000
car,Suzuki,Maruti 800,2005,Manual,Petrol,800,78000,1075000
van,Toyota,KDH 200 Super GL,2007,Automatic,Diesel,2500,329000,6650000
van,Nissan,Vanette,2008,Automatic,Petrol,1800,200000,3300000
car,Suzuki,Wagon R FX,2016,Automatic,Petrol,650,62800,2550000
car,Suzuki,A-Star,2012,Manual,Petrol,1000,95000,2050000
van,Suzuki,DA64,2007,Manual,Petrol,650,148900,1865000
van,Toyota,KDH 201 Super GL,2013,Automatic,Diesel,3000,58000,7300000
van,Nissan,Clipper,2014,Automatic,Diesel,650,123000,2400000
car,Honda,Insight,2010,Automatic,Petrol,1300,87000,3490000
car,Suzuki,Alto Japan,2003,Automatic,Petrol,650,107000,1575000
car,Nissan,Primera,2004,Automatic,Petrol,2000,200000,2175000
car,Suzuki,Maruti,2006,Manual,Petrol,800,78400,1070000
car,Hyundai,Accent,2004,Manual,Petrol,1300,160000,1300000
car,Suzuki,Maruti 800,2010,Manual,Petrol,800,53783,1285000
car,Suzuki,Swift,2003,Automatic,Petrol,1300,84000,2365000
car,Toyota,Axio,2013,Automatic,Hybrid,1500,74000,4350000
car,Toyota,Passo,2010,Automatic,Petrol,1000,95000,2860000
car,Toyota,IST,2003,Automatic,Petrol,1300,300000,2650000
car,Nissan,Bluebird,2005,Automatic,Petrol,1800,107800,1900000
van,Toyota,KDH 223,2017,Automatic,Diesel,3000,51600,10700000
car,Suzuki,Alto 800 LXI,2015,Manual,Petrol,800,46000,1945000
car,Suzuki,Wagon R Stingray,2018,Automatic,Petrol,650,47850,3695000
car,Toyota,Carina,2000,Automatic,Petrol,1500,180000,2890000
car,Toyota,Allion,2018,Automatic,Petrol,1500,1800,9750000
car,Toyota,Prius,2010,Automatic,Hybrid,1800,150000,2900000
car,Suzuki,Wagon R FZ,2018,Automatic,Hybrid,650,50800,3000000
car,Suzuki,Alto,2004,Automatic,Petrol,800,100000,1800000
car,Suzuki,Swift,2004,Automatic,Petrol,1300,130000,2300000
car,Suzuki,Wagon R Stingray,2017,Automatic,Hybrid,650,34600,3595000
car,Toyota,Vios,2004,Automatic,Petrol,1500,118000,2850000
suv,Kia,Sorento,2011,Automatic,Petrol,2200,108150,5950000
van,Mazda,Bongo,2006,Manual,Diesel,2000,170000,3400000
van,Mitsubishi,Mini Cab,2007,Automatic,Petrol,650,125000,2150000
car,Nissan,N16,2001,Automatic,Petrol,1600,137000,2250000
car,Toyota,Premio G Superior,2018,Automatic,Petrol,1500,13000,10700000
suv,Toyota,RAV4,2000,Automatic,Petrol,1800,241242,2750000
car,Micro,Panda Cross,2013,Manual,Petrol,1300,53000,1695000
pickup,Mahindra,Bolero,2016,Manual,Diesel,2500,37000,2350000
van,Daihatsu,Hijet,2007,Automatic,Petrol,650,100000,2175000
car,Nissan,N17,2005,Automatic,Petrol,1300,147000,2200000
car,Nissan,Wingroad,2000,Automatic,Petrol,1500,190000,1825000
car,Toyota,Vitz,2016,Automatic,Petrol,1000,38000,3590000
van,Toyota,CR42,2004,Automatic,Diesel,3000,130000,3300000
car,Hyundai,Accent,2000,Manual,Petrol,1500,161000,1250000
car,Nissan,Y11,2004,Automatic,Petrol,1300,150000,2250000
car,Suzuki,Maruti 800,2006,Manual,Petrol,800,105000,980000
car,Suzuki,Alto,2015,Manual,Petrol,800,54000,1945000
car,Suzuki,Wagon R Stingray,2017,Automatic,Petrol,650,28890,3035000
suv,Mitsubishi,Outlander,2015,Automatic,Petrol,2000,48000,11200000
car,Toyota,Vitz,2015,Automatic,Petrol,1000,43000,4385000
car,Suzuki,Maruti 800,2005,Manual,Petrol,800,77700,995000
car,Toyota,Vitz,2015,Automatic,Petrol,1000,121650,4175000
car,Nissan,N16,2000,Automatic,Petrol,1500,187000,2300000
car,Tata,Nano,2012,Manual,Petrol,650,181500,750000
pickup,Mahindra,Bolero,2016,Manual,Diesel,2500,29800,1775000
car,Toyota,IST,2003,Automatic,Petrol,1300,215000,2725000
car,Micro,Geely MX7,2010,Manual,Petrol,1500,97785,1525000
car,Toyota,Vitz,2010,Automatic,Petrol,1000,121000,3425000
car,Suzuki,Maruti,2010,Manual,Petrol,800,78000,1175000
car,Suzuki,Alto,2016,Manual,Petrol,800,40000,1850000
car,Suzuki,Liana,2002,Manual,Petrol,1300,110000,1650000
car,Suzuki,Maruti,2007,Manual,Petrol,650,91000,1120000
car,Suzuki,Wagon R Stingray,2014,Automatic,Petrol,650,60000,2675000
van,Mazda,Scrum,2017,Automatic,Petrol,650,31200,2625000
car,Suzuki,Maruti Sport,2012,Manual,Petrol,800,35000,1425000
car,Suzuki,Maruti,2004,Manual,Petrol,800,88000,1140000
car,Chevrolet,Cruze,2004,Automatic,Petrol,1300,128000,2275000
pickup,Mitsubishi,L200,2003,Manual,Diesel,2500,360000,2800000
car,Honda,Fit Shuttle,2013,Automatic,Hybrid,1300,135000,3800000
car,Toyota,Vitz,2007,Automatic,Petrol,1000,93000,3290000
van,Suzuki,Every,2000,Manual,Petrol,650,165000,1795000
car,Toyota,Premio G Superior,2010,Automatic,Petrol,1500,107000,5700000
van,Suzuki,Every DA64,2014,Automatic,Petrol,650,48561,2445000
van,Daihatsu,Hijet,2011,Automatic,Petrol,650,74000,2390000
car,Suzuki,Hustler,2015,Automatic,Hybrid,650,48000,3165000
car,Honda,Insight,2011,Automatic,Hybrid,1400,186000,3170000
car,Perodua,Viva Elite,2010,Automatic,Petrol,1000,148000,2225000
car,Zotye,Z100,2020,Manual,Petrol,1000,1500,2150000
car,Honda,Fit GP1,2012,Automatic,Hybrid,1300,68800,2875000
car,Suzuki,Maruti,2010,Manual,Petrol,800,58000,1300000
pickup,Toyota,Hilux,2004,Manual,Diesel,3000,120000,3290000
van,Suzuki,Every,2006,Automatic,Petrol,650,130000,2350000
car,Suzuki,Wagon R FZ,2018,Automatic,Petrol,650,15000,3575000
car,Suzuki,Wagon R,2016,Automatic,Petrol,650,52000,2565000
car,Toyota,Vitz,2016,Automatic,Petrol,1000,31000,4650000
car,Perodua,Viva Elite,2011,Manual,Petrol,1000,52500,2000000
car,Nissan,AD WAGON VY11,2002,Manual,Petrol,1300,170000,1525000
car,Perodua,Kelisa,2005,Manual,Petrol,1000,152862,1590000
car,Honda,Fit GP5,2015,Automatic,Hybrid,1500,24000,4625000
car,Toyota,Vitz,2018,Automatic,Petrol,1000,15865,5500000
car,Toyota,Vitz,2017,Automatic,Petrol,1000,8000,3850000
car,Toyota,Corolla 110,2000,Manual,Diesel,2000,315000,2350000
car,Suzuki,Alto,2015,Manual,Petrol,1000,52000,2200000
car,Toyota,Prius 2nd Generation,2007,Automatic,Hybrid,1500,138100,2550000
car,Nissan,Bluebird,2000,Automatic,Petrol,1500,160000,2375000
car,Chevrolet,Aveo,2008,Manual,Petrol,1200,95000,1550000
van,Suzuki,Spacia,2015,Automatic,Hybrid,650,33120,3025000
car,Honda,Freed,2013,Automatic,Hybrid,1500,102700,3900000
car,Micro,Panda,2015,Manual,Petrol,1000,45532,1495000
car,Toyota,Axio G Grade,2016,Automatic,Hybrid,1500,68500,4725000
car,Toyota,Vitz,2018,Automatic,Petrol,1000,35000,5275000
car,Toyota,Axio WXB,2018,Automatic,Petrol,1500,16500,7790000
car,Suzuki,Maruti,2004,Manual,Petrol,800,55000,945000
car,Suzuki,Alto Sport,2018,Automatic,Petrol,650,15000,3575000
van,Nissan,Vanette,2001,Automatic,Diesel,2200,272000,2950000
van,Suzuki,Every,2015,Automatic,Petrol,650,21630,3400000
car,Suzuki,Maruti Sport,2010,Manual,Petrol,800,68000,1245000
car,Suzuki,Alto 800 LXI,2015,Manual,Petrol,800,64000,2075000
suv,Honda,Vezel RS,2017,Automatic,Hybrid,1500,39600,6875000
car,Toyota,Allion 240,2003,Automatic,Petrol,1500,184000,3925000
car,Nissan,March,2002,Automatic,Petrol,1000,116000,1550000
car,Perodua,Kelisa,2007,Manual,Petrol,1000,112000,1550000
car,Mazda,Familia,2006,Automatic,Petrol,1600,129000,2100000
van,Suzuki,Every,2000,Manual,Petrol,650,97000,1650000
car,Suzuki,Maruti,2010,Manual,Petrol,800,92000,1185000
van,Toyota,KDH,2011,Manual,Diesel,3000,227000,5800000
car,Suzuki,Alto K10,2014,Manual,Petrol,1000,75000,1990000
van,Nissan,Caravan,2008,Automatic,Diesel,3000,125000,4300000
car,Toyota,Noah,2004,Automatic,Diesel,1800,323000,3600000
van,Suzuki,Every,2006,Manual,Petrol,650,113100,1640000
car,Suzuki,Alto K10,2011,Manual,Petrol,1000,110000,1750000
car,Suzuki,Wagon R,2018,Automatic,Petrol,650,62000,2875000
car,Mitsubishi,Mini Cab,2014,Automatic,Electric,650,42000,2950000
car,Honda,Grace EX,2016,Automatic,Hybrid,1500,72000,4725000
car,Nissan,FB15,2000,Automatic,Petrol,1500,165000,2275000
van,Toyota,KDH High Roof,2007,Manual,Diesel,2500,210000,7300000
car,Perodua,Viva Elite,2011,Automatic,Petrol,1000,100000,2325000
car,Tata,Indica V2,2007,Manual,Petrol,1400,97500,960000
car,Nissan,FB15 Super Saloon,2003,Automatic,Petrol,1500,177000,2650000
car,Toyota,Corolla 110,2008,Automatic,Petrol,1500,130000,2225000
car,Toyota,Corolla 121,2004,Automatic,Petrol,1500,159831,3550000
car,Honda,Fit GP5,2013,Automatic,Hybrid,1500,78000,4050000
car,Toyota,Corolla 121,2000,Manual,Petrol,1500,186000,3050000
car,Nissan,N16,2007,Manual,Petrol,1300,127000,2390000
car,Suzuki,Maruti,2005,Manual,Petrol,800,80000,1075000
car,Suzuki,Maruti,2007,Manual,Petrol,800,65000,1095000
car,Honda,City,2004,Manual,Petrol,1500,140000,2325000
car,Micro,Panda,2015,Manual,Petrol,1000,36100,1450000
car,Suzuki,Maruti,2006,Manual,Petrol,800,89500,1095000
car,Suzuki,Maruti 800,2004,Manual,Petrol,800,98000,985000
car,Toyota,Prius,2012,Automatic,Hybrid,1800,72000,4100000
car,Suzuki,Maruti,2012,Manual,Petrol,800,56000,1185000
car,Tata,Nano,2015,Manual,Petrol,650,130000,780000
car,Toyota,Vitz,2007,Automatic,Petrol,1000,86212,3300000
car,Kia,Rio,2003,Manual,Petrol,1500,112000,1575000
car,Suzuki,Liana,2003,Manual,Petrol,1400,133000,2375000
car,Toyota,Aqua,2014,Automatic,Hybrid,1500,140000,3720000
car,Suzuki,Alto K10,2015,Manual,Petrol,1000,76000,2200000
suv,Mitsubishi,Montero Sport,2008,Automatic,Diesel,3200,80000,8500000
car,Suzuki,Hustler,2016,Automatic,Hybrid,650,48000,3105000
car,Toyota,Prius S Grade,2012,Automatic,Hybrid,1800,98000,3475000
car,Suzuki,Wagon R FZ,2018,Automatic,Petrol,650,50000,2975000
car,Micro,Panda,2015,Manual,Petrol,1000,53166,1550000
car,Toyota,Corolla,2000,Automatic,Petrol,1500,150000,1750000
car,Suzuki,Celerio,2015,Automatic,Petrol,1000,57000,2465000
car,Nissan,March AK12,2007,Automatic,Petrol,1300,63500,2460000
suv,Kia,Sportage,2000,Manual,Diesel,2000,210000,2400000
car,Suzuki,Maruti,2006,Manual,Petrol,800,97500,1075000
car,Suzuki,Wagon R,2016,Automatic,Petrol,650,41567,2875000
car,Toyota,Premio,2007,Automatic,Petrol,1500,118000,5500000
car,Toyota,Aqua,2012,Automatic,Petrol,1500,140000,3550000
car,Suzuki,Alto Sport,2011,Manual,Petrol,800,71000,1485000
car,Kia,Carens,2001,Automatic,Diesel,2000,110000,1700000
car,Nissan,Wingroad,2002,Automatic,Petrol,1500,136000,2100000
suv,Micro,Kyron,2008,Manual,Diesel,2000,180000,3150000
car,Toyota,Corolla 141,2011,Manual,Diesel,2500,149000,4375000
van,Toyota,Dolphin,2001,Manual,Diesel,2500,310000,2600000
car,Suzuki,Alto,2015,Manual,Petrol,800,100000,1930000
car,Toyota,Axio,2014,Automatic,Hybrid,1500,49850,4500000
car,Suzuki,Alto,2014,Manual,Petrol,800,91000,1850000
car,Nissan,March K12,2003,Automatic,Petrol,1000,99000,1880000
van,Nissan,Vanette,2006,Manual,Diesel,2200,160000,3890000
car,Suzuki,Maruti,2005,Manual,Petrol,800,81931,1095000
car,Nissan,Cefiro,2000,Automatic,Petrol,2000,126000,2300000
pickup,Mahindra,Bolero,2003,Manual,Diesel,2500,111500,1900000
car,Micro,Panda,2013,Manual,Petrol,1000,73000,1580000
pickup,Tata,Xenon,2015,Manual,Diesel,2500,45000,1750000
car,Suzuki,Swift,2002,Automatic,Petrol,1300,146000,2325000
van,Suzuki,Every,2016,Automatic,Petrol,650,27000,2430000
car,Suzuki,Maruti,2005,Manual,Petrol,800,62000,1020000
van,Suzuki,Every,2000,Manual,Petrol,650,166600,1795000
car,Micro,Panda,2011,Automatic,Petrol,1000,80000,1390000
suv,Honda,Vezel,2016,Automatic,Hybrid,1500,66000,5290000
car,Suzuki,Alto,2015,Manual,Petrol,800,32800,1970000
car,Toyota,Aqua G Grade,2014,Automatic,Hybrid,1500,99500,3950000
car,Suzuki,Alto,2015,Manual,Petrol,800,65000,1725000
car,Suzuki,Wagon R Stingray,2014,Automatic,Petrol,650,60000,2775000
van,Nissan,Vanette,2000,Automatic,Diesel,2200,300000,3000000
van,Suzuki,Every,2014,Automatic,Petrol,650,139000,2485000
car,Suzuki,Wagon R,2016,Automatic,Hybrid,650,44000,3250000
suv,Hyundai,Santa Fe,2003,Automatic,Petrol,2400,138000,2450000
car,Datsun,Redi-GO,2016,Manual,Petrol,800,16500,1750000
car,Nissan,Sunny FB15,2003,Automatic,Petrol,1500,120000,2585000
car,Suzuki,Alto 800,2006,Manual,Petrol,800,95000,1460000
car,Mitsubishi,Lancer GLX,2004,Manual,Petrol,1600,89000,2650000
car,Nissan,N16,2002,Manual,Petrol,1300,126000,1970000
car,Toyota,Vitz,2017,Automatic,Petrol,1000,37470,4250000
pickup,Mahindra,Bolero,2012,Manual,Diesel,2500,68000,1900000
van,Toyota,Dolphin,2003,Manual,Diesel,2000,250000,5800000
van,Mitsubishi,Mini Cab,2007,Automatic,Petrol,650,130000,1775000
car,Renault,KWID,2016,Manual,Petrol,800,46000,1800000
car,Honda,Fit Aria,2006,Automatic,Petrol,1500,240000,2800000
car,Nissan,FB15,2001,Automatic,Petrol,1500,130000,2365000
car,Toyota,Axio X Grade,2014,Automatic,Hybrid,1500,68000,3850000
pickup,Mahindra,Bolero Maxi Truck,2015,Manual,Diesel,2500,44800,1625000
van,Hyundai,H100,2003,Manual,Diesel,2500,300000,1850000
car,Toyota,Axio Fielder,2018,Automatic,Hybrid,1650,26000,7000000
car,Suzuki,Wagon R Stingray,2014,Automatic,Hybrid,650,42000,2850000
car,Toyota,Aqua X Urban,2015,Automatic,Hybrid,1500,71300,3900000
car,Honda,Civic,2009,Automatic,Petrol,1300,77000,3475000
car,Suzuki,Alto,2017,Manual,Petrol,800,31500,2175000
car,Honda,Grace EX,2018,Automatic,Hybrid,1500,16900,6575000
car,Toyota,Vitz,2007,Automatic,Petrol,1000,116670,3100000
car,Nissan,FB15,2003,Automatic,Petrol,1500,150000,2875000
car,Perodua,Viva Elite Premium,2011,Automatic,Petrol,1000,85000,2075000
pickup,Mahindra,Bolero,2019,Manual,Diesel,1500,11356,2375000
car,Honda,Grace EX,2016,Automatic,Hybrid,1500,100000,4350000
car,Suzuki,Wagon R FX,2018,Automatic,Hybrid,650,61000,3000000
car,Kia,Rio,2001,Automatic,Petrol,1500,15000,1275000
car,Suzuki,Maruti,2007,Manual,Petrol,800,78500,1125000
car,Honda,Fit Aria,2007,Automatic,Petrol,1500,89000,2690000
pickup,Toyota,Hilux,2010,Manual,Diesel,3000,150000,4800000
car,Toyota,Vitz,2008,Automatic,Petrol,1000,96000,3375000
car,Perodua,Axia,2016,Automatic,Petrol,1000,73200,3175000
car,Datsun,Redi-GO,2017,Manual,Petrol,800,14500,1870000
pickup,Mahindra,Bolero,2015,Manual,Diesel,2500,31000,2150000
car,Suzuki,Maruti,2003,Manual,Petrol,800,95900,1050000
car,Suzuki,Swift RS,2017,Automatic,Hybrid,1200,5000,4790000
van,Suzuki,Every,2016,Automatic,Petrol,650,10580,2700000
car,Suzuki,Alto K10,2013,Manual,Petrol,1000,78000,1790000
car,Suzuki,Maruti 800,2004,Manual,Petrol,800,41000,1050000
van,Toyota,KDH 200 Super GL,2007,Automatic,Diesel,2500,143000,7490000
car,Toyota,Aqua,2012,Automatic,Petrol,1500,42680,3225000
car,Honda,Fit Shuttle,2016,Automatic,Hybrid,1500,72000,5350000
car,Nissan,Dayz,2017,Automatic,Petrol,650,33000,3350000
car,Toyota,Vios,2007,Automatic,Petrol,1500,140000,2475000
car,Suzuki,Wagon R FZ,2015,Automatic,Petrol,650,65000,2890000
car,Toyota,Allion,2010,Automatic,Petrol,1500,89000,5500000
van,Suzuki,Every,2017,Automatic,Petrol,650,92000,3125000
car,Suzuki,Alto 800 LXI,2015,Manual,Petrol,800,42200,1775000
car,Suzuki,Swift,2009,Automatic,Petrol,1500,90000,3250000
car,Suzuki,Alto,2015,Manual,Petrol,800,59000,1780000
suv,Honda,Vezel Z Orange,2014,Automatic,Hybrid,1500,89000,4800000
pickup,Mahindra,Bolero,2015,Manual,Electric,2500,69000,2125000
car,Honda,Civic,2019,Automatic,Petrol,1000,8800,5800000
car,Honda,Fit Shuttle,2012,Automatic,Hybrid,1300,112000,3600000
pickup,Nissan,Navara Aventura,2012,Manual,Diesel,2500,59000,4600000
car,Daihatsu,Mira,2017,Automatic,Petrol,650,26000,3100000
van,Suzuki,Every,2015,Automatic,Petrol,650,60000,3365000
car,Suzuki,Maruti,2011,Manual,Petrol,800,48000,1310000
van,Toyota,KDH 201 Super GL,2016,Automatic,Diesel,3000,59000,7425000
car,Suzuki,Alto,2006,Manual,Petrol,800,120000,1230000
car,Toyota,Tank,2017,Automatic,Petrol,1000,21500,5500000
car,Mahindra,KUV 100 NXT,2020,Manual,Petrol,1200,80,3295000
van,Toyota,KR42,2000,Manual,Diesel,1800,160000,3500000
car,Suzuki,Wagon R Stingray,2018,Automatic,Petrol,650,45000,3725000
car,Toyota,Axio G Grade,2013,Automatic,Hybrid,1500,86000,4000000
car,Honda,Insight,2009,Automatic,Hybrid,1300,370000,1600000
suv,Honda,Vezel,2014,Automatic,Petrol,1500,90000,4890000
car,Suzuki,Wagon R FZ,2017,Automatic,Hybrid,650,22000,3790000
car,Suzuki,Wagon R Stingray,2015,Automatic,Hybrid,650,43000,3150000
car,Suzuki,Wagon R Stingray,2015,Automatic,Hybrid,650,42500,2350000
car,Toyota,Prius,2013,Automatic,Petrol,1800,115000,4375000
car,Toyota,Aqua G Grade,2014,Automatic,Hybrid,1500,64500,3850000
car,Toyota,Premio G Superior,2015,Automatic,Petrol,1500,66000,7975000
car,Toyota,Corolla 121,2001,Automatic,Petrol,1800,179000,2990000
car,Suzuki,Alto,2015,Manual,Petrol,800,55000,1785000
pickup,Mitsubishi,L200,2006,Manual,Diesel,2500,195000,3800000
van,Micro,MPV,2007,Manual,Petrol,1000,40000,930000
car,Micro,Panda,2017,Manual,Petrol,1000,51000,1580000
van,Suzuki,Every DA64,2014,Automatic,Petrol,650,55900,3450000
car,Honda,Grace,2015,Automatic,Hybrid,1500,60000,5250000
car,Suzuki,Hustler,2015,Automatic,Hybrid,650,58650,3080000
car,Toyota,Vitz Edition 2,2019,Automatic,Petrol,1000,21000,5585000
car,Toyota,Premio,2014,Automatic,Petrol,1500,89900,6225000
car,Suzuki,Maruti,2006,Manual,Petrol,800,98200,1150000
car,Nissan,Sunny FB15,2001,Automatic,Petrol,1500,159000,2250000
car,Micro,MX 7,2013,Manual,Petrol,1500,25000,2200000
car,Suzuki,Wagon R FX,2018,Automatic,Petrol,650,45000,3190000
car,Suzuki,Alto,2015,Manual,Petrol,800,70000,1850000
suv,Honda,Vezel,2014,Automatic,Petrol,1500,74000,4900000
car,Suzuki,Maruti 800,2004,Manual,Petrol,800,86899,960000
pickup,Toyota,Hilux Vigo,2008,Automatic,Diesel,3000,98000,6500000
van,Micro,MPV Junior,2008,Manual,Petrol,1000,79000,945000
van,Suzuki,Spacia,2015,Automatic,Petrol,650,34000,3075000
car,Suzuki,Alto K10,2013,Manual,Petrol,1000,112000,1750000
car,Suzuki,Alto K10,2011,Manual,Petrol,1000,72000,1775000
car,Toyota,Prius,2011,Automatic,Hybrid,1800,195000,3675000
van,Suzuki,Every,2019,Automatic,Petrol,650,10120,2900000
car,Toyota,Prius,2010,Automatic,Hybrid,1800,95000,3775000
car,Hyundai,Sonata,2000,Automatic,Petrol,2000,121000,1170000
car,Suzuki,Wagon R Stingray,2014,Automatic,Petrol,650,37000,2625000
van,Suzuki,Every,2014,Automatic,Petrol,650,76520,2700000
car,Toyota,Allion,2008,Automatic,Petrol,1500,110000,5200000
car,Suzuki,Wagon R Stingray,2016,Automatic,Petrol,650,37000,3150000
suv,Mitsubishi,Outlander,2015,Automatic,Hybrid,2000,49000,10650000
car,Suzuki,Stingray,2018,Automatic,Petrol,650,38500,3750000
car,Suzuki,Wagon R Stingray,2018,Automatic,Hybrid,650,13300,3300000
van,Suzuki,Every,2019,Automatic,Petrol,650,6500,3675000
van,Nissan,Clipper NV100,2019,Automatic,Petrol,650,2500,3625000
car,Suzuki,Alto 800 LXI,2015,Manual,Petrol,800,52000,1980000
pickup,Mahindra,Bolero,2016,Manual,Diesel,2500,68500,2085000
car,Perodua,Viva Elite,2011,Automatic,Petrol,1000,42000,2075000
car,Toyota,Axio X Grade,2017,Automatic,Hybrid,1500,65000,6100000
car,Toyota,Axio G Grade,2015,Automatic,Petrol,1500,53000,4675000
car,Toyota,Prius,2014,Automatic,Hybrid,1800,72000,5390000
car,Toyota,Axio,2017,Automatic,Hybrid,1500,19300,5645000
car,Tata,Indigo,2010,Manual,Petrol,1300,152000,1325000
van,Nissan,Lion Face,2004,Automatic,Petrol,1800,134000,2975000
van,Toyota,KDH 200 Super GL,2007,Automatic,Diesel,2500,185000,6750000
car,Suzuki,Maruti,2011,Manual,Petrol,800,54450,1125000
car,Suzuki,Wagon R,2007,Manual,Petrol,650,78000,1600000
car,Mahindra,KUV 100,2020,Manual,Petrol,1200,77,3395000
car,Toyota,Premio G Superior,2016,Automatic,Petrol,1500,42700,6750000
car,Suzuki,Wagon R,2018,Automatic,Petrol,650,70000,3000000
car,Suzuki,Maruti,2011,Manual,Petrol,800,52000,1295000
car,Suzuki,Alto,2016,Manual,Petrol,800,36000,2250000
car,Honda,Freed,2013,Automatic,Hybrid,1500,62000,4525000
car,Suzuki,Wagon R,2014,Automatic,Hybrid,650,20000,2890000
suv,Honda,Vezel,2014,Automatic,Petrol,1500,83000,4750000
car,Suzuki,Maruti 800,2012,Manual,Petrol,800,69000,1300000
car,Suzuki,Alto,2010,Manual,Petrol,1000,48000,960000
car,Toyota,Vitz Edition 3,2019,Automatic,Petrol,1000,27000,5650000
car,Suzuki,Maruti,2004,Manual,Petrol,800,46200,985000
van,Suzuki,Spacia Custom,2015,Automatic,Petrol,650,29500,2800000
car,Toyota,Vitz,2015,Automatic,Petrol,1000,64000,4700000
car,Suzuki,Wagon R Stingray,2018,Automatic,Petrol,650,39150,3640000
car,Suzuki,Alto,2015,Manual,Petrol,800,25000,2050000
van,Daihatsu,Hijet,2018,Automatic,Petrol,650,23000,3350000
car,Suzuki,Wagon R Stingray,2016,Automatic,Petrol,650,66502,3150000
car,Toyota,Allion 260,2008,Automatic,Petrol,1500,140000,5190000
car,Zotye,Z100,2018,Manual,Petrol,1000,27500,1925000
car,Toyota,Premio,2017,Automatic,Petrol,1500,5000,9750000
van,Toyota,KDH Super GL,2013,Automatic,Diesel,3000,122000,8350000
suv,Honda,Vezel RS Sensing,2017,Automatic,Petrol,1500,52000,7290020
car,Suzuki,Alto 800,2014,Manual,Petrol,800,52200,1750000
pickup,Toyota,Hilux Vigo,2007,Automatic,Diesel,3000,190000,5750000
car,Suzuki,Alto,2015,Manual,Petrol,800,55000,1870000
car,Honda,Grace,2015,Automatic,Hybrid,2000,93054,4650000
car,Toyota,Vitz,2008,Automatic,Petrol,1000,74000,3360000
suv,Honda,Vezel,2014,Automatic,Hybrid,1500,89000,5000000
van,Suzuki,Every,2008,Manual,Petrol,650,196000,2465000
car,Toyota,Corolla 121,2003,Automatic,Petrol,1500,116000,3400000
car,Renault,KWID,2016,Manual,Petrol,800,29000,1990000
suv,Micro,Rexton,2003,Manual,Diesel,2700,124009,2950000
suv,Mitsubishi,Montero,2003,Automatic,Petrol,2000,165000,2400000
car,Suzuki,Maruti Zen,2006,Manual,Petrol,1000,100200,1275000
van,Suzuki,Every DA64,2017,Automatic,Petrol,650,24123,3925000
car,Nissan,FB15,2000,Automatic,Petrol,1500,176500,2325000
car,Suzuki,Swift,2008,Manual,Petrol,1300,78000,2000000
car,Suzuki,Alto,2014,Manual,Petrol,800,56000,1910000
car,Suzuki,Maruti,2006,Manual,Petrol,800,89000,1075000
car,Toyota,Corolla 121,2004,Manual,Petrol,1300,85000,2350000
suv,Micro,Kyron,2009,Automatic,Diesel,2000,170000,3650000
van,Nissan,Vanette,2001,Manual,Diesel,2200,195000,2690000
car,Toyota,Yaris,2007,Automatic,Petrol,1300,98000,3400000
car,Toyota,Corolla 121,2002,Automatic,Diesel,2200,140000,3190000
car,Toyota,Vitz,2018,Automatic,Petrol,1000,26000,5125000
car,Hyundai,Sonata,2001,Automatic,Diesel,2000,185000,1125000
van,Mazda,Scrum,2014,Automatic,Petrol,650,52000,2850000
car,Toyota,Vios,2004,Automatic,Petrol,1500,160000,3000000
car,Mazda,Demio,2001,Automatic,Petrol,1300,170000,1625000
van,Toyota,Dolphin,2007,Manual,Diesel,3000,320000,5800000
car,Suzuki,Alto K10,2011,Manual,Petrol,1000,83000,1780000
car,Suzuki,Alto,2015,Manual,Petrol,800,35000,2050000
car,Mazda,3,2007,Automatic,Petrol,1500,98000,3400000
car,Toyota,Corolla 121,2002,Automatic,Petrol,1500,147900,3500000
car,Tata,Nano Twist,2015,Manual,Petrol,650,96231,1150000
van,Nissan,E25,2008,Automatic,Diesel,3000,190000,3950000
car,Toyota,Vios,2005,Automatic,Petrol,1500,135000,2975000
car,Honda,City,2000,Manual,Petrol,1500,100000,1900000
car,Suzuki,Alto,2015,Manual,Petrol,800,74000,1900000
car,Toyota,Prius,2013,Automatic,Hybrid,1800,120000,4500000
car,Nissan,Super Saloon,2001,Automatic,Petrol,1400,120000,2150000
car,Toyota,Allion 260,2009,Automatic,Petrol,1500,69300,5650000
car,Suzuki,Stingray,2017,Automatic,Hybrid,650,36097,3550000
car,Perodua,Kelisa,2006,Manual,Petrol,1000,118000,1550000
pickup,Toyota,Hilux Vigo,2010,Manual,Diesel,2500,165000,3000000
car,Suzuki,Wagon R FX,2017,Automatic,Hybrid,650,31500,2575000
car,Perodua,Viva Elite,2010,Automatic,Petrol,1000,109000,2320000
car,Micro,Panda Cross,2015,Manual,Petrol,1300,66000,1650000
car,Toyota,Premio G Superior,2013,Automatic,Petrol,1500,91000,6490000
car,Nissan,N16,2004,Manual,Petrol,1300,105000,2225000
car,Perodua,Viva Elite,2013,Automatic,Petrol,1000,79300,2275000
car,Toyota,Premio,2018,Automatic,Petrol,1500,35000,10500000
car,Suzuki,Wagon R Stingray,2018,Automatic,Hybrid,650,34235,3775000
van,Toyota,KDH 200,2007,Automatic,Diesel,2500,186000,6575000
car,Toyota,Prius G Touring,2012,Automatic,Hybrid,1800,100000,4250000
car,Toyota,Aqua G Grade,2012,Automatic,Hybrid,1500,71000,4150000
car,Toyota,Vitz,2019,Automatic,Petrol,1000,3500,5900000
car,Suzuki,Wagon R Stingray,2014,Automatic,Hybrid,650,45620,2865000
car,Suzuki,Alto 800 LXI,2007,Manual,Petrol,800,81000,1475000
car,Suzuki,Maruti,2008,Manual,Petrol,800,63000,1250000
car,Toyota,Premio,2008,Automatic,Petrol,1500,150000,5490000
car,Toyota,Prius,2012,Automatic,Hybrid,1800,85000,4225000
car,Suzuki,Wagon R ,2006,Manual,Petrol,650,162000,1650000
car,Toyota,Axio G Grade,2016,Automatic,Hybrid,1500,47500,5400000
car,Toyota,Prius G Touring,2011,Automatic,Hybrid,1800,59700,4490000
car,Suzuki,Alto 800 LXI,2011,Manual,Petrol,800,83000,1550000
car,Suzuki,Alto,2014,Manual,Petrol,800,48000,1750000
van,Toyota,KDH High Roof,2013,Automatic,Diesel,3000,151000,7500000
car,Toyota,Premio G Superior,2015,Automatic,Petrol,1500,68000,8075000
car,Nissan,Sunny N16,2001,Automatic,Petrol,1500,145000,2075000
car,Toyota,Premio,2017,Automatic,Petrol,1500,50000,8995000
van,Suzuki,Every,2017,Automatic,Petrol,650,11200,2800000
car,Toyota,Allion 240,2006,Automatic,Petrol,1500,171000,3790000
car,Suzuki,Maruti,2010,Manual,Petrol,800,92500,1185000
van,Toyota,Noah KR42,2002,Automatic,Petrol,1800,89000,3500000
van,Suzuki,Every,2016,Automatic,Petrol,650,19500,2995000
car,Honda,Fit GP1,2012,Automatic,Petrol,1300,89000,2750000
car,Honda,N Box,2015,Automatic,Petrol,650,69000,3000000
car,Tata,Nano,2011,Manual,Petrol,650,120000,725000
car,Suzuki,Alto,2015,Manual,Petrol,800,20000,1875000
van,Suzuki,Every,2011,Automatic,Petrol,650,72000,2475000
car,Suzuki,Maruti,2007,Manual,Petrol,800,80000,1050000
car,Suzuki,Wagon R,2017,Automatic,Hybrid,650,65400,3475000
suv,Honda,Vezel,2014,Automatic,Hybrid,1500,100000,4875000
car,Tata,Nano,2017,Automatic,Petrol,650,37500,1410000
car,Suzuki,Wagon R,2014,Automatic,Petrol,650,63500,2365000
van,Nissan,Caravan,2010,Manual,Diesel,3000,190000,4550000
car,Suzuki,Wagon R Stingray,2018,Automatic,Hybrid,650,25000,3750000
van,Suzuki,Every,2017,Automatic,Petrol,650,23000,3625000
car,Honda,City,2000,Manual,Petrol,1500,252500,1825000
car,Honda,Fit Shuttle,2012,Automatic,Hybrid,1300,118000,3700000
car,Tata,Nano,2012,Manual,Petrol,650,140000,975000
suv,Nissan,X-Trail,2015,Automatic,Hybrid,2000,49500,6250000
car,Toyota,Vitz,2008,Automatic,Petrol,1000,124000,2700000
car,Nissan,FB15 Super Saloon,2004,Automatic,Petrol,1500,163570,2850000
car,Suzuki,Celerio ZXI,2018,Automatic,Petrol,1000,17950,3625000
car,Suzuki,Swift,2008,Automatic,Petrol,1200,84000,2975000
car,Suzuki,Zen Estilo,2008,Manual,Petrol,1100,113000,1675000
car,Toyota,Prius,2012,Automatic,Hybrid,1800,128578,3875000
car,Toyota,Vitz,2018,Automatic,Petrol,1000,29000,5500000
car,Toyota,Vios,2004,Automatic,Petrol,1500,120000,2690000
pickup,Mahindra,Bolero,2017,Manual,Diesel,2500,9000,2100000
van,Toyota,Dolphin,2004,Automatic,Diesel,3000,265000,4800000
car,Suzuki,Maruti 800,2007,Manual,Petrol,800,82000,1085000
car,Perodua,Viva Elite,2010,Automatic,Petrol,1000,14500,2150000
car,Tata,Indica V2,2004,Manual,Petrol,1400,98500,950000
car,Suzuki,Zen Estilo,2010,Manual,Petrol,1000,73000,1865000
pickup,Mahindra,Bolero,2018,Manual,Diesel,2500,35000,2350000
car,Perodua,Axia,2016,Automatic,Petrol,1000,54000,3230000
car,Suzuki,Maruti 800,2012,Manual,Petrol,800,80000,1325000
car,Suzuki,Alto,2015,Manual,Petrol,800,27000,2090000
car,Suzuki,Maruti 800,2012,Manual,Petrol,800,59000,1295000
car,Micro,Trend,2011,Automatic,Petrol,1000,95000,1275000
car,Suzuki,Maruti,2006,Manual,Petrol,800,30000,875000
van,Toyota,KDH,2005,Automatic,Diesel,2500,145000,1650000
car,Toyota,Vitz,2019,Automatic,Petrol,1000,5000,5725000
car,Suzuki,Alto Sport,2015,Manual,Petrol,800,81000,1790000
car,Toyota,Carina,2004,Automatic,Petrol,1500,230000,2350000
car,Toyota,Vitz,2016,Automatic,Petrol,1000,46000,4550000
car,Suzuki,Alto,2015,Manual,Petrol,800,40000,1650000
car,Suzuki,Alto Japan,2003,Automatic,Petrol,650,100000,1895000
car,Hyundai,Accent,2003,Manual,Petrol,1500,116000,1485000
van,Suzuki,Spacia,2017,Automatic,Hybrid,650,44000,3500000
car,Suzuki,Celerio VXI,2016,Automatic,Petrol,1000,73959,2875000
van,Nissan,Vanette,2003,Automatic,Petrol,1800,120000,3100000
van,Nissan,Caravan,2007,Automatic,Diesel,3000,267100,4080000
car,Nissan,March K12,2002,Automatic,Petrol,1300,133000,1950000
car,Micro,Panda,2012,Manual,Petrol,1000,43000,1250000
van,Nissan,Caravan,2009,Manual,Diesel,3000,145000,3950000
car,Mazda,3,2014,Automatic,Petrol,1600,55400,5985000
van,Nissan,Caravan,2000,Manual,Diesel,2500,263023,3450000
car,Suzuki,Wagon R Stingray,2014,Automatic,Petrol,650,52000,3200000
car,Chery,QQ,2008,Manual,Petrol,800,85000,890000
car,Toyota,Axio,2017,Automatic,Hybrid,1500,23100,5690000
car,Nissan,Dayz Highway Star,2018,Automatic,Petrol,650,14000,3512000
car,Toyota,Vitz,2016,Automatic,Petrol,1000,24100,4675000
pickup,Mahindra,Bolero Maxi Truck,2016,Manual,Diesel,2500,9435,1875000
car,Toyota,Premio G Superior,2018,Automatic,Petrol,1500,18000,9840000
car,Suzuki,Maruti,2007,Manual,Petrol,800,74000,1175000
car,Suzuki,Alto,2015,Manual,Petrol,800,48000,1750000
car,Tata,Indica,2015,Manual,Petrol,1200,46000,1850000
suv,Honda,CRV,2000,Automatic,Petrol,2000,210000,2375000
car,Toyota,Vitz,2010,Automatic,Petrol,1000,78000,3690000
car,Daihatsu,Mira,2018,Automatic,Petrol,650,22000,3650000
car,Mazda,Familia BJ5P,2003,Automatic,Petrol,1500,133000,2300000
car,Suzuki,Maruti 800,2006,Manual,Petrol,800,93200,1150000
car,Toyota,Axio,2016,Automatic,Hybrid,1500,49000,5240000
van,Toyota,KDH TRH GL,2014,Automatic,Petrol,2000,115000,6975000
car,Toyota,Vitz,2016,Automatic,Petrol,1000,44000,4650000
van,Suzuki,Spacia Custom,2018,Automatic,Petrol,650,20000,3650000
suv,Toyota,CHR,2020,Automatic,Petrol,1200,3500,9850000
car,Nissan,FB15,2000,Automatic,Petrol,1500,93000,2350000
car,Toyota,Roomy,2018,Automatic,Petrol,1000,15000,4300000
car,Toyota,Prius,2014,Automatic,Hybrid,1800,98000,3900000
car,Toyota,Corolla 121,2006,Automatic,Petrol,2600,100000,3950000
car,Perodua,Kenari,2006,Automatic,Petrol,1000,145000,1775000
car,Micro,Panda,2015,Manual,Petrol,1000,36350,1625000
car,Honda,Fit GP1,2007,Automatic,Petrol,1300,165000,2550000
car,Toyota,Vitz,2015,Automatic,Petrol,1000,25580,4200000
car,Toyota,Corolla 141,2007,Automatic,Petrol,1600,117500,3798000
car,Toyota,Vitz,2018,Automatic,Petrol,1000,4800,5300000
car,Suzuki,Alto,2010,Manual,Petrol,800,59350,1680000
car,Toyota,Premio,2010,Automatic,Petrol,1500,92000,4550000
car,Toyota,Vitz,2015,Automatic,Petrol,1000,40000,3550000
suv,Toyota,CHR,2017,Automatic,Petrol,1200,22000,8075000
car,Honda,Civic,2006,Manual,Petrol,1800,110000,3980000
car,Toyota,Vitz,2015,Automatic,Petrol,1000,72626,4550000
car,Toyota,Vitz,2019,Automatic,Petrol,1000,10500,4375000
car,Tata,Nano Twist,2017,Automatic,Petrol,650,33700,1485000
car,Toyota,Prius,2007,Automatic,Hybrid,1800,91000,2900000
car,Suzuki,Wagon R,2015,Automatic,Petrol,650,63000,2825000
car,Toyota,Soluna,2000,Manual,Petrol,1500,252000,1750000
van,Suzuki,Spacia,2016,Automatic,Petrol,650,14000,2700000
car,Chevrolet,Cruze,2002,Automatic,Petrol,1300,108000,2375000
pickup,Mahindra,Bolero,2019,Manual,Diesel,2500,13151,2750000
car,Suzuki,Alto Japan,2007,Automatic,Petrol,650,100000,1850000
suv,Mitsubishi,Montero,2002,Automatic,Petrol,3500,125000,5190000
car,Mitsubishi,Lancer CS1,2003,Manual,Petrol,1300,159000,2390000
car,Chevrolet,Cruze,2004,Automatic,Petrol,1300,120000,2190000
van,Suzuki,Omni,2011,Manual,Petrol,800,115000,1180000
car,Suzuki,Alto,2015,Manual,Petrol,800,77200,1920000
car,Suzuki,Alto 800 LXI,2015,Manual,Petrol,800,89000,1975000
pickup,Mitsubishi,L200,2010,Manual,Diesel,2500,250000,2640000
car,Toyota,Prius S Touring,2012,Automatic,Hybrid,1800,71000,4100000
van,Suzuki,Every,2016,Automatic,Petrol,650,37000,2600000
car,Micro,Panda Cross,2015,Manual,Petrol,1300,39000,1825000
car,Toyota,Vitz,2007,Automatic,Petrol,1000,110000,2650000
car,Nissan,Leaf,2013,Automatic,Electric,80,69000,1200000
car,Suzuki,Maruti,2006,Manual,Petrol,800,28000,1100000
car,Suzuki,Hustler,2015,Automatic,Hybrid,650,70000,2800000
suv,Honda,Vezel RS,2018,Automatic,Hybrid,1500,52000,7975000
van,Nissan,Vanette,2005,Automatic,Petrol,1800,250000,3150000
car,Toyota,Soluna,2000,Manual,Petrol,1500,120000,1650000
car,Suzuki,Swift,2004,Automatic,Petrol,1300,151000,2400000
car,Suzuki,Wagon R,2017,Automatic,Petrol,650,27000,2650000
car,Toyota,Axio X Grade,2010,Automatic,Petrol,1500,167000,4475000
suv,Zotye,Nomad,2011,Manual,Petrol,1500,90000,2050000
car,Suzuki,A-Star,2010,Manual,Petrol,1000,157000,1990000
van,Daihatsu,Hijet,2007,Manual,Petrol,650,150000,1525000
car,Suzuki,Maruti 800,2011,Manual,Petrol,800,80000,1225000
car,Suzuki,Wagon R Stingray,2018,Automatic,Petrol,650,26000,3765000
car,Mazda,Axela,2003,Automatic,Petrol,1500,208300,2350000
car,Suzuki,Wagon R,2014,Automatic,Petrol,650,26000,2995000
van,Suzuki,Spacia,2015,Automatic,Petrol,650,43500,3300000
car,Honda,Civic ES8,2001,Manual,Petrol,1500,205000,2750000
car,Suzuki,Alto Japan,2012,Automatic,Petrol,650,72950,2395000
suv,Toyota,CHR,2018,Automatic,Petrol,1500,10838,8650000
car,Toyota,Aqua,2014,Automatic,Hybrid,1500,39500,4000000
car,Nissan,FB15,2000,Automatic,Petrol,1500,137000,2225000
car,Suzuki,Alto,2008,Manual,Petrol,1000,125000,1450000
van,Toyota,KDH 221,2015,Automatic,Diesel,3000,240000,8900000
car,Tata,Indica,2014,Manual,Petrol,1300,200000,1450000
van,Nissan,Caravan,2012,Manual,Petrol,2000,165350,3400000
car,Suzuki,Maruti,2011,Manual,Petrol,800,80000,1260000
car,Toyota,Vitz,2007,Automatic,Petrol,1000,88000,3260000
car,Nissan,March K11,2001,Automatic,Petrol,1000,126000,1600000
car,Suzuki,Alto 800,2015,Manual,Petrol,800,31600,1830000
car,Nissan,FB15,2000,Automatic,Petrol,1500,148000,2300000
car,Suzuki,Wagon R FZ,2014,Automatic,Petrol,650,63000,2685000
car,Suzuki,SX4,2008,Automatic,Petrol,1300,145000,2640000
car,Suzuki,Wagon R Stingray,2015,Automatic,Petrol,650,25000,2650000
car,Toyota,Aqua,2015,Automatic,Hybrid,1500,55000,4375000
van,Suzuki,Every,2010,Automatic,Petrol,650,113000,2485000
car,Suzuki,Wagon R Stingray,2018,Automatic,Hybrid,650,28000,3700000
car,Suzuki,Maruti,2005,Manual,Petrol,800,110000,1095000
car,Toyota,Tank,2017,Automatic,Petrol,1000,23187,4975000
car,Honda,Fit GP5,2014,Automatic,Hybrid,1500,77000,4000000
car,Suzuki,Alto 800,2015,Manual,Petrol,800,47000,1775000
car,Suzuki,Celerio VXI,2015,Automatic,Petrol,1000,46000,2400000
car,Toyota,Corolla 141,2007,Automatic,Petrol,1600,165000,3700000
car,Toyota,Aqua G Grade,2012,Automatic,Petrol,1500,40000,3790000
suv,Zotye,Nomad,2011,Manual,Petrol,1300,20600,2150000
van,Nissan,NV200,2016,Automatic,Petrol,1600,66000,4400000
pickup,Toyota,Hilux Vigo,2010,Manual,Diesel,2500,127000,6250000
car,Suzuki,Alto Japan,2017,Automatic,Petrol,650,32000,2800000
suv,Mitsubishi,Montero Sport,2012,Automatic,Diesel,2500,79000,8900000
car,Suzuki,Wagon R Stingray,2014,Automatic,Hybrid,650,70236,2975000
car,Suzuki,Alto,2008,Manual,Petrol,800,110000,1550000
car,Hyundai,Eon,2015,Manual,Petrol,800,37456,2240000
car,Tata,Nano,2014,Manual,Petrol,650,126766,1050000
car,Nissan,Leaf,2014,Automatic,Electric,70,50000,1350000
car,Toyota,Allion,2003,Automatic,Petrol,1500,120000,3450000
car,Suzuki,Liana,2002,Manual,Petrol,1300,114000,1975000
van,Daihatsu,Hijet,2015,Automatic,Petrol,650,75000,2400000
car,Perodua,Kelisa,2007,Manual,Petrol,1000,153000,1475000
car,Suzuki,Swift,2003,Automatic,Petrol,1300,88500,2385000
car,Toyota,Corolla,2001,Automatic,Petrol,1500,190000,2950000
car,Honda,Fit Shuttle,2013,Automatic,Petrol,1300,108000,3790000
car,Suzuki,Swift RS,2017,Automatic,Petrol,1000,22000,5225000
car,Toyota,Allion 240,2003,Automatic,Petrol,1500,190010,3680000
van,Suzuki,Every,2018,Automatic,Petrol,650,17000,2725000
car,Toyota,Corolla 121,2002,Automatic,Petrol,1500,111000,3500000
car,Suzuki,Wagon R FZ,2018,Automatic,Hybrid,650,53000,3575000
car,Suzuki,Wagon R,2014,Automatic,Hybrid,650,86000,2745000
car,Suzuki,A-Star,2010,Manual,Petrol,1000,150000,1875000
van,Suzuki,Every,2017,Automatic,Petrol,650,47100,3400000
car,Toyota,Prius,2013,Automatic,Hybrid,1800,164000,4775000
car,Toyota,Axio,2013,Automatic,Petrol,1500,108300,4150000
car,Suzuki,Wagon R FX,2017,Automatic,Hybrid,650,53491,2650000
car,Suzuki,Wagon R FZ,2018,Automatic,Hybrid,650,34000,3350000
car,Suzuki,Wagon R FZ,2018,Automatic,Hybrid,650,24500,2950000
van,Toyota,KDH 201 Super GL,2013,Automatic,Diesel,3000,138000,8400000
suv,Honda,Vezel,2015,Automatic,Hybrid,1500,68455,5850000
car,Suzuki,Wagon R Stingray,2017,Automatic,Petrol,650,33000,3025000
car,Nissan,March,2004,Manual,Petrol,1000,139000,1650000
car,Suzuki,Wagon R FX,2017,Automatic,Petrol,650,9000,3175000
car,Suzuki,Wagon R FX,2017,Automatic,Hybrid,650,13000,3000000
car,Toyota,Vitz,2011,Automatic,Petrol,1000,67000,3275000
car,Suzuki,Wagon R FX,2017,Automatic,Petrol,650,47300,3365000
car,Micro,Panda,2017,Automatic,Petrol,1000,35000,2050000
car,Suzuki,Alto,2016,Manual,Petrol,800,26100,2490000
car,Toyota,Prius S Touring,2012,Automatic,Petrol,1800,124500,4950000
car,Hyundai,Accent,2006,Manual,Petrol,1300,82000,1700000
pickup,Tata,207,2012,Manual,Diesel,3000,120000,945000
car,Nissan,FB15,2003,Automatic,Petrol,1500,228152,2175000
car,Toyota,Aqua,2013,Automatic,Hybrid,1500,90000,3650000
car,Toyota,Passo,2007,Automatic,Petrol,1000,140000,2700000
car,Micro,Panda,2015,Manual,Petrol,1000,45000,1560000
car,Suzuki,Maruti,2005,Manual,Petrol,800,71000,960000
car,Toyota,Axio,2008,Automatic,Petrol,1500,108500,4250000
car,Micro,MX 7,2013,Manual,Petrol,1500,87000,1575000
car,Suzuki,Maruti,2008,Manual,Petrol,800,57000,1169000
van,Toyota,Hiace,2005,Manual,Diesel,2800,270000,4200000
van,Mitsubishi,Mini Cab,2011,Manual,Petrol,650,90980,2375000
car,Suzuki,Maruti,2004,Manual,Petrol,800,100600,950000
car,Toyota,Prius,2015,Automatic,Hybrid,1800,6000,6100000
car,Suzuki,Maruti,2007,Manual,Petrol,800,68090,795000
car,Suzuki,Wagon R,2018,Automatic,Petrol,650,28000,3275000
car,Micro,Panda,2011,Manual,Petrol,1000,72000,1200000
car,Suzuki,Wagon R,2011,Manual,Petrol,650,85000,1700000
car,Toyota,Aqua G Grade,2014,Automatic,Hybrid,1500,99000,3590000
car,Suzuki,Wagon R FX,2017,Automatic,Hybrid,650,34400,2675000
car,Suzuki,Maruti 800,2012,Manual,Petrol,800,90000,1160000
van,Toyota,KDH 201,2014,Automatic,Diesel,3000,161000,7100000
car,Suzuki,Alto,2014,Manual,Petrol,650,65000,1690000
van,Suzuki,Every,2019,Automatic,Petrol,650,70000,3350000
car,Kia,Rio,2003,Automatic,Petrol,1500,180000,1700000
car,Suzuki,Wagon R,2018,Automatic,Hybrid,650,48000,3850000
car,Toyota,Yaris,2006,Automatic,Petrol,1300,96000,3185000
car,Datsun,Redi-GO,2017,Manual,Petrol,800,18000,1850000
car,Hyundai,Sonata,2001,Automatic,Petrol,2000,135000,1700000
van,Nissan,Clipper,2017,Automatic,Petrol,650,17600,3578000
car,Nissan,March,2000,Automatic,Petrol,1000,76000,1700000
car,Toyota,Prius,2013,Automatic,Hybrid,1800,141300,4975000
car,Toyota,Aqua,2013,Automatic,Hybrid,1500,115308,3485000
car,Suzuki,Maruti,2008,Manual,Petrol,800,13000,1210000
van,Mitsubishi,Mini Cab,2012,Automatic,Petrol,650,125000,2275000
car,Toyota,Vitz,2009,Automatic,Petrol,1000,65000,3550000
car,Micro,Panda,2015,Manual,Petrol,1000,60000,1550000
car,Honda,Civic,2011,Automatic,Hybrid,1400,120000,3745000
car,Nissan,N16 Ex Saloon,2000,Automatic,Petrol,1500,198000,2350000
car,Toyota,Premio G Superior,2019,Automatic,Petrol,1500,21000,10850000
car,Toyota,Allion,2002,Automatic,Petrol,1500,120000,3390000
van,Toyota,KDH,2005,Automatic,Diesel,2500,230000,6225000
car,Tata,Indica,2008,Manual,Diesel,1500,115000,1550000
car,Suzuki,Wagon R Stingray,2018,Automatic,Petrol,650,56000,3675000
car,Mazda,Familia,2001,Automatic,Petrol,1500,140000,1850000
van,Toyota,Dolphin 172 Super GL,2001,Manual,Diesel,2000,250000,5400000
car,Toyota,Premio F EX G Superior,2018,Automatic,Petrol,1500,3350,10200000
car,Suzuki,Maruti,2004,Manual,Petrol,800,94000,975000
car,Suzuki,Wagon R FZ,2016,Automatic,Petrol,650,43500,1900000
car,Toyota,Vitz,2010,Automatic,Petrol,1000,100000,3550000
car,Toyota,Aqua G Grade,2013,Automatic,Hybrid,1500,100900,3200000
suv,Suzuki,Grand Vitara,2002,Automatic,Petrol,1600,100000,1875000
car,Toyota,Prius,2008,Automatic,Petrol,1800,75000,3075000
car,Renault,KWID,2016,Manual,Petrol,800,85000,1790000
car,Suzuki,Zen Estilo,2013,Manual,Petrol,1000,58000,2250000
car,Perodua,Kenari,2006,Manual,Petrol,1000,48000,1760000
car,Datsun,Redi-GO,2016,Manual,Petrol,800,32000,1850000
car,Honda,Fit GP5,2014,Automatic,Hybrid,1500,93800,3690000
car,Nissan,Tiida Latio,2009,Automatic,Petrol,1500,120000,3000000
car,Suzuki,Wagon R Stingray,2014,Automatic,Petrol,650,26000,2990000
car,Suzuki,Wagon R FZ,2018,Automatic,Hybrid,650,6000,3690000
van,Suzuki,Every,2013,Automatic,Petrol,650,125000,2790000
car,Suzuki,Maruti,2003,Manual,Petrol,800,25435,995000
car,Suzuki,Alto,2010,Manual,Petrol,800,123000,1495000
van,Nissan,Clipper NV100,2013,Automatic,Petrol,650,99000,2625000
van,Nissan,E25,2001,Manual,Diesel,3100,356200,3550000
pickup,Toyota,Hilux Vigo,2006,Manual,Diesel,3000,166000,5500000
car,Honda,Insight,2011,Automatic,Hybrid,1300,135000,3700000
car,Suzuki,Alto,2017,Automatic,Petrol,650,16850,3375000
car,Toyota,Vitz F,2018,Automatic,Petrol,1000,11500,5495000
car,Honda,Civic FD3,2008,Automatic,Hybrid,1300,119673,3550000
van,Toyota,KDH,2015,Automatic,Diesel,3000,74000,9500000
suv,Mitsubishi,Montero,2000,Automatic,Petrol,3400,133000,5250000
car,Honda,Fit GP5,2013,Automatic,Hybrid,1500,56500,3300000
car,Toyota,Prius,2012,Automatic,Hybrid,1800,109000,4850000
car,Nissan,Sunny N16,2000,Automatic,Petrol,1600,197790,2400000
car,Chery,QQ,2011,Manual,Petrol,800,75000,1125000
car,Suzuki,Swift,2004,Automatic,Petrol,1300,132000,2525000
car,Toyota,Axio X Grade,2008,Automatic,Petrol,1500,120000,4050000
car,Mitsubishi,Lancer GLX,2007,Manual,Petrol,1300,116000,2375000
car,Suzuki,Swift,2006,Automatic,Petrol,1300,94000,2400000
car,Suzuki,Alto,2015,Manual,Petrol,800,67000,1975000
suv,Honda,Vezel,2014,Automatic,Petrol,1500,86000,4250000
car,Toyota,Premio G Superior,2013,Automatic,Petrol,1500,91000,7190000
car,Honda,Fit GP5,2014,Automatic,Hybrid,1500,74033,3850000
car,Suzuki,Alto Japan,2017,Automatic,Petrol,650,14000,3100000
car,Suzuki,Alto,2006,Manual,Petrol,800,70000,1350000
suv,Nissan,X-Trail,2015,Automatic,Hybrid,2000,50000,6000000
van,Toyota,CR42,2000,Manual,Diesel,2000,300000,3450000
car,Suzuki,Swift,2010,Automatic,Petrol,1300,38000,3325000
car,Suzuki,Maruti,2008,Manual,Petrol,800,98000,1115000
suv,Toyota,CHR GT TURBO,2017,Automatic,Petrol,1200,16000,8090000
suv,Nissan,X-Trail,2016,Automatic,Petrol,2000,44000,7850000
van,Nissan,Caravan,2006,Manual,Diesel,3000,165000,4050000
van,Toyota,KDH TRH GL,2016,Automatic,Petrol,2400,75000,6950000
car,Suzuki,Alto,2015,Manual,Petrol,800,12000,2185000
car,Suzuki,Wagon R FX,2017,Automatic,Hybrid,650,39000,2750000
van,Toyota,CR42,2001,Automatic,Diesel,2200,215000,3950000
car,Nissan,Sunny N17,2004,Manual,Petrol,1300,150800,2265000
car,Chery,QQ,2011,Manual,Petrol,800,35000,1050000
car,Toyota,Corolla 121,2002,Automatic,Diesel,2200,300000,3300000
car,Honda,Fit GP5,2015,Automatic,Hybrid,1500,69000,4475000
car,Suzuki,Maruti 800,2003,Manual,Petrol,800,91000,950000
suv,Mitsubishi,Montero,2013,Automatic,Diesel,3200,82500,12700000
suv,Honda,Vezel Z Grade,2014,Automatic,Hybrid,1500,91000,5050000
car,Suzuki,Estilo,2012,Manual,Petrol,1000,71000,1900000
car,Nissan,Sunny Super Saloon,2008,Automatic,Petrol,1300,85000,2810000
suv,Kia,Sportage,2011,Manual,Petrol,2000,176000,3650000
van,Daihatsu,Hijet,2007,Automatic,Petrol,650,90360,2475000
car,Toyota,Carina,2001,Automatic,Petrol,1500,137000,3150000
car,Honda,Grace EX,2017,Automatic,Hybrid,1500,35000,5325000
car,Hyundai,Sonata,2011,Automatic,Petrol,2000,115000,3800000
van,Suzuki,Every,2018,Automatic,Petrol,650,17250,2625000
car,Toyota,Vitz,2017,Automatic,Petrol,1000,54000,4885000
van,Mazda,Bongo,2004,Manual,Diesel,2000,80000,2100000
car,Nissan,N16,2000,Automatic,Petrol,1500,136000,2275000
suv,Toyota,Harrier,2008,Automatic,Petrol,2300,108000,5575000
suv,Nissan,X-Trail,2015,Automatic,Hybrid,2000,66000,6250000
pickup,Toyota,Hilux,2001,Manual,Diesel,3000,350000,3875000
car,Honda,Fit Shuttle,2013,Automatic,Petrol,1300,170000,3600000
car,Micro,Panda Cross,2014,Manual,Petrol,1300,58000,1655000
car,Toyota,Vitz,2008,Automatic,Petrol,1000,94000,3000000
car,Suzuki,Wagon R,2016,Automatic,Hybrid,650,66000,2775000
car,Toyota,IST,2003,Automatic,Petrol,1300,108000,2890000
car,Honda,Fit Shuttle,2016,Automatic,Petrol,1500,85120,4950000
car,Toyota,Vitz,2016,Automatic,Petrol,1000,38000,4375000
car,Suzuki,Swift,2004,Automatic,Petrol,1300,160000,2150000
car,Hyundai,Elantra,2000,Manual,Petrol,1600,179000,1320000
car,Suzuki,Alto 800,2007,Manual,Petrol,800,74689,1435000
car,Chevrolet,Aveo,2010,Automatic,Petrol,1500,110000,2375000
car,Nissan,March K11,2002,Automatic,Petrol,1000,144500,1775000
van,Toyota,KR42,2001,Automatic,Diesel,2000,214000,3685000
car,Honda,Insight,2009,Automatic,Petrol,1300,134000,3225000
car,Suzuki,Maruti Sport,2010,Manual,Petrol,800,36000,1275000
van,Suzuki,Every,2015,Automatic,Petrol,650,32000,3075000
car,Suzuki,Wagon R Stingray,2014,Automatic,Petrol,650,107000,2990000
car,Suzuki,Wagon R Stingray,2015,Automatic,Hybrid,650,58000,3090000
car,Suzuki,Alto,2015,Manual,Petrol,800,59800,1795000
car,Suzuki,Alto,2015,Manual,Petrol,800,55000,1945000
car,Nissan,Tiida,2008,Automatic,Petrol,1500,89500,3100000
car,Toyota,Aqua,2014,Automatic,Petrol,1500,74000,3500000
car,Datsun,Redi-GO,2016,Manual,Petrol,800,15000,1790000
car,Suzuki,Maruti,2005,Manual,Petrol,800,90125,1025000
car,Toyota,Soluna,2002,Manual,Petrol,1500,100000,1650000
van,Toyota,KR42,2003,Automatic,Petrol,1800,180000,3475000
car,Nissan,FB15 Ex Saloon,2001,Automatic,Petrol,1500,130000,2400000
car,Toyota,Vitz,2018,Automatic,Petrol,1000,5100,5550000
car,Suzuki,Wagon R Stingray,2014,Automatic,Petrol,1000,48000,2650000
car,Toyota,Prius,2013,Automatic,Hybrid,1800,73300,4650000
suv,Micro,Rexton,2008,Automatic,Diesel,2700,126000,4550000
car,Micro,MX 7,2013,Manual,Petrol,1500,90000,925000
pickup,Toyota,Hilux Vigo,2011,Manual,Diesel,2500,134596,7550000
van,Suzuki,Every,2015,Automatic,Petrol,650,45000,3150000
car,Toyota,Axio,2015,Automatic,Hybrid,1500,87000,5490000
car,Renault,KWID,2016,Manual,Petrol,800,33000,1925000
car,Chery,QQ,2006,Manual,Petrol,800,54000,925000
suv,Mitsubishi,Montero,2013,Automatic,Diesel,3200,73000,13300000
car,Suzuki,Alto,2015,Manual,Petrol,800,48400,1995000
car,Kia,Rio,2006,Manual,Petrol,1500,205000,1290000
car,Toyota,Axio WXB,2012,Automatic,Hybrid,1500,22000,6450000
van,Suzuki,Every,2007,Automatic,Petrol,650,92000,2050000
car,Mitsubishi,Lancer GLX,2007,Manual,Petrol,1300,115000,2375000
car,Toyota,Premio,2017,Automatic,Petrol,1500,53131,9300000
car,Suzuki,Alto,2018,Automatic,Hybrid,650,6520,2550000
car,Daihatsu,Move,2017,Automatic,Petrol,650,6500,3890000
van,Nissan,Caravan,2002,Manual,Diesel,2500,175000,4000000
car,Toyota,Axio X Grade,2008,Automatic,Petrol,1500,123000,4295000
car,Suzuki,Maruti,2004,Manual,Petrol,800,72000,970000
car,Suzuki,Alto,2005,Manual,Petrol,800,90000,1425000
car,Suzuki,A-Star,2011,Automatic,Petrol,1000,105000,1990000
car,Hyundai,Accent,2001,Automatic,Petrol,1600,140000,1450000
car,Nissan,FB14,2002,Automatic,Petrol,1500,210000,1700000
van,Mitsubishi,Mini Cab,2016,Automatic,Petrol,650,4000,2850000
car,Hyundai,Matrix,2002,Automatic,Petrol,1600,134000,1650000
car,Suzuki,Maruti Zen,2005,Manual,Petrol,1000,117000,1325000
car,Suzuki,Wagon R,2017,Automatic,Petrol,650,48000,3190000
car,Nissan,Sunny,2001,Automatic,Petrol,1500,109430,2260000
car,Honda,Civic ES8,2002,Automatic,Petrol,1500,240000,2695000
suv,Honda,Vezel,2014,Automatic,Hybrid,1500,72000,4980000
car,Suzuki,Wagon R,2006,Manual,Petrol,650,63000,1475000
car,Suzuki,Alto,2014,Manual,Petrol,800,35350,1760000
car,Honda,Civic FD4,2007,Automatic,Petrol,1600,128124,3675000
car,Honda,N WGN,2018,Automatic,Petrol,650,18000,3500000
van,Nissan,Vanette,2006,Manual,Diesel,2200,231000,3200000
car,Suzuki,Alto,2015,Manual,Petrol,800,82000,1960000
car,Suzuki,Wagon R Stingray,2017,Automatic,Hybrid,650,35400,3050000
van,Toyota,Voxy,2014,Automatic,Hybrid,1800,60200,7350000
van,Toyota,KR42 Noah,2011,Automatic,Petrol,1800,99000,3490000
car,Suzuki,Alto,2015,Automatic,Petrol,800,54000,2100000
car,Toyota,Prius 3rd Generation,2013,Automatic,Petrol,1500,115000,4390000
car,Toyota,Premio 260,2012,Automatic,Petrol,1500,75000,6350000
car,Suzuki,Alto K10,2011,Manual,Petrol,1000,41000,1850000
car,Suzuki,Alto,2015,Manual,Petrol,800,93000,1750000
car,Nissan,FB15 Ex Saloon,2004,Automatic,Petrol,1500,124000,2775000
van,Toyota,Townace KR42,2007,Automatic,Diesel,2200,100000,4650000
car,Suzuki,Wagon R FX,2018,Automatic,Hybrid,650,32000,3275000
car,Honda,Fit GP5,2013,Manual,Hybrid,1500,73000,4600000
car,Suzuki,Wagon R ,2011,Manual,Petrol,650,97000,2175000
car,Nissan,Dayz Highway Star,2018,Automatic,Petrol,650,14000,3550000
suv,Mitsubishi,Montero Sport,2000,Automatic,Petrol,2500,148000,6500000
car,Toyota,Axio,2015,Automatic,Hybrid,1500,56000,5350000
car,Suzuki,Maruti,2006,Manual,Petrol,800,1234,1095000
car,Suzuki,Wagon R Stingray,2017,Automatic,Hybrid,650,36000,3050000
van,Mitsubishi,Mini Cab,2006,Automatic,Petrol,650,95291,2340000
car,Suzuki,Maruti 800,2004,Manual,Petrol,800,91000,935000
car,Suzuki,Maruti,2011,Manual,Petrol,800,41000,1625000
car,Suzuki,Estilo,2010,Manual,Petrol,1000,79100,1975000
car,Suzuki,Zen Estilo,2011,Manual,Petrol,1000,80000,1950000
car,Toyota,Axio X Grade,2010,Automatic,Petrol,1500,110500,4175000
car,Suzuki,Wagon R,2014,Automatic,Petrol,650,61000,2600000
car,Suzuki,Alto,2011,Manual,Petrol,800,62527,1750000
car,Suzuki,Alto 800 LXI,2015,Manual,Petrol,800,52000,1975000
car,Toyota,Axio G Grade,2011,Automatic,Petrol,1500,92000,4690000
car,Suzuki,Hustler,2019,Automatic,Petrol,650,1800,3375000
van,Toyota,CR42,2000,Automatic,Diesel,2200,209000,3550000
car,Micro,Panda,2015,Manual,Petrol,1000,59255,1390000
car,Suzuki,Maruti,2005,Manual,Petrol,800,65248,995000
car,Toyota,Prius 2nd Generation,2008,Automatic,Hybrid,1500,96000,3250000
car,Toyota,Prius,2009,Automatic,Petrol,1800,91000,3250000
pickup,Nissan,Navara,2007,Manual,Diesel,2500,152796,3750000
car,Suzuki,Wagon R Stingray,2015,Automatic,Petrol,650,69700,2875000
car,Toyota,Allion 240,2007,Automatic,Petrol,1500,185000,4375000
suv,Daihatsu,Terios,2008,Automatic,Petrol,1500,61000,3975000
van,Mitsubishi,Mini Cab,2018,Automatic,Petrol,650,24000,3150000
pickup,Mahindra,Bolero,2012,Manual,Diesel,2000,70000,1525000
car,Honda,Civic,2008,Automatic,Hybrid,1400,111600,3200000
van,Toyota,Hiace,2000,Manual,Diesel,3000,200000,4425000
car,Toyota,Aqua,2012,Automatic,Hybrid,1500,80000,3280000
van,Suzuki,Every,2013,Automatic,Petrol,650,53519,2665000
pickup,Mahindra,Bolero,2019,Manual,Diesel,1500,40000,2525000
car,Suzuki,Celerio VXI,2016,Automatic,Petrol,1000,41600,2850000
car,Toyota,Vitz Edition 2,2017,Automatic,Petrol,1000,29000,4625000
car,Honda,City,2002,Automatic,Petrol,1500,180000,1750000
car,Honda,Fit GP1,2012,Automatic,Hybrid,1300,49000,3675000
van,Toyota,Dolphin 172 Super GL,2002,Automatic,Diesel,3000,298050,6450000
van,Nissan,Super GL,2015,Automatic,Diesel,3000,110000,8350000
car,Suzuki,Alto 800 LXI,2015,Manual,Petrol,800,71000,1970000
pickup,Toyota,Hilux,2014,Automatic,Petrol,2000,136000,2350000
car,Toyota,Vitz,2017,Automatic,Petrol,1000,33100,5150000
car,Suzuki,Maruti,2006,Manual,Petrol,800,83000,1170000
suv,Honda,Vezel,2014,Automatic,Hybrid,1500,120000,4990000
car,Suzuki,Wagon R,2016,Automatic,Petrol,650,98000,2750000
suv,Honda,Vezel RS Sensing,2017,Automatic,Petrol,1500,38900,7060000
van,Toyota,KDH 201 Super GL,2013,Automatic,Diesel,3000,139450,8400000
car,Toyota,Belta,2007,Automatic,Petrol,1000,138000,3225000
van,Suzuki,Spacia,2016,Automatic,Petrol,650,46000,3290000
car,Toyota,Premio,2013,Automatic,Petrol,1500,65000,7150000
car,Suzuki,Swift Center Antenna,2004,Automatic,Petrol,1300,90500,2250000
van,Daihatsu,Hijet,2001,Manual,Petrol,650,163000,1750000
car,Suzuki,Wagon R FX,2016,Automatic,Petrol,650,28000,3025000
car,Toyota,Axio,2016,Automatic,Hybrid,1500,67000,5685000
car,Suzuki,Wagon R FZ,2017,Automatic,Hybrid,650,48850,1000000
car,Suzuki,Maruti,2011,Manual,Petrol,800,40000,1360000
car,Suzuki,Wagon R FX,2017,Automatic,Hybrid,650,72000,3190000
van,Nissan,Lion Face,2001,Manual,Diesel,2200,185000,3215000
car,Suzuki,Alto 800,2012,Manual,Petrol,800,25000,1760000
pickup,Mahindra,Bolero,2014,Manual,Diesel,2500,8500,1565000
car,Perodua,Viva Elite,2010,Automatic,Petrol,1000,75490,2375000
car,Suzuki,Maruti,2012,Manual,Petrol,800,38000,1400000
car,Nissan,March,2008,Automatic,Petrol,1000,111600,2400000
car,Suzuki,Swift,2008,Automatic,Petrol,1500,140000,2725000
car,Toyota,Premio,2019,Automatic,Petrol,1500,21000,8900000
car,Chery,QQ,2009,Manual,Petrol,800,65000,850000
car,Tata,Nano Twist,2017,Automatic,Petrol,650,100000,1325000
car,Toyota,Axio G Grade,2007,Automatic,Petrol,1500,133000,3675000
car,Suzuki,Alto Japan,2016,Automatic,Petrol,650,66000,2325000
car,Suzuki,Swift,2003,Automatic,Petrol,1300,110000,2450000
car,Toyota,Vitz,2000,Automatic,Petrol,1000,200000,2250000
car,Toyota,Premio G Superior,2018,Automatic,Petrol,1500,5000,10575000
van,Suzuki,Every,2015,Automatic,Petrol,650,94000,1125009
car,Suzuki,Maruti,2005,Manual,Petrol,800,107000,965000
suv,Toyota,CHR,2018,Automatic,Petrol,1200,8500,7950000
car,Toyota,Aqua,2013,Automatic,Petrol,1500,60000,3550000
car,Nissan,Dayz Highway Star,2015,Automatic,Petrol,650,50150,2850000
pickup,Mahindra,Bolero,2010,Manual,Diesel,2500,50000,1100000
van,Toyota,Dolphin,2006,Automatic,Diesel,3000,300000,3800000
car,Toyota,Axio,2015,Automatic,Hybrid,1500,81000,5600000
pickup,Toyota,Hilux,2017,Automatic,Diesel,3000,50000,10650000
car,Micro,Panda,2015,Manual,Petrol,1000,26000,1550000
car,Suzuki,Wagon R,2014,Automatic,Petrol,650,80000,2850000
car,Tata,Indigo,2005,Manual,Diesel,1500,80000,1300000
pickup,Tata,Xenon,2015,Manual,Diesel,3000,39000,1490000
suv,Honda,Vezel,2017,Automatic,Petrol,1500,74500,6890000
car,Nissan,Leaf Azeo,2012,Automatic,Electric,70,57000,1325000
car,Nissan,Sunny N16,2000,Automatic,Petrol,1600,222000,2200000
car,Toyota,Corolla 121,2003,Automatic,Petrol,1500,200000,3500000
car,Daihatsu,Mira,2017,Automatic,Petrol,650,5800,3075000
car,Suzuki,Swift,2008,Manual,Petrol,1300,81000,1985000
van,Nissan,Caravan,2015,Automatic,Petrol,2000,170000,3800000
car,Suzuki,Maruti,2006,Manual,Petrol,800,66500,1100000
car,Mazda,BJ5P,2003,Automatic,Petrol,1500,97000,2335000
car,Honda,Fit Aria,2004,Automatic,Petrol,1500,158000,2350000
car,Mazda,Demio,2000,Automatic,Petrol,1300,225000,1885000
van,Nissan,E25,2003,Automatic,Petrol,2000,127000,3700000
car,Perodua,Viva Elite,2011,Automatic,Petrol,1000,67000,2350000
car,Toyota,Prius,2013,Automatic,Hybrid,1800,57000,4450000
car,Suzuki,Maruti,2011,Manual,Petrol,800,60100,1480000
car,Nissan,N16,2000,Automatic,Petrol,1600,125000,2200000
suv,Kia,Sportage,2012,Automatic,Diesel,2000,67000,6790000
pickup,Mahindra,Bolero,2015,Manual,Diesel,2500,42000,1775000
pickup,Mahindra,Bolero,2019,Manual,Diesel,2500,800,2550000
car,Suzuki,Maruti,2004,Manual,Petrol,800,82000,870000
car,Toyota,Vitz,2000,Automatic,Petrol,1000,35000,2000000
car,Suzuki,Maruti,2012,Manual,Petrol,800,45000,1350000
car,Nissan,Sunny FB15,2001,Automatic,Petrol,1500,200000,2250000
car,Suzuki,Alto Sport,2015,Manual,Petrol,800,54000,1900000
suv,Toyota,RAV4,2002,Automatic,Petrol,1800,135000,3495000
car,Suzuki,Swift,2008,Automatic,Petrol,1300,93000,2800000
car,Toyota,Vitz,2018,Automatic,Petrol,1000,52000,5275000
car,Suzuki,Wagon R Stingray,2018,Automatic,Petrol,650,26000,3150000
van,Hyundai,H100,2006,Manual,Diesel,2600,175000,1950000
car,Hyundai,Elantra,2000,Automatic,Petrol,1600,136000,1875000
pickup,Toyota,Hilux,2009,Automatic,Diesel,3000,125000,6450000
car,Suzuki,Alto,2015,Manual,Petrol,800,53000,1760000
pickup,Mahindra,Bolero Maxi Truck,2012,Manual,Diesel,2500,56320,1600000
car,Mazda,RX-8,2009,Automatic,Petrol,1300,37000,4200000
car,Suzuki,Zen,2005,Manual,Petrol,1000,134000,1250000
car,Toyota,Camry,2007,Automatic,Petrol,2400,123000,4880000
car,Honda,Fit GP1,2012,Automatic,Petrol,1300,50000,3490000
car,Suzuki,Alto 800,2016,Manual,Petrol,800,70000,1750000
car,Suzuki,Alto,2015,Manual,Petrol,800,92000,1975000
van,Suzuki,Every,2007,Automatic,Petrol,650,120500,2575000
car,Toyota,Premio G Superior,2017,Automatic,Petrol,1500,38000,9475000
car,Toyota,Premio,2013,Automatic,Petrol,1500,116000,6575000
car,Suzuki,Zen Estilo,2010,Manual,Petrol,1000,65000,1890000
van,Suzuki,Every,2012,Automatic,Petrol,650,75000,2825000
car,Toyota,Corolla 121,2003,Manual,Petrol,1300,200000,2540000
car,Toyota,Allion 240,2002,Automatic,Petrol,1500,151000,3590000
van,Suzuki,Every,2010,Automatic,Petrol,650,114000,2100000
car,Toyota,Aqua G Grade,2013,Automatic,Hybrid,1500,83000,3590000
pickup,Tata,Xenon,2012,Manual,Diesel,3000,185000,1675000
car,Suzuki,Zen Estilo,2010,Manual,Petrol,1000,118000,1960000
car,Renault,KWID,2016,Manual,Petrol,800,32600,1925000
car,Suzuki,Swift,2002,Manual,Petrol,1300,210000,2200000
van,Nissan,Vanette,2011,Automatic,Petrol,1600,115000,4000000
car,Toyota,Roomy,2017,Automatic,Petrol,1000,6940,5225000
car,Toyota,Corolla 141,2008,Automatic,Petrol,1600,109000,3690000
car,Nissan,Wingroad,2000,Automatic,Petrol,1500,170000,1900000
car,Toyota,Aqua,2012,Automatic,Hybrid,1500,130000,3100000
car,Suzuki,Alto,2007,Manual,Petrol,800,110000,1380000
car,Honda,Fit GP5,2014,Automatic,Petrol,1500,66000,4200000
car,Toyota,Allion,2002,Automatic,Petrol,1500,167000,3500000
car,Suzuki,Wagon R,2017,Automatic,Hybrid,650,27000,3050000
car,Tata,Nano,2011,Manual,Petrol,650,153000,750000
car,Suzuki,Alto,2015,Manual,Petrol,800,45600,1980000
van,Nissan,Caravan,2003,Automatic,Diesel,2700,256000,3795000
car,Suzuki,Hustler,2016,Automatic,Petrol,650,58000,2950000
pickup,Mahindra,Bolero,2015,Manual,Diesel,2500,42315,2075000
car,Suzuki,Zen Estilo,2008,Manual,Petrol,1000,111000,1600000
car,Suzuki,Alto,2015,Manual,Petrol,800,62000,1950000
car,Suzuki,Alto Japan,2007,Automatic,Petrol,650,149500,1785000
pickup,Tata,207,2016,Manual,Diesel,3000,50000,2000000
van,Suzuki,Every,2016,Automatic,Petrol,650,10000,2675000
car,Suzuki,Maruti,2005,Manual,Petrol,800,135000,1060000
van,Toyota,KDH 201 Super GL,2015,Automatic,Diesel,3000,81000,9150000
pickup,Mahindra,Bolero,2014,Manual,Diesel,2500,42000,1600000
car,Toyota,Vitz Edition 3,2019,Automatic,Petrol,1000,14000,5650000
car,Suzuki,Maruti,2006,Manual,Petrol,800,46000,1010000
car,Suzuki,Swift Beetle,2011,Automatic,Petrol,1300,73000,3050000
car,Hyundai,Accent,2000,Manual,Petrol,1500,127500,1250000
van,Suzuki,Every,2012,Automatic,Petrol,650,99000,2975000
car,Honda,Civic,2000,Automatic,Petrol,1500,190060,2150000
car,Toyota,Allion,2004,Automatic,Petrol,1500,128000,3650000
car,Suzuki,Alto,2003,Automatic,Petrol,650,120000,1850000
car,Suzuki,Alto,2008,Manual,Petrol,800,111000,1550000
car,Toyota,Prius,2013,Automatic,Hybrid,1800,69000,5000000
suv,Toyota,Harrier,2008,Automatic,Hybrid,3300,177000,5190000
car,Nissan,FB15,2001,Automatic,Petrol,1500,130000,2190000
car,Perodua,Viva Elite,2012,Automatic,Petrol,1000,90000,2100000
car,Suzuki,Wagon R Stingray,2018,Automatic,Petrol,650,20748,3150000
pickup,Mahindra,Bolero,2015,Manual,Diesel,2500,45236,1958000
van,Nissan,Clipper,2008,Manual,Petrol,650,95000,1820000
car,Nissan,Cefiro,2001,Manual,Petrol,2000,290000,1890000
car,Honda,Civic,2002,Automatic,Petrol,1500,115780,2550000
car,Suzuki,Swift,2004,Automatic,Petrol,1300,110900,2375000
van,Micro,MPV Junior 3,2014,Manual,Petrol,1100,17200,1450000
car,Zotye,Z100,2017,Manual,Petrol,1000,50000,1735000
car,Toyota,Corolla,2006,Automatic,Petrol,1500,150000,3300000
car,Hyundai,Elantra,2001,Manual,Petrol,1600,161200,1175000
car,Suzuki,Alto,2015,Manual,Petrol,800,58963,1945000
car,Nissan,Bluebird,2003,Automatic,Petrol,1800,254000,1950000
van,Nissan,Vanette Lion Face,2001,Automatic,Diesel,2200,198000,3200000
car,Suzuki,Wagon R,2018,Automatic,Petrol,650,25000,3250000
van,Mitsubishi,Mini Cab,2003,Automatic,Petrol,650,91000,1775000
van,Nissan,Super GL,2008,Automatic,Diesel,3000,300000,6500000
car,Nissan,FB15,2001,Manual,Petrol,1500,158000,1830000
car,Toyota,Passo,2009,Automatic,Petrol,1000,112000,2840000
car,Mazda,Axela,2008,Automatic,Petrol,1500,140000,3090000
car,Hyundai,Eon,2015,Manual,Petrol,800,72627,1830000
car,Toyota,Premio F EX G Superior,2007,Automatic,Petrol,1500,120000,4550000
car,Toyota,Axio X Grade,2011,Automatic,Petrol,1500,140000,4250000
car,Suzuki,Wagon R Stingray,2014,Automatic,Petrol,650,110000,2775000
car,Nissan,Bluebird,2009,Automatic,Petrol,1500,110000,3900000
car,Suzuki,Alto,2015,Manual,Petrol,800,69000,1965000
car,Suzuki,Wagon R FX,2017,Automatic,Hybrid,650,48000,3085000
car,Nissan,FB14,2000,Automatic,Diesel,1500,223452,1700000
van,Nissan,NV350,2014,Automatic,Diesel,2500,123000,6900000
car,Suzuki,Swift,2007,Automatic,Petrol,1300,118000,2950000
car,Suzuki,Alto,2007,Manual,Petrol,800,82000,1350000
car,Nissan,Sunny FB15,2000,Automatic,Petrol,1500,180000,2275000
van,Suzuki,Every,2012,Automatic,Petrol,650,75000,3065000
suv,Mahindra,KUV 100,2020,Manual,Petrol,1200,55,3350000
van,Daihatsu,Hijet,2000,Manual,Petrol,650,244000,1590000
car,Toyota,Axio G Grade,2016,Automatic,Hybrid,1500,52000,5850000
suv,Mahindra,KUV 100,2019,Manual,Petrol,1200,86,3350000
car,Nissan,AD WAGON VY11,2003,Automatic,Petrol,1300,200000,1585000
van,Toyota,Dolphin,2001,Manual,Diesel,2000,205000,5200000
car,Suzuki,Swift,2017,Automatic,Petrol,1000,17800,5500000
van,Toyota,Noah,2004,Automatic,Diesel,1700,200000,3000000
car,Suzuki,Wagon R,2010,Manual,Petrol,650,32000,2000000
car,Toyota,Vitz,2008,Automatic,Petrol,1000,135000,3290000
suv,Toyota,CHR,2017,Automatic,Petrol,1800,50000,8500000
van,Suzuki,Every,2016,Automatic,Petrol,650,35000,2500000
car,Hyundai,Elantra,2000,Manual,Petrol,1600,122000,1465000
car,Toyota,Vitz,2015,Automatic,Petrol,1000,52000,4150000
van,Toyota,KDH 201 Super GL,2008,Automatic,Diesel,3000,92000,7650000
car,Kia,Carens,2002,Automatic,Petrol,1800,100150,1600000
car,Suzuki,Wagon R Stingray,2017,Automatic,Hybrid,650,26000,3650000
car,Honda,Civic FD4,2011,Automatic,Petrol,1600,77960,3990000
car,Toyota,Passo,2017,Automatic,Petrol,1000,35000,3475000
